market,variety,prediction_date,actual_date,days_to_next,predicted_price,actual_price,abs_error,predicted_volatility,actual_volatility
Jhargram,Super Fine,2023-04-11,2023-04-12,1,4500.57,4800.0,299.4300000000003,HIGH,HIGH
Siliguri,Other,2023-03-08,2023-03-09,1,2900.09,2900.0,0.09000000000014552,HIGH,LOW
Khatra,Common,2023-03-31,2023-04-01,1,2949.44,2950.0,0.5599999999999454,MEDIUM,MEDIUM
Kaliaganj,Fine,2023-11-07,2023-11-08,1,3799.99,3800.0,0.010000000000218279,LOW,HIGH
Jiaganj,Fine,2023-06-14,2023-06-15,1,3601.51,3600.0,1.5100000000002183,HIGH,MEDIUM
Pandua,Ratnachudi (718 5-749),2023-10-09,2023-10-10,1,3900.01,3900.0,0.010000000000218279,LOW,LOW
Bolpur,Common,2023-10-01,2023-10-02,1,3300.04,3300.0,0.03999999999996362,LOW,HIGH
Ghatal,Common,2023-06-07,2023-06-08,1,3200.0,3200.0,0.0,LOW,LOW
Burdwan,Common,2023-10-08,2023-10-09,1,3300.0,3300.0,0.0,LOW,LOW
Lalbagh,Other,2023-06-18,2023-06-19,1,3300.02,3300.0,0.01999999999998181,LOW,LOW
Champadanga,Ratnachudi (718 5-749),2023-05-29,2023-05-30,1,3700.0,3700.0,0.0,LOW,LOW
Kalipur,Common,2024-01-19,2024-01-20,1,3150.05,3150.0,0.0500000000001819,MEDIUM,LOW
Jhargram,Fine,2023-08-29,2023-09-01,3,5190.21,5200.0,9.789999999999964,HIGH,HIGH
Ramkrishanpur(Howrah),Other,2023-08-27,2023-08-28,1,3300.04,3300.0,0.03999999999996362,LOW,LOW
Haldibari,Common,2023-10-13,2023-10-14,1,3451.57,3450.0,1.5700000000001637,HIGH,LOW
Kolaghat,Common,2023-12-22,2023-12-26,4,3500.0,3500.0,0.0,LOW,LOW
Ramkrishanpur(Howrah),Sona Mansoori Non Basmati,2023-06-23,2023-06-24,1,3000.02,3000.0,0.01999999999998181,LOW,LOW
Diamond Harbour(South 24-pgs),Common,2023-10-06,2023-10-09,3,3100.02,3100.0,0.01999999999998181,LOW,LOW
Samsi,Fine,2023-04-29,2023-04-30,1,3700.01,3700.0,0.010000000000218279,LOW,HIGH
Tamluk (Medinipur E),Fine,2023-10-13,2023-10-15,2,3800.02,3800.0,0.01999999999998181,LOW,LOW
Durgapur,Fine,2023-10-21,2023-10-22,1,3050.04,3050.0,0.03999999999996362,MEDIUM,MEDIUM
Sheoraphuly,Ratnachudi (718 5-749),2023-10-20,2023-10-21,1,4000.0,4000.0,0.0,LOW,LOW
Samsi,Fine,2023-11-04,2023-11-05,1,3899.99,3900.0,0.010000000000218279,LOW,LOW
Bishnupur(Bankura),Common,2023-12-11,2023-12-12,1,3599.99,3600.0,0.010000000000218279,LOW,LOW
Burdwan,Common,2023-04-05,2023-04-09,4,2700.01,2700.0,0.010000000000218279,LOW,LOW
Ramkrishanpur(Howrah),Sona Mansoori Non Basmati,2023-10-05,2023-10-06,1,3399.94,3400.0,0.05999999999994543,HIGH,LOW
Purulia,Other,2023-12-27,2023-12-28,1,3403.13,3400.0,3.130000000000109,MEDIUM,MEDIUM
Champadanga,Ratnachudi (718 5-749),2023-10-26,2023-10-27,1,3900.0,3900.0,0.0,LOW,HIGH
Nadia,Common,2023-11-24,2023-11-25,1,3149.99,3150.0,0.010000000000218279,LOW,LOW
Bishnupur(Bankura),Fine,2023-10-14,2023-10-15,1,4200.0,4200.0,0.0,LOW,LOW
Durgapur,Other,2023-09-07,2023-09-08,1,2748.25,2700.0,48.25,HIGH,MEDIUM
Kalyani,Other,2023-05-09,2023-05-10,1,3000.02,3000.0,0.01999999999998181,LOW,LOW
Kolaghat,Fine,2023-05-17,2023-05-18,1,3299.98,3300.0,0.01999999999998181,HIGH,LOW
Kalna,Fine,2023-11-27,2023-11-28,1,3950.02,3950.0,0.01999999999998181,LOW,LOW
Kalyani,Fine,2023-06-03,2023-06-05,2,3399.75,3400.0,0.25,HIGH,LOW
English Bazar,Common,2023-12-08,2023-12-09,1,3799.99,3800.0,0.010000000000218279,LOW,LOW
Sealdah Koley Market,Fine,2023-04-08,2023-04-09,1,3400.02,3400.0,0.01999999999998181,LOW,LOW
Purulia,Other,2023-02-24,2023-02-25,1,3100.48,3120.0,19.519999999999982,MEDIUM,MEDIUM
Katwa,Common,2023-04-04,2023-04-05,1,2699.98,2700.0,0.01999999999998181,LOW,LOW
Pandua,Ratnachudi (718 5-749),2023-04-05,2023-04-06,1,3600.01,3600.0,0.010000000000218279,LOW,HIGH
Bethuadahari,Fine,2023-05-02,2023-05-03,1,3999.98,4000.0,0.01999999999998181,LOW,LOW
Ramkrishanpur(Howrah),Sona Mansoori Non Basmati,2024-01-24,2024-01-25,1,3400.03,3400.0,0.03000000000020009,LOW,LOW
Kalyani,Fine,2023-07-20,2023-07-21,1,3400.01,3400.0,0.010000000000218279,LOW,LOW
Islampur,Fine,2023-03-21,2023-03-22,1,4000.0,4000.0,0.0,LOW,LOW
Jhargram,Super Fine,2023-10-30,2023-11-01,2,5071.27,5000.0,71.27000000000044,HIGH,HIGH
Kalimpong,Other,2023-07-17,2023-07-18,1,6000.01,6000.0,0.010000000000218279,LOW,LOW
Kasipur,Other,2023-02-21,2023-02-22,1,3199.34,3150.0,49.340000000000146,MEDIUM,MEDIUM
Baruipur(Canning),Common,2024-01-27,2024-01-29,2,3100.41,3200.0,99.59000000000015,HIGH,HIGH
Nadia,Common,2023-11-21,2023-11-22,1,3149.98,3150.0,0.01999999999998181,LOW,LOW
Durgapur,Fine,2023-10-25,2023-10-26,1,3059.68,3050.0,9.679999999999836,MEDIUM,MEDIUM
Katwa,Common,2023-12-11,2023-12-12,1,2999.56,3000.0,0.44000000000005457,HIGH,LOW
Samsi,H.Y.V.,2023-06-22,2023-06-23,1,2900.02,2900.0,0.01999999999998181,LOW,LOW
Khatra,Common,2024-01-25,2024-01-26,1,3500.04,3500.0,0.03999999999996362,LOW,HIGH
Haldibari,Common,2023-07-07,2023-07-08,1,3101.97,3200.0,98.0300000000002,HIGH,HIGH
Jiaganj,Fine,2023-02-10,2023-02-11,1,3464.73,3490.0,25.269999999999982,HIGH,MEDIUM
Kaliaganj,Fine,2023-07-27,2023-07-28,1,3800.01,3800.0,0.010000000000218279,LOW,HIGH
Sheoraphuly,Ratnachudi (718 5-749),2023-12-13,2023-12-14,1,3999.98,4000.0,0.01999999999998181,LOW,LOW
Kalipur,Fine,2024-01-08,2024-01-09,1,3850.38,3900.0,49.61999999999989,MEDIUM,LOW
Medinipur(West),Fine,2023-08-28,2023-08-29,1,3800.01,3800.0,0.010000000000218279,LOW,HIGH
Memari,Common,2023-09-24,2023-09-26,2,3300.04,3300.0,0.03999999999996362,LOW,LOW
Islampur,Fine,2024-01-31,2024-02-01,1,3999.99,4000.0,0.010000000000218279,,
Haldibari,Common,2023-09-30,2023-10-01,1,3499.59,3450.0,49.590000000000146,MEDIUM,HIGH
Pandua,Ratnachudi (718 5-749),2023-06-02,2023-06-03,1,3600.05,3600.0,0.0500000000001819,HIGH,LOW
Baruipur(Canning),Super Fine,2023-09-20,2023-09-21,1,4600.15,4600.0,0.1499999999996362,LOW,LOW
Kasipur,Other,2023-10-10,2023-10-12,2,3601.56,3650.0,48.440000000000055,HIGH,MEDIUM
Kolaghat,Common,2023-02-12,2023-02-13,1,2700.0,2700.0,0.0,LOW,LOW
Ramkrishanpur(Howrah),Other,2023-12-27,2023-12-28,1,3600.0,3600.0,0.0,LOW,LOW
Beldanga,Other,2023-09-25,2023-09-26,1,3650.0,3650.0,0.0,MEDIUM,MEDIUM
English Bazar,Common,2023-03-16,2023-03-17,1,3450.06,3500.0,49.940000000000055,LOW,MEDIUM
Bethuadahari,Fine,2023-10-04,2023-10-05,1,4400.0,4400.0,0.0,LOW,LOW
Tamluk (Medinipur E),Fine,2023-12-14,2023-12-15,1,3800.0,3800.0,0.0,LOW,LOW
Nadia,Common,2023-10-05,2023-10-06,1,3100.03,3100.0,0.03000000000020009,LOW,LOW
Bankura Sadar,Common,2023-04-05,2023-04-06,1,2860.01,2860.0,0.010000000000218279,LOW,LOW
Ranaghat,Other,2023-10-27,2023-10-28,1,4600.0,4600.0,0.0,LOW,LOW
Kolaghat,Fine,2023-04-11,2023-04-12,1,3100.0,3100.0,0.0,LOW,HIGH
Jhargram,Super Fine,2023-02-17,2023-02-18,1,4499.59,4500.0,0.4099999999998545,HIGH,HIGH
Ranaghat,Other,2023-11-18,2023-11-19,1,4599.99,4600.0,0.010000000000218279,LOW,LOW
Diamond Harbour(South 24-pgs),Common,2023-03-27,2023-03-28,1,2999.86,3000.0,0.13999999999987267,HIGH,HIGH
Haldibari,Common,2023-04-27,2023-04-28,1,2800.19,2800.0,0.19000000000005457,HIGH,MEDIUM
Baruipur(Canning),Common,2023-09-07,2023-09-08,1,3100.41,3100.0,0.4099999999998545,HIGH,HIGH
Bethuadahari,Fine,2023-06-23,2023-06-24,1,4100.01,4100.0,0.010000000000218279,LOW,LOW
Kalipur,Fine,2023-04-21,2023-04-22,1,3250.01,3250.0,0.010000000000218279,LOW,HIGH
Uluberia,Other,2023-04-10,2023-04-11,1,3100.01,3100.0,0.010000000000218279,LOW,LOW
Jhargram,Super Fine,2023-04-12,2023-04-13,1,4796.78,4600.0,196.77999999999975,HIGH,HIGH
Garbeta(Medinipur),Fine,2023-04-12,2023-04-15,3,3500.0,3500.0,0.0,LOW,LOW
Raiganj,Fine,2023-08-04,2023-08-05,1,3600.06,3600.0,0.05999999999994543,LOW,HIGH
Kasipur,Other,2023-03-08,2023-03-09,1,3199.91,3200.0,0.09000000000014552,MEDIUM,LOW
Khatra,Common,2023-09-15,2023-09-16,1,3599.99,3600.0,0.010000000000218279,HIGH,MEDIUM
Kalimpong,Other,2023-02-03,2023-02-04,1,3499.97,3500.0,0.03000000000020009,LOW,LOW
Pandua,Ratnachudi (718 5-749),2023-11-26,2023-11-27,1,3899.96,3900.0,0.03999999999996362,LOW,LOW
Jangipur,Fine,2023-09-16,2023-09-17,1,3540.03,3540.0,0.03000000000020009,MEDIUM,LOW
Guskara(Burdwan),Fine,2023-09-12,2023-09-13,1,3500.01,3500.0,0.010000000000218279,LOW,LOW
Memari,Common,2023-12-22,2023-12-27,5,3399.92,3400.0,0.07999999999992724,LOW,HIGH
Bishnupur(Bankura),Common,2024-01-25,2024-01-26,1,3500.03,3500.0,0.03000000000020009,LOW,LOW
Kolaghat,Common,2023-05-06,2023-05-07,1,2900.0,2900.0,0.0,LOW,LOW
Ghatal,Common,2023-11-27,2023-11-28,1,3699.98,3700.0,0.01999999999998181,LOW,HIGH
Bethuadahari,Fine,2023-02-02,2023-02-03,1,4300.0,4300.0,0.0,LOW,HIGH
Kalyani,Sona,2023-05-31,2023-06-01,1,2400.03,2400.0,0.03000000000020009,LOW,HIGH
Jiaganj,Fine,2023-06-06,2023-06-07,1,3600.04,3660.0,59.960000000000036,LOW,HIGH
Ramkrishanpur(Howrah),Sona Mansoori Non Basmati,2023-06-26,2023-06-27,1,3000.02,3000.0,0.01999999999998181,LOW,LOW
