District,NDVI_2000_Autumn,NDVI_2000_Winter,NDVI_2000_Summer,NDVI_2001_Autumn,NDVI_2001_Winter,NDVI_2001_Summer,NDVI_2002_Autumn,NDVI_2002_Winter,NDVI_2002_Summer,NDVI_2003_Autumn,NDVI_2003_Winter,NDVI_2003_Summer,NDVI_2004_Autumn,NDVI_2004_Winter,NDVI_2004_Summer,NDVI_2005_Autumn,NDVI_2005_Winter,NDVI_2005_Summer,NDVI_2006_Autumn,NDVI_2006_Winter,NDVI_2006_Summer,NDVI_2007_Autumn,NDVI_2007_Winter,NDVI_2007_Summer,NDVI_2008_Autumn,NDVI_2008_Winter,NDVI_2008_Summer,NDVI_2009_Autumn,NDVI_2009_Winter,NDVI_2009_Summer,NDVI_2010_Autumn,NDVI_2010_Winter,NDVI_2010_Summer,NDVI_2011_Autumn,NDVI_2011_Winter,NDVI_2011_Summer,NDVI_2012_Autumn,NDVI_2012_Winter,NDVI_2012_Summer,NDVI_2013_Autumn,NDVI_2013_Winter,NDVI_2013_Summer,NDVI_2014_Autumn,NDVI_2014_Winter,NDVI_2014_Summer,NDVI_2015_Autumn,NDVI_2015_Winter,NDVI_2015_Summer,NDVI_2016_Autumn,NDVI_2016_Winter,NDVI_2016_Summer,NDVI_2017_Autumn,NDVI_2017_Winter,NDVI_2017_Summer,NDVI_2018_Autumn,NDVI_2018_Winter,NDVI_2018_Summer,NDVI_2019_Autumn,NDVI_2019_Winter,NDVI_2019_Summer
North Twenty-Four Parganas,0.5076662170276866,0.517603685259337,0.46798670067907167,0.5537952497785373,0.5526763763140224,0.45686989952452467,0.5293410602594689,0.5550526757503546,0.4514236167003569,0.5012678708717077,0.5564724002598447,0.44651273021976534,0.49655188606507145,0.532250299219379,0.43445028560581805,0.5109149788793136,0.552406190444383,0.45511955503318735,0.5334643170874592,0.5519106867180865,0.4530016292274667,0.5244924282490153,0.5532507525463457,0.46698733432767714,0.5186477126510283,0.5624749266742125,0.4715023967926583,0.501982782944024,0.5297663481490937,0.43524319556470265,0.5449629325146729,0.5507698620672203,0.42819754955138056,0.5408555793793905,0.5267664242397732,0.46027541178916814,0.49719608232050455,0.5491199531361807,0.4331175405234673,0.5795633770630004,0.5614607930521287,0.4648739542716006,0.5540294247670023,0.5638798679281831,0.44784034964061536,0.5512819500605369,0.5608296764545899,0.4759366998872696,0.5532374809305078,0.5585049300771249,0.48153624424032926,0.5555561227706208,0.5736779937138321,0.4795456967227217,0.5530841285775981,0.5496675972354896,0.48147446935761307,0.5565531054925691,0.5788029093237919,0.5011549532553778
Alipur Duar,0.6666437834383673,0.6691953849672609,0.5282948652630515,0.6876395146560017,0.6789095816158308,0.5681087455047705,0.7017387743766071,0.6871477286837471,0.5770299451738495,0.6747565340623465,0.6824590956741685,0.5713949244119552,0.6766553149345855,0.6832357459798639,0.5728845357875225,0.6914074887636992,0.6917737465199715,0.5975023508188309,0.7190712181019794,0.7018200670288924,0.563237588275023,0.6953869118546923,0.6792667745690765,0.595618990181534,0.7036432769903428,0.6907340774041637,0.5767184768464347,0.7205701060602054,0.7031206340236462,0.5484442711552766,0.7027601632940015,0.6915832946486825,0.5755913445526404,0.7231275138229885,0.7049295048477865,0.6053774346158894,0.7120608194165987,0.7052681628648146,0.5478028791950548,0.7262263140346693,0.7206417933800352,0.5654151001854123,0.6989512987712638,0.7009500548708878,0.5627050424231637,0.732378002074035,0.7208833356488719,0.6014589679312423,0.7400036645361878,0.7180314292689223,0.613169544140605,0.734825552120603,0.7250778378911213,0.6302544315388113,0.7287378568906568,0.7165230839395281,0.6096677539171915,0.7457157284153042,0.7345322577910114,0.6411055237115798
Bankura,0.5123180210751296,0.544279882290265,0.40239340736012225,0.5619327117422203,0.5871985491060832,0.37823856305352593,0.5165341444625204,0.5727673920640758,0.385999331643575,0.4805370109130786,0.5743838224379159,0.38628049199729003,0.5312819826210953,0.588878417018034,0.38383930020898066,0.529506098957074,0.587650930324688,0.398660810691676,0.5869338269515186,0.5885852230858785,0.4101968548032796,0.5447722953771721,0.5804144870879,0.42395286386640785,0.5703457015254364,0.5935905173947039,0.399634265737711,0.5514912962983953,0.5834202877039507,0.36996896172106103,0.5114206428305367,0.5670500159042822,0.36586742928484733,0.5815858081146793,0.5839968969277729,0.4431036450868271,0.5300734440075411,0.5942395142404027,0.3912477904288127,0.5992234808363012,0.6228904945147666,0.4203489728942694,0.5488310829009452,0.5943955401789645,0.4085820569288538,0.608498170325407,0.6205625005664426,0.4386191040858773,0.5497626915051587,0.6234823658716128,0.38787191866161247,0.6140724735320083,0.646106526879187,0.4470516601264032,0.6084482859733905,0.6170343616391187,0.47961569609309684,0.6038515024960723,0.6338085694647746,0.48910308131568253
Birbhum,0.49002478734119587,0.5330659352323113,0.4022084336707501,0.5490941861578645,0.5895329191755723,0.35008069207845244,0.5484881929918772,0.5741227788630778,0.4054062477437453,0.4781555657127681,0.5805814608967587,0.3952663210943737,0.5320559785056438,0.5845346373372611,0.3957075777316077,0.5392169684087588,0.5986706962379779,0.40696010188944637,0.555068871648213,0.5823338318089332,0.3769368311885597,0.5486228608208108,0.6010892361652651,0.4172978276551828,0.5413491058872174,0.5862464347687197,0.40280163033090677,0.5265896982476955,0.5888503495999513,0.3823850418774761,0.49406802993924326,0.5970315483190738,0.34427443529266044,0.5607015166519508,0.5686463672599392,0.44004063152194434,0.5094238092597974,0.62240280363322,0.34989357032101787,0.5923902487201705,0.6203999615882332,0.40081318580902786,0.5395536716348311,0.5933260391175764,0.41614875001892604,0.5607282913853626,0.6098002342780015,0.41903365653062885,0.5662499220779593,0.6442943652773679,0.41033414171459237,0.6048013257922423,0.6362002247417711,0.45140257975250486,0.5807119146545683,0.612201641336389,0.4581811296225163,0.57314693106419,0.6175624668622199,0.4714507082281006
Dakshin Dinajpur,0.5622318077273335,0.5716656997661786,0.4136222727422791,0.5098202138711643,0.5745361182034436,0.36054626868268497,0.5908690484813709,0.5874923570641974,0.42987782317558487,0.5135945961910677,0.5772458823912298,0.4168350524488567,0.5323331813842886,0.57709198430691,0.4133253727588286,0.54228080430979,0.5927524165269358,0.4245856729659268,0.5728636572624668,0.5816531104695564,0.43851194293103046,0.585696522110532,0.6192781351864833,0.440510086360424,0.6025586217779652,0.5952610488958301,0.4417735763852903,0.5815899905471095,0.6139112794672847,0.43497230311030644,0.5695974383881913,0.6285821330135539,0.40825423441033015,0.6162573805127968,0.5997502321420553,0.48110592276023334,0.5770767698599661,0.6445746883366262,0.38418853676987585,0.6536889433162529,0.6453023106582738,0.4299880616030504,0.5865839465456482,0.6080942599434497,0.43198200755972804,0.6031469416624162,0.5973891868803357,0.49788158403831806,0.6144502084733771,0.6549653807612987,0.41510085303089767,0.6395515449917688,0.6115360692733116,0.5300789596379794,0.6619208218340433,0.6423358066136406,0.5031478736805501,0.6451511830846652,0.6486795182475504,0.5388961180781912
Darjiling,0.7333503768788255,0.7414992560201761,0.5602843768520616,0.7372368471230949,0.7516082906421852,0.5675848536815148,0.7568734687359239,0.7572719765086101,0.6081928435392382,0.724491033895377,0.7496536623057063,0.6000988539293476,0.7364922380831721,0.752063927873174,0.6277477547920215,0.7438114257685469,0.7611325994072177,0.6231214549132564,0.7544010639084187,0.7558989931295367,0.6044301354628969,0.746049491550187,0.7539536904067982,0.6470241163613252,0.7526987551790892,0.7601204833997195,0.6219610873607959,0.749377485491437,0.7625844446017985,0.5883074709503467,0.7411446133827209,0.7568951227291681,0.5962431180637048,0.7711970825347598,0.7704988909259796,0.6206282107443205,0.7408575144924362,0.7598122489575954,0.5913719968817892,0.7642861584054028,0.7784860201987415,0.6081516407659481,0.738535674668061,0.7665814734741909,0.5988611897631934,0.7814242430521758,0.7797780506937998,0.6445482964744987,0.7649984351768896,0.7808464311586449,0.630598042424619,0.7764447549958632,0.7811794569098188,0.6629195707803028,0.7607078235899334,0.7643429978942933,0.6527374598126541,0.792026769032517,0.7883770757714642,0.680971804504028
Haora,0.5229590599906753,0.5651601255965938,0.507514343744699,0.5777699883972025,0.6057031297233376,0.509780948039802,0.5525382838706784,0.5958020311343002,0.4899701513896804,0.5262356456251266,0.5957529900917286,0.4878984639099518,0.5236183578189656,0.6006201351885474,0.47367971390295815,0.5565564580158842,0.6004130490032409,0.5140689459040327,0.5350013996851088,0.5693659663555533,0.5092962324397875,0.5111736303312682,0.5488734531865517,0.5230852448729686,0.5417190302786024,0.5956899191049686,0.512757724937838,0.5317121162148979,0.5795978913650496,0.47925753234123786,0.5797956399351604,0.6162645265062566,0.4957836217019302,0.5636128695022482,0.569212024903277,0.5373352462205863,0.521224846239695,0.6078585507102393,0.4809869068086305,0.5970567963424672,0.6208259181815943,0.5227759558725048,0.5784002933219551,0.6064293770170021,0.5139204128989224,0.5747400695622504,0.5940238179349789,0.5306616844078733,0.5595270199784115,0.6209921998563609,0.5319329885142629,0.5872571450722655,0.6383230526575073,0.5299344186991066,0.601625464672769,0.6129486309596647,0.5360101168326232,0.5987974731595114,0.6311775804081112,0.553428997991982
Hugli,0.5616215668580916,0.5758711759367564,0.5074749939680886,0.6438162363947633,0.6141966867666774,0.5046550810655601,0.5946226250083305,0.6197032531985736,0.487018433344087,0.5535566395784706,0.611374330824461,0.48727691182308525,0.5645816798068615,0.6062694104053203,0.47954323455740483,0.5798561794533743,0.6204916923017051,0.5041976107743492,0.6108693272355471,0.6148156278628266,0.5034814626957271,0.5841029532192266,0.5896505091648058,0.5315979534267361,0.6138192060608267,0.6122553247879344,0.5243760465427343,0.5913088966087167,0.6119825034100737,0.48668010922501664,0.6121667712948902,0.6268842263121891,0.48045783625238425,0.6172655733019556,0.5853234743959177,0.5439660884709016,0.5841225019172571,0.6220123793987669,0.4736577740938766,0.6613894171490857,0.6316916547335977,0.5045172966301295,0.633417798467611,0.6336053856530914,0.510331990547272,0.6573902622231288,0.6492902834464092,0.5241774594647274,0.6193498051909542,0.6391274961555586,0.51219717396264,0.6635994809139916,0.6698011340722794,0.5232501932828489,0.6330537731918582,0.6352825334946033,0.5453874019316525,0.6481242315375889,0.661077497394615,0.562091947142737
Jalpaiguri,0.6163866155608296,0.6165097625226426,0.476546556872628,0.6419315928145125,0.6342035016876736,0.5070887177257174,0.6554261734867488,0.6400980880145922,0.5317704803804363,0.6303277622333461,0.6342033430837275,0.5264093241336494,0.6395171260002084,0.6431524350663971,0.5341905661577303,0.6614809976757432,0.655186680653692,0.5669594038574998,0.6747558964667538,0.6571419073222318,0.529656473661297,0.6590227138842567,0.6402388058096387,0.5682420913598778,0.6671831985783807,0.6488020691196901,0.5331739136568425,0.6841904745091955,0.6592161473075571,0.5181220993157034,0.6691542145052314,0.6603864152113909,0.5378433034877675,0.6936447255598476,0.6721111957578766,0.5611267468061314,0.6776323216531017,0.6707534290037308,0.522939131642515,0.6895867031458601,0.6833374247785101,0.5326858019668077,0.6618599132126062,0.6583801664016692,0.5238060578438388,0.696269438239264,0.6804329725445103,0.5749087155452517,0.7056681731089335,0.6760627136458963,0.5774111572873468,0.6988377845208535,0.6805319305607656,0.5919794952033456,0.7017493344351448,0.6709487261987108,0.5790574068028235,0.7151390642549972,0.6941416636289847,0.6006056447100737
Jhargram,0.5342795543620944,0.5810887466393131,0.38889323456480634,0.5909327381767213,0.619234103500612,0.3864029793924993,0.5188035574301766,0.5870144518670642,0.40614167475943885,0.4734337888785063,0.6022379731200769,0.37416452652773097,0.542114907764592,0.6040764274025635,0.3958367690788723,0.5302111051715837,0.6006465308975009,0.41047322918886314,0.5680406771836559,0.599618322833802,0.39290287711177196,0.5372969857136963,0.5922180460110776,0.41821369620671944,0.5550347517960125,0.6026564458904662,0.4086088801535623,0.544636322519619,0.5988579117317483,0.36199242432168705,0.5352379322542349,0.6061325530269449,0.36819056815935086,0.5990459084745194,0.6237384509210667,0.4595245697403239,0.528295734980812,0.6170745110403661,0.39177250914658274,0.5800167076327281,0.6460769752107949,0.4227197293669611,0.5686664321591743,0.6289098575402192,0.42796525790462575,0.6142079497093526,0.6402171641051909,0.44853309419341864,0.5598903790770406,0.6462838887419496,0.40268307525329683,0.6252595150485785,0.6784431086717927,0.4530995882420705,0.6198451126059776,0.6363008570650609,0.4949062603117447,0.6178847689798702,0.6668758520841142,0.538169221585594
Kalimpong,0.7720083349551897,0.7881517205692806,0.606011947479646,0.7760014811755208,0.7988708790093418,0.6142263449191031,0.7919159594973494,0.8020970267617389,0.6505680817722558,0.7625948745108264,0.7995594017506806,0.6463119620860482,0.771850707687117,0.798909894662472,0.6725012732721345,0.7874497578567009,0.8041192146394748,0.6710021014158994,0.7987405661189034,0.8032720120918689,0.6623981219076331,0.7833357993578988,0.7952457409046563,0.6925664535765447,0.8005782349060523,0.8129508541411038,0.640088180787395,0.7921632542601483,0.8001304920020567,0.6329912765654068,0.7857166897549119,0.804287716544157,0.6310190691783663,0.8101407413970685,0.8131823728849604,0.6642213256623697,0.780505691839841,0.8070169137186248,0.6334960234618987,0.8092852927309094,0.825908755477204,0.6620765925988991,0.7680304711086139,0.7997344589091087,0.644466867161369,0.8208828899880638,0.82215147079311,0.6801269187912975,0.7869099242342038,0.8190078417889315,0.682932854766944,0.8165622615782163,0.8255658292357,0.7003717981191868,0.8008698047577046,0.8147575655156079,0.6905011925080744,0.8287163979200212,0.8277801263061898,0.7242817139258783
Koch Bihar,0.5936321250866767,0.5728311989365458,0.44311366146580117,0.6180217555326886,0.580964055762632,0.4667013545317359,0.6354207508278367,0.5936281596779492,0.4951104220993091,0.5885333910662897,0.5810154837292358,0.49571916025916624,0.608521921227562,0.5863844656364432,0.49307034838394126,0.6352798621644318,0.6045368941752858,0.5268262154491,0.6443726478126771,0.6066546548183515,0.48217519391159397,0.6453340261537203,0.5904980588437113,0.5107019297096403,0.6330949386303768,0.5840136667770762,0.5195916270605798,0.659115401447549,0.6252451604257293,0.4949204848557345,0.6529821720806278,0.6112592743478406,0.5078260558803681,0.6627919906344746,0.6180990618676142,0.5408838712118497,0.6638597382676651,0.6316617481262901,0.5089081680544443,0.6771330505835504,0.6470005154300231,0.5110631181745795,0.6570525724068282,0.623107947574771,0.5172065726954648,0.6611476178540016,0.6236686970290056,0.5644785598827425,0.6887730079585921,0.633608232281181,0.5519831892614137,0.6723717110565482,0.6434432095169745,0.586633398729423,0.672567613499007,0.627379292363407,0.5691467760744078,0.6985787569662699,0.6626499542917389,0.5949964375255097
Paschim Barddhaman,0.4998489362439642,0.5304907367297381,0.39368544305666753,0.5385616724963342,0.5776272376341909,0.3690739920548651,0.4983236800319051,0.5567407756096546,0.3749813249734533,0.4669700356153344,0.5555092004580173,0.37905113565418774,0.5042807200066187,0.5695914678803631,0.35791155102752453,0.5006562192276175,0.5626173615166228,0.3706769909659576,0.5442962824011262,0.5610135699437789,0.3872290161208044,0.5222988559770445,0.5577778911548836,0.41540235886847254,0.5198760834885372,0.5644455663504339,0.35243601571158306,0.4936043234641098,0.5341696758222362,0.3272803696138313,0.46566186663664505,0.5409203379406675,0.3130932946474969,0.5173150495851175,0.5320873317754296,0.3818287944850139,0.46645090543822293,0.5650133865087474,0.3153221461979653,0.5274692919811261,0.5843392996523669,0.37070674706870027,0.49158346104156736,0.5516067233777473,0.36128438853955536,0.5617532243420399,0.5706946272368897,0.39834649477866246,0.489775140612486,0.5823286280124543,0.33817006190799204,0.5515299519659994,0.5933022634727504,0.40205570279976177,0.5435916906539148,0.5564568261547745,0.4102123326739163,0.5467440470980929,0.5875207062189395,0.4280885214244838
Paschim Medinipur,0.542283125895721,0.5896887856730528,0.442632197544645,0.5969522023419015,0.6193071784809061,0.4352244586875456,0.5377606158568807,0.5959532477717783,0.4322835708219869,0.5031579549171412,0.610995950253523,0.4244604497460331,0.5390177365799604,0.6112170194890437,0.4211172259766628,0.5527436646006778,0.6098826141222438,0.4574550492412076,0.581545897976316,0.6139238809836489,0.4483453924764034,0.5259369815205688,0.581928704678787,0.45858473353790735,0.5741266066520528,0.610757171859779,0.47471190185460216,0.5474047438076712,0.6169391373412876,0.4152915849178943,0.5688559355385967,0.6297251518201452,0.4179869434504105,0.5983217597593276,0.6147568147791509,0.5104215219677003,0.5315821825650803,0.6254013280298787,0.4398566797872673,0.5970362651542457,0.6465010585205471,0.49152521419858364,0.5856748951620129,0.6330938121851963,0.48387244225919135,0.6359833169891499,0.6697156323052909,0.5130758407808066,0.5878623671896496,0.6533564932879709,0.48260264018880844,0.6221743402887914,0.684810042553219,0.5088944123994433,0.6250572130910372,0.6455845789129263,0.5461309628176828,0.6116910742655479,0.6654147817621214,0.5554612993467762
Purba Barddhaman,0.4839648522553457,0.5287816742232806,0.4834633450973679,0.5881038136205706,0.6056717485469281,0.4619849690550215,0.5600425912972707,0.6005088339245336,0.47648832269874547,0.49809144958452717,0.586145913895232,0.45858906869291494,0.528182864306348,0.5908034047403923,0.44067532834906675,0.5625912326698549,0.6261530468173129,0.45421667547747246,0.5603963207097401,0.5945930772064671,0.44170891115267746,0.5389724341444952,0.5840287709442764,0.48086535682093,0.5836338107228669,0.5993437821333862,0.4875199793492164,0.560903938400519,0.6080655351213752,0.45629840713008424,0.5462677966283769,0.6096069348260419,0.4509100269829992,0.5861202828930743,0.5890888223269568,0.4921761551997031,0.5359819593025167,0.6260377403444127,0.424211717861016,0.6305039620975461,0.6315233842522805,0.4655201885523167,0.5721375103755,0.6310214621398751,0.46213737590568277,0.6041778776901978,0.6546236687387976,0.4753582240882697,0.5671030409878008,0.6501481316005014,0.4442038856962827,0.6245438027620507,0.6579459401805693,0.5029167576341426,0.5728275716626875,0.6136735991701688,0.5013578780199779,0.5939191240437212,0.6370320535237164,0.5158957455548373
Purba Medinipur,0.49873879014355277,0.5792032927453328,0.4387667478504468,0.5624858377970625,0.6200163798275845,0.4457517059932661,0.5250200083267675,0.6005095040679032,0.4222637612093414,0.4803296550098538,0.6081230665068108,0.42484439532996027,0.47556080460090233,0.5862770216539727,0.40962720987393186,0.518705787640351,0.5729796639742678,0.45983378816535525,0.5260579987397046,0.5954650674014248,0.4507201878662689,0.44344738733417366,0.5405544672551933,0.4509358805161507,0.4990684519161511,0.5844021335954218,0.4700006372585967,0.5243880232568503,0.6151293248251127,0.42131445750533175,0.5461902044568571,0.6351407551414398,0.43206071046875516,0.5563516930299736,0.5883683979707802,0.49502570592591794,0.4846725925561203,0.6250076619100754,0.4184749663657121,0.564062932356448,0.6126100152773077,0.4905069263616316,0.5369645392068683,0.601071108866624,0.4852687999114333,0.563905106696001,0.6334270449289346,0.5048522685299084,0.5395511026881765,0.6480878959273646,0.47574297979699715,0.5678701159096462,0.6683668725149209,0.5145754674003122,0.5719174858461507,0.6220906997550267,0.5160968843500305,0.5640819032786669,0.6520715035140097,0.5274791784474164
Puruliya,0.48552123542391135,0.5262206536634445,0.3536536760840505,0.526853949172539,0.5801246096908722,0.3213430382536002,0.46763682662277406,0.5430378349788094,0.322221569980627,0.4319715357764398,0.5401054411945723,0.3332641371713154,0.5096390659354086,0.569038496083956,0.348489663428106,0.4735816827731051,0.5454614773834958,0.3175213741719204,0.5517753515112097,0.55581467819965,0.3527030198663148,0.5054106367016795,0.5538039349083035,0.3603019691513054,0.5075951281508982,0.5698694681562648,0.2969839774849704,0.4951339409671515,0.548425221912369,0.3026751103951532,0.4504203780457919,0.5301637939194157,0.30665712254497757,0.5172676932604882,0.5653868763252585,0.35312529654366376,0.4764945545432237,0.5575347683498635,0.3369049994603746,0.5152136899885841,0.6019884201216821,0.3661122793879448,0.5101967358468532,0.5700249383581635,0.3696039173705778,0.5630261772094545,0.5732843137117604,0.3774158801830942,0.4822409706107595,0.5893683870074609,0.3004861668093043,0.5733414296335015,0.6283400613856343,0.3723701326193748,0.5778793208668965,0.6040766269067056,0.3952286467088873,0.5507435201210321,0.6163828685815954,0.42035129819444383
South Twenty-Four Parganas,0.5470964253020683,0.5933024084361673,0.45193662275272994,0.5935607635691763,0.618068362350521,0.4554113682517274,0.5554583209905964,0.5985153761169847,0.4455409943810278,0.5133504713899574,0.6028837447911893,0.4399214476111732,0.5220172326479687,0.588412843704629,0.43033951050441965,0.546799965139528,0.593118096265511,0.4651322357800807,0.5031187553568337,0.5751802671013347,0.45607125418754774,0.4919045215327156,0.5752977980387379,0.454573125799051,0.5435887823735341,0.6043726168024125,0.46179527582870444,0.5393814783571663,0.5837400730171062,0.43479434430376085,0.5552568504121367,0.5938934019633654,0.41927428508839504,0.5488062445212312,0.5848825518865433,0.46643812649957456,0.5088195254288981,0.6190847285829529,0.42817938733690397,0.6113917334417748,0.6212807777792732,0.47466798733308313,0.5651676806419952,0.6074850480615924,0.4754758786302638,0.5731679871096726,0.6213419923122986,0.4844492930163726,0.5404309630261227,0.606204903485133,0.4772648859866337,0.5594310426510808,0.635242150141213,0.5001314432340952,0.5891669835796873,0.612991383665218,0.4969413628414441,0.5763946277481121,0.6188501840362662,0.5098972516530113
Uttar Dinajpur,0.5961577912172393,0.5790761428902558,0.4512705973168183,0.5720275735501106,0.581819993797542,0.43190499777023095,0.6256839983701846,0.5821490878917418,0.4778975647373335,0.568006494352067,0.5930845576020992,0.46003082760810166,0.5801678165635861,0.5936938652522287,0.47648681229343676,0.5957566990322049,0.6115231040361435,0.47996500377522133,0.6392534335143419,0.6086678355512635,0.47747879531408105,0.6131334872439806,0.6062389813403694,0.46567163183154175,0.6223054746279262,0.5955701853372908,0.5029460970631278,0.6233039481686853,0.6143146555512509,0.485973354670058,0.6167049054164929,0.625776295098119,0.48357921373929447,0.6514604862587533,0.6166039382966494,0.5268774255675543,0.6252870494324395,0.6419053201717166,0.4773072409755316,0.6869391469389634,0.6503012796582769,0.4956900806888702,0.6338301538734321,0.6231369881291897,0.5002223304152771,0.6398158277231423,0.6100818800834298,0.5535885813191345,0.675704058942878,0.6583666984605546,0.514684601642297,0.6520427133675132,0.6435734358401265,0.5785021747594161,0.679162172987016,0.6378666766184103,0.5884867994524318,0.6686059450864545,0.661493205838467,0.5940647809302995
Kolkata,0.38597904316143516,0.3826278620956304,0.34587036963741546,0.43494578207344586,0.4229213402244163,0.35487026908967095,0.37934896603982393,0.40436844779739445,0.34105647988481574,0.3905308228250013,0.3952773152674859,0.3380757091991122,0.3784587387257136,0.37554667527663266,0.33134346652769486,0.40036751985754854,0.40248862583617484,0.3439823017430215,0.38182184485421533,0.3819922926354447,0.3196363346866692,0.3911111190839258,0.393627840697576,0.3288080889504301,0.34715239295228545,0.3800632851031609,0.32471552032378126,0.3542407960438637,0.3632633600363693,0.30595480407174364,0.38472381997537275,0.36519959499962074,0.30619173916614495,0.4127691921342394,0.3619424471793587,0.3305151428557551,0.36572193550970156,0.384621876569801,0.31385501805092164,0.4358125046194509,0.3907677381748313,0.3126188124163616,0.38189019110834116,0.37439443022799335,0.3112861824662737,0.39699075912004694,0.38743251128395745,0.33634883711176516,0.38377994255297887,0.3887837214740577,0.33747912309638944,0.3856887401334186,0.4109962848284196,0.3300710107794319,0.4092453288751422,0.37960765419455306,0.3272633169588721,0.39303757539968415,0.40088463143512687,0.35516464099543693
Maldah,0.5099025916868405,0.5114667793380402,0.4733751192292291,0.5101805575644061,0.520250860259854,0.4279828419523426,0.5332290629139846,0.5370938198885526,0.4634810491861619,0.49537306806303644,0.5257021739122588,0.46250973915170657,0.513352573435395,0.5321878508894214,0.4456385580278204,0.5147883748234671,0.540638157684971,0.4538452891590537,0.5591424083353613,0.5505852504696102,0.4630304808329667,0.5328074763212486,0.5599321995789802,0.45722054043577187,0.5385581053649184,0.566786272996196,0.45435051843632784,0.5491816042266623,0.5726805344543541,0.44203218805461064,0.5242551913655438,0.5859669348974121,0.4205393158212988,0.5613167121078023,0.5515151083936445,0.47068194257778834,0.513197645837949,0.5766809315857979,0.4075397445322727,0.5823538352012887,0.5854408549465815,0.4488162919901653,0.548246068731933,0.566510864830626,0.4644975413250407,0.5751725389759522,0.5732337849228173,0.4961067371024626,0.5694278285790988,0.597424039561944,0.45274436501102316,0.5807192896611303,0.5728116936404344,0.5054717648985898,0.6054909611698813,0.5926735385049552,0.5296148866041039,0.5949881333275152,0.5865987982422631,0.534537412786565
Murshidabad,0.4636647326911505,0.46376523214213955,0.44818934707353897,0.5192556146057851,0.5299235819610774,0.4075994274194093,0.5595185881364318,0.536666045435656,0.4576352319931837,0.4668714003446532,0.5319735367756783,0.41788531203264245,0.496937256057807,0.5199150236373141,0.4189052404411175,0.514548159455613,0.5405838684592139,0.43738779094205155,0.5429234205032,0.5295695598911855,0.4431797415263302,0.5297959620325583,0.5335707546732297,0.46567889879279317,0.5238886875828243,0.5422117482411424,0.45277267932986137,0.5185294895051076,0.5428606775694461,0.4347751382870732,0.5350975490679,0.574369535250284,0.42822273659951954,0.5457306484198161,0.5237727230738632,0.4896077971103402,0.5001928152189438,0.560759325748397,0.4239202674229528,0.5981220514513392,0.5651873101895286,0.45270646690078425,0.5366455849519822,0.5647220363594051,0.4484402187723667,0.5590230418914331,0.5653898872155758,0.4876004341329903,0.5865651600598103,0.5938850550554774,0.47759363241483216,0.6147288709007213,0.5980084174979623,0.5039574992045746,0.5825391264849766,0.5759462811455659,0.49502129862121885,0.6050455417495083,0.5905118202531303,0.5306160715862962
Nadia,0.47397098331541876,0.43579391294332653,0.5087013706638517,0.5649279219948042,0.5278794069537434,0.49558197243384045,0.5780736682881549,0.5563347735209565,0.5127673915129402,0.5428237546722755,0.5749899196968082,0.48971114876300686,0.5219979594028894,0.5446606748533945,0.4721208084690416,0.5474511965270387,0.5646404142402106,0.4888158960238282,0.5818298429421477,0.5753138176503224,0.4903512290877796,0.5707412531963315,0.576969154050692,0.5208464631398612,0.5677541976750652,0.5673027429343012,0.5220937640300788,0.5701378346176922,0.5726358217165975,0.49705056382975865,0.5814945216610173,0.590817781568383,0.4861456405799596,0.5959992396324792,0.5536262831838391,0.5404034859537318,0.5369186144490715,0.5725986359170259,0.46830462736104744,0.6305815984244234,0.5827724249160381,0.5182916691254636,0.5982689679467936,0.5933791602884092,0.5108607677751583,0.5967086050296774,0.5819293187629296,0.5312749626316469,0.6258654752842467,0.599630819538326,0.527140519614781,0.6651572972093031,0.6307584023582183,0.5571178626571581,0.6275894649973344,0.6025551196980832,0.5471438805005676,0.642540439233358,0.6337788448046623,0.5781188496030348
