District,Year,Season,NDVI
Alipur Duar,2000,Autumn,0.6666437834383673
Alipur Duar,2000,Summer,0.5282948652630515
Alipur Duar,2000,Winter,0.6691953849672609
Alipur Duar,2001,Autumn,0.6876395146560017
Alipur Duar,2001,Summer,0.5681087455047705
Alipur Duar,2001,Winter,0.6789095816158308
Alipur Duar,2002,Autumn,0.7017387743766071
Alipur Duar,2002,Summer,0.5770299451738495
Alipur Duar,2002,Winter,0.6871477286837471
Alipur Duar,2003,Autumn,0.6747565340623465
Alipur Duar,2003,Summer,0.5713949244119552
Alipur Duar,2003,Winter,0.6824590956741685
Alipur Duar,2004,Autumn,0.6766553149345855
Alipur Duar,2004,Summer,0.5728845357875225
Alipur Duar,2004,Winter,0.6832357459798639
Alipur Duar,2005,Autumn,0.6914074887636992
Alipur Duar,2005,Summer,0.5975023508188309
Alipur Duar,2005,Winter,0.6917737465199715
Alipur Duar,2006,Autumn,0.7190712181019794
Alipur Duar,2006,Summer,0.563237588275023
Alipur Duar,2006,Winter,0.7018200670288924
Alipur Duar,2007,Autumn,0.6953869118546923
Alipur Duar,2007,Summer,0.595618990181534
Alipur Duar,2007,Winter,0.6792667745690765
Alipur Duar,2008,Autumn,0.7036432769903428
Alipur Duar,2008,Summer,0.5767184768464347
Alipur Duar,2008,Winter,0.6907340774041637
Alipur Duar,2009,Autumn,0.7205701060602054
Alipur Duar,2009,Summer,0.5484442711552766
Alipur Duar,2009,Winter,0.7031206340236462
Alipur Duar,2010,Autumn,0.7027601632940015
Alipur Duar,2010,Summer,0.5755913445526404
Alipur Duar,2010,Winter,0.6915832946486825
Alipur Duar,2011,Autumn,0.7231275138229885
Alipur Duar,2011,Summer,0.6053774346158894
Alipur Duar,2011,Winter,0.7049295048477865
Alipur Duar,2012,Autumn,0.7120608194165987
Alipur Duar,2012,Summer,0.5478028791950548
Alipur Duar,2012,Winter,0.7052681628648146
Alipur Duar,2013,Autumn,0.7262263140346693
Alipur Duar,2013,Summer,0.5654151001854123
Alipur Duar,2013,Winter,0.7206417933800352
Alipur Duar,2014,Autumn,0.6989512987712638
Alipur Duar,2014,Summer,0.5627050424231637
Alipur Duar,2014,Winter,0.7009500548708878
Alipur Duar,2015,Autumn,0.732378002074035
Alipur Duar,2015,Summer,0.6014589679312423
Alipur Duar,2015,Winter,0.7208833356488719
Alipur Duar,2016,Autumn,0.7400036645361878
Alipur Duar,2016,Summer,0.613169544140605
Alipur Duar,2016,Winter,0.7180314292689223
Alipur Duar,2017,Autumn,0.734825552120603
Alipur Duar,2017,Summer,0.6302544315388113
Alipur Duar,2017,Winter,0.7250778378911213
Alipur Duar,2018,Autumn,0.7287378568906568
Alipur Duar,2018,Summer,0.6096677539171915
Alipur Duar,2018,Winter,0.7165230839395281
Alipur Duar,2019,Autumn,0.7457157284153042
Alipur Duar,2019,Summer,0.6411055237115798
Alipur Duar,2019,Winter,0.7345322577910114
Bankura,2000,Autumn,0.5123180210751296
Bankura,2000,Summer,0.4023934073601222
Bankura,2000,Winter,0.544279882290265
Bankura,2001,Autumn,0.5619327117422203
Bankura,2001,Summer,0.3782385630535259
Bankura,2001,Winter,0.5871985491060832
Bankura,2002,Autumn,0.5165341444625204
Bankura,2002,Summer,0.385999331643575
Bankura,2002,Winter,0.5727673920640758
Bankura,2003,Autumn,0.4805370109130786
Bankura,2003,Summer,0.38628049199729
Bankura,2003,Winter,0.5743838224379159
Bankura,2004,Autumn,0.5312819826210953
Bankura,2004,Summer,0.3838393002089806
Bankura,2004,Winter,0.588878417018034
Bankura,2005,Autumn,0.529506098957074
Bankura,2005,Summer,0.398660810691676
Bankura,2005,Winter,0.587650930324688
Bankura,2006,Autumn,0.5869338269515186
Bankura,2006,Summer,0.4101968548032796
Bankura,2006,Winter,0.5885852230858785
Bankura,2007,Autumn,0.5447722953771721
Bankura,2007,Summer,0.4239528638664078
Bankura,2007,Winter,0.5804144870879
Bankura,2008,Autumn,0.5703457015254364
Bankura,2008,Summer,0.399634265737711
Bankura,2008,Winter,0.5935905173947039
Bankura,2009,Autumn,0.5514912962983953
Bankura,2009,Summer,0.369968961721061
Bankura,2009,Winter,0.5834202877039507
Bankura,2010,Autumn,0.5114206428305367
Bankura,2010,Summer,0.3658674292848473
Bankura,2010,Winter,0.5670500159042822
Bankura,2011,Autumn,0.5815858081146793
Bankura,2011,Summer,0.4431036450868271
Bankura,2011,Winter,0.5839968969277729
Bankura,2012,Autumn,0.5300734440075411
Bankura,2012,Summer,0.3912477904288127
Bankura,2012,Winter,0.5942395142404027
Bankura,2013,Autumn,0.5992234808363012
Bankura,2013,Summer,0.4203489728942694
Bankura,2013,Winter,0.6228904945147666
Bankura,2014,Autumn,0.5488310829009452
Bankura,2014,Summer,0.4085820569288538
Bankura,2014,Winter,0.5943955401789645
Bankura,2015,Autumn,0.608498170325407
Bankura,2015,Summer,0.4386191040858773
Bankura,2015,Winter,0.6205625005664426
Bankura,2016,Autumn,0.5497626915051587
Bankura,2016,Summer,0.3878719186616124
Bankura,2016,Winter,0.6234823658716128
Bankura,2017,Autumn,0.6140724735320083
Bankura,2017,Summer,0.4470516601264032
Bankura,2017,Winter,0.646106526879187
Bankura,2018,Autumn,0.6084482859733905
Bankura,2018,Summer,0.4796156960930968
Bankura,2018,Winter,0.6170343616391187
Bankura,2019,Autumn,0.6038515024960723
Bankura,2019,Summer,0.4891030813156825
Bankura,2019,Winter,0.6338085694647746
Birbhum,2000,Autumn,0.4900247873411958
Birbhum,2000,Summer,0.4022084336707501
Birbhum,2000,Winter,0.5330659352323113
Birbhum,2001,Autumn,0.5490941861578645
Birbhum,2001,Summer,0.3500806920784524
Birbhum,2001,Winter,0.5895329191755723
Birbhum,2002,Autumn,0.5484881929918772
Birbhum,2002,Summer,0.4054062477437453
Birbhum,2002,Winter,0.5741227788630778
Birbhum,2003,Autumn,0.4781555657127681
Birbhum,2003,Summer,0.3952663210943737
Birbhum,2003,Winter,0.5805814608967587
Birbhum,2004,Autumn,0.5320559785056438
Birbhum,2004,Summer,0.3957075777316077
Birbhum,2004,Winter,0.5845346373372611
Birbhum,2005,Autumn,0.5392169684087588
Birbhum,2005,Summer,0.4069601018894463
Birbhum,2005,Winter,0.5986706962379779
Birbhum,2006,Autumn,0.555068871648213
Birbhum,2006,Summer,0.3769368311885597
Birbhum,2006,Winter,0.5823338318089332
Birbhum,2007,Autumn,0.5486228608208108
Birbhum,2007,Summer,0.4172978276551828
Birbhum,2007,Winter,0.6010892361652651
Birbhum,2008,Autumn,0.5413491058872174
Birbhum,2008,Summer,0.4028016303309067
Birbhum,2008,Winter,0.5862464347687197
Birbhum,2009,Autumn,0.5265896982476955
Birbhum,2009,Summer,0.3823850418774761
Birbhum,2009,Winter,0.5888503495999513
Birbhum,2010,Autumn,0.4940680299392432
Birbhum,2010,Summer,0.3442744352926604
Birbhum,2010,Winter,0.5970315483190738
Birbhum,2011,Autumn,0.5607015166519508
Birbhum,2011,Summer,0.4400406315219443
Birbhum,2011,Winter,0.5686463672599392
Birbhum,2012,Autumn,0.5094238092597974
Birbhum,2012,Summer,0.3498935703210178
Birbhum,2012,Winter,0.62240280363322
Birbhum,2013,Autumn,0.5923902487201705
Birbhum,2013,Summer,0.4008131858090278
Birbhum,2013,Winter,0.6203999615882332
Birbhum,2014,Autumn,0.5395536716348311
Birbhum,2014,Summer,0.416148750018926
Birbhum,2014,Winter,0.5933260391175764
Birbhum,2015,Autumn,0.5607282913853626
Birbhum,2015,Summer,0.4190336565306288
Birbhum,2015,Winter,0.6098002342780015
Birbhum,2016,Autumn,0.5662499220779593
Birbhum,2016,Summer,0.4103341417145923
Birbhum,2016,Winter,0.6442943652773679
Birbhum,2017,Autumn,0.6048013257922423
Birbhum,2017,Summer,0.4514025797525048
Birbhum,2017,Winter,0.6362002247417711
Birbhum,2018,Autumn,0.5807119146545683
Birbhum,2018,Summer,0.4581811296225163
Birbhum,2018,Winter,0.612201641336389
Birbhum,2019,Autumn,0.57314693106419
Birbhum,2019,Summer,0.4714507082281006
Birbhum,2019,Winter,0.6175624668622199
Cooch Behar,2000,Autumn,0.5936321250866767
Cooch Behar,2000,Summer,0.4431136614658011
Cooch Behar,2000,Winter,0.5728311989365458
Cooch Behar,2001,Autumn,0.6180217555326886
Cooch Behar,2001,Summer,0.4667013545317359
Cooch Behar,2001,Winter,0.580964055762632
Cooch Behar,2002,Autumn,0.6354207508278367
Cooch Behar,2002,Summer,0.4951104220993091
Cooch Behar,2002,Winter,0.5936281596779492
Cooch Behar,2003,Autumn,0.5885333910662897
Cooch Behar,2003,Summer,0.4957191602591662
Cooch Behar,2003,Winter,0.5810154837292358
Cooch Behar,2004,Autumn,0.608521921227562
Cooch Behar,2004,Summer,0.4930703483839412
Cooch Behar,2004,Winter,0.5863844656364432
Cooch Behar,2005,Autumn,0.6352798621644318
Cooch Behar,2005,Summer,0.5268262154491
Cooch Behar,2005,Winter,0.6045368941752858
Cooch Behar,2006,Autumn,0.6443726478126771
Cooch Behar,2006,Summer,0.4821751939115939
Cooch Behar,2006,Winter,0.6066546548183515
Cooch Behar,2007,Autumn,0.6453340261537203
Cooch Behar,2007,Summer,0.5107019297096403
Cooch Behar,2007,Winter,0.5904980588437113
Cooch Behar,2008,Autumn,0.6330949386303768
Cooch Behar,2008,Summer,0.5195916270605798
Cooch Behar,2008,Winter,0.5840136667770762
Cooch Behar,2009,Autumn,0.659115401447549
Cooch Behar,2009,Summer,0.4949204848557345
Cooch Behar,2009,Winter,0.6252451604257293
Cooch Behar,2010,Autumn,0.6529821720806278
Cooch Behar,2010,Summer,0.5078260558803681
Cooch Behar,2010,Winter,0.6112592743478406
Cooch Behar,2011,Autumn,0.6627919906344746
Cooch Behar,2011,Summer,0.5408838712118497
Cooch Behar,2011,Winter,0.6180990618676142
Cooch Behar,2012,Autumn,0.6638597382676651
Cooch Behar,2012,Summer,0.5089081680544443
Cooch Behar,2012,Winter,0.6316617481262901
Cooch Behar,2013,Autumn,0.6771330505835504
Cooch Behar,2013,Summer,0.5110631181745795
Cooch Behar,2013,Winter,0.6470005154300231
Cooch Behar,2014,Autumn,0.6570525724068282
Cooch Behar,2014,Summer,0.5172065726954648
Cooch Behar,2014,Winter,0.623107947574771
Cooch Behar,2015,Autumn,0.6611476178540016
Cooch Behar,2015,Summer,0.5644785598827425
Cooch Behar,2015,Winter,0.6236686970290056
Cooch Behar,2016,Autumn,0.6887730079585921
Cooch Behar,2016,Summer,0.5519831892614137
Cooch Behar,2016,Winter,0.633608232281181
Cooch Behar,2017,Autumn,0.6723717110565482
Cooch Behar,2017,Summer,0.586633398729423
Cooch Behar,2017,Winter,0.6434432095169745
Cooch Behar,2018,Autumn,0.672567613499007
Cooch Behar,2018,Summer,0.5691467760744078
Cooch Behar,2018,Winter,0.627379292363407
Cooch Behar,2019,Autumn,0.6985787569662699
Cooch Behar,2019,Summer,0.5949964375255097
Cooch Behar,2019,Winter,0.6626499542917389
Dakshin Dinajpur,2000,Autumn,0.5622318077273335
Dakshin Dinajpur,2000,Summer,0.4136222727422791
Dakshin Dinajpur,2000,Winter,0.5716656997661786
Dakshin Dinajpur,2001,Autumn,0.5098202138711643
Dakshin Dinajpur,2001,Summer,0.3605462686826849
Dakshin Dinajpur,2001,Winter,0.5745361182034436
Dakshin Dinajpur,2002,Autumn,0.5908690484813709
Dakshin Dinajpur,2002,Summer,0.4298778231755848
Dakshin Dinajpur,2002,Winter,0.5874923570641974
Dakshin Dinajpur,2003,Autumn,0.5135945961910677
Dakshin Dinajpur,2003,Summer,0.4168350524488567
Dakshin Dinajpur,2003,Winter,0.5772458823912298
Dakshin Dinajpur,2004,Autumn,0.5323331813842886
Dakshin Dinajpur,2004,Summer,0.4133253727588286
Dakshin Dinajpur,2004,Winter,0.57709198430691
Dakshin Dinajpur,2005,Autumn,0.54228080430979
Dakshin Dinajpur,2005,Summer,0.4245856729659268
Dakshin Dinajpur,2005,Winter,0.5927524165269358
Dakshin Dinajpur,2006,Autumn,0.5728636572624668
Dakshin Dinajpur,2006,Summer,0.4385119429310304
Dakshin Dinajpur,2006,Winter,0.5816531104695564
Dakshin Dinajpur,2007,Autumn,0.585696522110532
Dakshin Dinajpur,2007,Summer,0.440510086360424
Dakshin Dinajpur,2007,Winter,0.6192781351864833
Dakshin Dinajpur,2008,Autumn,0.6025586217779652
Dakshin Dinajpur,2008,Summer,0.4417735763852903
Dakshin Dinajpur,2008,Winter,0.5952610488958301
Dakshin Dinajpur,2009,Autumn,0.5815899905471095
Dakshin Dinajpur,2009,Summer,0.4349723031103064
Dakshin Dinajpur,2009,Winter,0.6139112794672847
Dakshin Dinajpur,2010,Autumn,0.5695974383881913
Dakshin Dinajpur,2010,Summer,0.4082542344103301
Dakshin Dinajpur,2010,Winter,0.6285821330135539
Dakshin Dinajpur,2011,Autumn,0.6162573805127968
Dakshin Dinajpur,2011,Summer,0.4811059227602333
Dakshin Dinajpur,2011,Winter,0.5997502321420553
Dakshin Dinajpur,2012,Autumn,0.5770767698599661
Dakshin Dinajpur,2012,Summer,0.3841885367698758
Dakshin Dinajpur,2012,Winter,0.6445746883366262
Dakshin Dinajpur,2013,Autumn,0.6536889433162529
Dakshin Dinajpur,2013,Summer,0.4299880616030504
Dakshin Dinajpur,2013,Winter,0.6453023106582738
Dakshin Dinajpur,2014,Autumn,0.5865839465456482
Dakshin Dinajpur,2014,Summer,0.431982007559728
Dakshin Dinajpur,2014,Winter,0.6080942599434497
Dakshin Dinajpur,2015,Autumn,0.6031469416624162
Dakshin Dinajpur,2015,Summer,0.497881584038318
Dakshin Dinajpur,2015,Winter,0.5973891868803357
Dakshin Dinajpur,2016,Autumn,0.6144502084733771
Dakshin Dinajpur,2016,Summer,0.4151008530308976
Dakshin Dinajpur,2016,Winter,0.6549653807612987
Dakshin Dinajpur,2017,Autumn,0.6395515449917688
Dakshin Dinajpur,2017,Summer,0.5300789596379794
Dakshin Dinajpur,2017,Winter,0.6115360692733116
Dakshin Dinajpur,2018,Autumn,0.6619208218340433
Dakshin Dinajpur,2018,Summer,0.5031478736805501
Dakshin Dinajpur,2018,Winter,0.6423358066136406
Dakshin Dinajpur,2019,Autumn,0.6451511830846652
Dakshin Dinajpur,2019,Summer,0.5388961180781912
Dakshin Dinajpur,2019,Winter,0.6486795182475504
Darjeeling,2000,Autumn,0.7333503768788255
Darjeeling,2000,Summer,0.5602843768520616
Darjeeling,2000,Winter,0.7414992560201761
Darjeeling,2001,Autumn,0.7372368471230949
Darjeeling,2001,Summer,0.5675848536815148
Darjeeling,2001,Winter,0.7516082906421852
Darjeeling,2002,Autumn,0.7568734687359239
Darjeeling,2002,Summer,0.6081928435392382
Darjeeling,2002,Winter,0.7572719765086101
Darjeeling,2003,Autumn,0.724491033895377
Darjeeling,2003,Summer,0.6000988539293476
Darjeeling,2003,Winter,0.7496536623057063
Darjeeling,2004,Autumn,0.7364922380831721
Darjeeling,2004,Summer,0.6277477547920215
Darjeeling,2004,Winter,0.752063927873174
Darjeeling,2005,Autumn,0.7438114257685469
Darjeeling,2005,Summer,0.6231214549132564
Darjeeling,2005,Winter,0.7611325994072177
Darjeeling,2006,Autumn,0.7544010639084187
Darjeeling,2006,Summer,0.6044301354628969
Darjeeling,2006,Winter,0.7558989931295367
Darjeeling,2007,Autumn,0.746049491550187
Darjeeling,2007,Summer,0.6470241163613252
Darjeeling,2007,Winter,0.7539536904067982
Darjeeling,2008,Autumn,0.7526987551790892
Darjeeling,2008,Summer,0.6219610873607959
Darjeeling,2008,Winter,0.7601204833997195
Darjeeling,2009,Autumn,0.749377485491437
Darjeeling,2009,Summer,0.5883074709503467
Darjeeling,2009,Winter,0.7625844446017985
Darjeeling,2010,Autumn,0.7411446133827209
Darjeeling,2010,Summer,0.5962431180637048
Darjeeling,2010,Winter,0.7568951227291681
Darjeeling,2011,Autumn,0.7711970825347598
Darjeeling,2011,Summer,0.6206282107443205
Darjeeling,2011,Winter,0.7704988909259796
Darjeeling,2012,Autumn,0.7408575144924362
Darjeeling,2012,Summer,0.5913719968817892
Darjeeling,2012,Winter,0.7598122489575954
Darjeeling,2013,Autumn,0.7642861584054028
Darjeeling,2013,Summer,0.6081516407659481
Darjeeling,2013,Winter,0.7784860201987415
Darjeeling,2014,Autumn,0.738535674668061
Darjeeling,2014,Summer,0.5988611897631934
Darjeeling,2014,Winter,0.7665814734741909
Darjeeling,2015,Autumn,0.7814242430521758
Darjeeling,2015,Summer,0.6445482964744987
Darjeeling,2015,Winter,0.7797780506937998
Darjeeling,2016,Autumn,0.7649984351768896
Darjeeling,2016,Summer,0.630598042424619
Darjeeling,2016,Winter,0.7808464311586449
Darjeeling,2017,Autumn,0.7764447549958632
Darjeeling,2017,Summer,0.6629195707803028
Darjeeling,2017,Winter,0.7811794569098188
Darjeeling,2018,Autumn,0.7607078235899334
Darjeeling,2018,Summer,0.6527374598126541
Darjeeling,2018,Winter,0.7643429978942933
Darjeeling,2019,Autumn,0.792026769032517
Darjeeling,2019,Summer,0.680971804504028
Darjeeling,2019,Winter,0.7883770757714642
Hooghly,2000,Autumn,0.5616215668580916
Hooghly,2000,Summer,0.5074749939680886
Hooghly,2000,Winter,0.5758711759367564
Hooghly,2001,Autumn,0.6438162363947633
Hooghly,2001,Summer,0.5046550810655601
Hooghly,2001,Winter,0.6141966867666774
Hooghly,2002,Autumn,0.5946226250083305
Hooghly,2002,Summer,0.487018433344087
Hooghly,2002,Winter,0.6197032531985736
Hooghly,2003,Autumn,0.5535566395784706
Hooghly,2003,Summer,0.4872769118230852
Hooghly,2003,Winter,0.611374330824461
Hooghly,2004,Autumn,0.5645816798068615
Hooghly,2004,Summer,0.4795432345574048
Hooghly,2004,Winter,0.6062694104053203
Hooghly,2005,Autumn,0.5798561794533743
Hooghly,2005,Summer,0.5041976107743492
Hooghly,2005,Winter,0.6204916923017051
Hooghly,2006,Autumn,0.6108693272355471
Hooghly,2006,Summer,0.5034814626957271
Hooghly,2006,Winter,0.6148156278628266
Hooghly,2007,Autumn,0.5841029532192266
Hooghly,2007,Summer,0.5315979534267361
Hooghly,2007,Winter,0.5896505091648058
Hooghly,2008,Autumn,0.6138192060608267
Hooghly,2008,Summer,0.5243760465427343
Hooghly,2008,Winter,0.6122553247879344
Hooghly,2009,Autumn,0.5913088966087167
Hooghly,2009,Summer,0.4866801092250166
Hooghly,2009,Winter,0.6119825034100737
Hooghly,2010,Autumn,0.6121667712948902
Hooghly,2010,Summer,0.4804578362523842
Hooghly,2010,Winter,0.6268842263121891
Hooghly,2011,Autumn,0.6172655733019556
Hooghly,2011,Summer,0.5439660884709016
Hooghly,2011,Winter,0.5853234743959177
Hooghly,2012,Autumn,0.5841225019172571
Hooghly,2012,Summer,0.4736577740938766
Hooghly,2012,Winter,0.6220123793987669
Hooghly,2013,Autumn,0.6613894171490857
Hooghly,2013,Summer,0.5045172966301295
Hooghly,2013,Winter,0.6316916547335977
Hooghly,2014,Autumn,0.633417798467611
Hooghly,2014,Summer,0.510331990547272
Hooghly,2014,Winter,0.6336053856530914
Hooghly,2015,Autumn,0.6573902622231288
Hooghly,2015,Summer,0.5241774594647274
Hooghly,2015,Winter,0.6492902834464092
Hooghly,2016,Autumn,0.6193498051909542
Hooghly,2016,Summer,0.51219717396264
Hooghly,2016,Winter,0.6391274961555586
Hooghly,2017,Autumn,0.6635994809139916
Hooghly,2017,Summer,0.5232501932828489
Hooghly,2017,Winter,0.6698011340722794
Hooghly,2018,Autumn,0.6330537731918582
Hooghly,2018,Summer,0.5453874019316525
Hooghly,2018,Winter,0.6352825334946033
Hooghly,2019,Autumn,0.6481242315375889
Hooghly,2019,Summer,0.562091947142737
Hooghly,2019,Winter,0.661077497394615
Howrah,2000,Autumn,0.5229590599906753
Howrah,2000,Summer,0.507514343744699
Howrah,2000,Winter,0.5651601255965938
Howrah,2001,Autumn,0.5777699883972025
Howrah,2001,Summer,0.509780948039802
Howrah,2001,Winter,0.6057031297233376
Howrah,2002,Autumn,0.5525382838706784
Howrah,2002,Summer,0.4899701513896804
Howrah,2002,Winter,0.5958020311343002
Howrah,2003,Autumn,0.5262356456251266
Howrah,2003,Summer,0.4878984639099518
Howrah,2003,Winter,0.5957529900917286
Howrah,2004,Autumn,0.5236183578189656
Howrah,2004,Summer,0.4736797139029581
Howrah,2004,Winter,0.6006201351885474
Howrah,2005,Autumn,0.5565564580158842
Howrah,2005,Summer,0.5140689459040327
Howrah,2005,Winter,0.6004130490032409
Howrah,2006,Autumn,0.5350013996851088
Howrah,2006,Summer,0.5092962324397875
Howrah,2006,Winter,0.5693659663555533
Howrah,2007,Autumn,0.5111736303312682
Howrah,2007,Summer,0.5230852448729686
Howrah,2007,Winter,0.5488734531865517
Howrah,2008,Autumn,0.5417190302786024
Howrah,2008,Summer,0.512757724937838
Howrah,2008,Winter,0.5956899191049686
Howrah,2009,Autumn,0.5317121162148979
Howrah,2009,Summer,0.4792575323412378
Howrah,2009,Winter,0.5795978913650496
Howrah,2010,Autumn,0.5797956399351604
Howrah,2010,Summer,0.4957836217019302
Howrah,2010,Winter,0.6162645265062566
Howrah,2011,Autumn,0.5636128695022482
Howrah,2011,Summer,0.5373352462205863
Howrah,2011,Winter,0.569212024903277
Howrah,2012,Autumn,0.521224846239695
Howrah,2012,Summer,0.4809869068086305
Howrah,2012,Winter,0.6078585507102393
Howrah,2013,Autumn,0.5970567963424672
Howrah,2013,Summer,0.5227759558725048
Howrah,2013,Winter,0.6208259181815943
Howrah,2014,Autumn,0.5784002933219551
Howrah,2014,Summer,0.5139204128989224
Howrah,2014,Winter,0.6064293770170021
Howrah,2015,Autumn,0.5747400695622504
Howrah,2015,Summer,0.5306616844078733
Howrah,2015,Winter,0.5940238179349789
Howrah,2016,Autumn,0.5595270199784115
Howrah,2016,Summer,0.5319329885142629
Howrah,2016,Winter,0.6209921998563609
Howrah,2017,Autumn,0.5872571450722655
Howrah,2017,Summer,0.5299344186991066
Howrah,2017,Winter,0.6383230526575073
Howrah,2018,Autumn,0.601625464672769
Howrah,2018,Summer,0.5360101168326232
Howrah,2018,Winter,0.6129486309596647
Howrah,2019,Autumn,0.5987974731595114
Howrah,2019,Summer,0.553428997991982
Howrah,2019,Winter,0.6311775804081112
Jalpaiguri,2000,Autumn,0.6163866155608296
Jalpaiguri,2000,Summer,0.476546556872628
Jalpaiguri,2000,Winter,0.6165097625226426
Jalpaiguri,2001,Autumn,0.6419315928145125
Jalpaiguri,2001,Summer,0.5070887177257174
Jalpaiguri,2001,Winter,0.6342035016876736
Jalpaiguri,2002,Autumn,0.6554261734867488
Jalpaiguri,2002,Summer,0.5317704803804363
Jalpaiguri,2002,Winter,0.6400980880145922
Jalpaiguri,2003,Autumn,0.6303277622333461
Jalpaiguri,2003,Summer,0.5264093241336494
Jalpaiguri,2003,Winter,0.6342033430837275
Jalpaiguri,2004,Autumn,0.6395171260002084
Jalpaiguri,2004,Summer,0.5341905661577303
Jalpaiguri,2004,Winter,0.6431524350663971
Jalpaiguri,2005,Autumn,0.6614809976757432
Jalpaiguri,2005,Summer,0.5669594038574998
Jalpaiguri,2005,Winter,0.655186680653692
Jalpaiguri,2006,Autumn,0.6747558964667538
Jalpaiguri,2006,Summer,0.529656473661297
Jalpaiguri,2006,Winter,0.6571419073222318
Jalpaiguri,2007,Autumn,0.6590227138842567
Jalpaiguri,2007,Summer,0.5682420913598778
Jalpaiguri,2007,Winter,0.6402388058096387
Jalpaiguri,2008,Autumn,0.6671831985783807
Jalpaiguri,2008,Summer,0.5331739136568425
Jalpaiguri,2008,Winter,0.6488020691196901
Jalpaiguri,2009,Autumn,0.6841904745091955
Jalpaiguri,2009,Summer,0.5181220993157034
Jalpaiguri,2009,Winter,0.6592161473075571
Jalpaiguri,2010,Autumn,0.6691542145052314
Jalpaiguri,2010,Summer,0.5378433034877675
Jalpaiguri,2010,Winter,0.6603864152113909
Jalpaiguri,2011,Autumn,0.6936447255598476
Jalpaiguri,2011,Summer,0.5611267468061314
Jalpaiguri,2011,Winter,0.6721111957578766
Jalpaiguri,2012,Autumn,0.6776323216531017
Jalpaiguri,2012,Summer,0.522939131642515
Jalpaiguri,2012,Winter,0.6707534290037308
Jalpaiguri,2013,Autumn,0.6895867031458601
Jalpaiguri,2013,Summer,0.5326858019668077
Jalpaiguri,2013,Winter,0.6833374247785101
Jalpaiguri,2014,Autumn,0.6618599132126062
Jalpaiguri,2014,Summer,0.5238060578438388
Jalpaiguri,2014,Winter,0.6583801664016692
Jalpaiguri,2015,Autumn,0.696269438239264
Jalpaiguri,2015,Summer,0.5749087155452517
Jalpaiguri,2015,Winter,0.6804329725445103
Jalpaiguri,2016,Autumn,0.7056681731089335
Jalpaiguri,2016,Summer,0.5774111572873468
Jalpaiguri,2016,Winter,0.6760627136458963
Jalpaiguri,2017,Autumn,0.6988377845208535
Jalpaiguri,2017,Summer,0.5919794952033456
Jalpaiguri,2017,Winter,0.6805319305607656
Jalpaiguri,2018,Autumn,0.7017493344351448
Jalpaiguri,2018,Summer,0.5790574068028235
Jalpaiguri,2018,Winter,0.6709487261987108
Jalpaiguri,2019,Autumn,0.7151390642549972
Jalpaiguri,2019,Summer,0.6006056447100737
Jalpaiguri,2019,Winter,0.6941416636289847
Jhargram,2000,Autumn,0.5342795543620944
Jhargram,2000,Summer,0.3888932345648063
Jhargram,2000,Winter,0.5810887466393131
Jhargram,2001,Autumn,0.5909327381767213
Jhargram,2001,Summer,0.3864029793924993
Jhargram,2001,Winter,0.619234103500612
Jhargram,2002,Autumn,0.5188035574301766
Jhargram,2002,Summer,0.4061416747594388
Jhargram,2002,Winter,0.5870144518670642
Jhargram,2003,Autumn,0.4734337888785063
Jhargram,2003,Summer,0.3741645265277309
Jhargram,2003,Winter,0.6022379731200769
Jhargram,2004,Autumn,0.542114907764592
Jhargram,2004,Summer,0.3958367690788723
Jhargram,2004,Winter,0.6040764274025635
Jhargram,2005,Autumn,0.5302111051715837
Jhargram,2005,Summer,0.4104732291888631
Jhargram,2005,Winter,0.6006465308975009
Jhargram,2006,Autumn,0.5680406771836559
Jhargram,2006,Summer,0.3929028771117719
Jhargram,2006,Winter,0.599618322833802
Jhargram,2007,Autumn,0.5372969857136963
Jhargram,2007,Summer,0.4182136962067194
Jhargram,2007,Winter,0.5922180460110776
Jhargram,2008,Autumn,0.5550347517960125
Jhargram,2008,Summer,0.4086088801535623
Jhargram,2008,Winter,0.6026564458904662
Jhargram,2009,Autumn,0.544636322519619
Jhargram,2009,Summer,0.361992424321687
Jhargram,2009,Winter,0.5988579117317483
Jhargram,2010,Autumn,0.5352379322542349
Jhargram,2010,Summer,0.3681905681593508
Jhargram,2010,Winter,0.6061325530269449
Jhargram,2011,Autumn,0.5990459084745194
Jhargram,2011,Summer,0.4595245697403239
Jhargram,2011,Winter,0.6237384509210667
Jhargram,2012,Autumn,0.528295734980812
Jhargram,2012,Summer,0.3917725091465827
Jhargram,2012,Winter,0.6170745110403661
Jhargram,2013,Autumn,0.5800167076327281
Jhargram,2013,Summer,0.4227197293669611
Jhargram,2013,Winter,0.6460769752107949
Jhargram,2014,Autumn,0.5686664321591743
Jhargram,2014,Summer,0.4279652579046257
Jhargram,2014,Winter,0.6289098575402192
Jhargram,2015,Autumn,0.6142079497093526
Jhargram,2015,Summer,0.4485330941934186
Jhargram,2015,Winter,0.6402171641051909
Jhargram,2016,Autumn,0.5598903790770406
Jhargram,2016,Summer,0.4026830752532968
Jhargram,2016,Winter,0.6462838887419496
Jhargram,2017,Autumn,0.6252595150485785
Jhargram,2017,Summer,0.4530995882420705
Jhargram,2017,Winter,0.6784431086717927
Jhargram,2018,Autumn,0.6198451126059776
Jhargram,2018,Summer,0.4949062603117447
Jhargram,2018,Winter,0.6363008570650609
Jhargram,2019,Autumn,0.6178847689798702
Jhargram,2019,Summer,0.538169221585594
Jhargram,2019,Winter,0.6668758520841142
Kalimpong,2000,Autumn,0.7720083349551897
Kalimpong,2000,Summer,0.606011947479646
Kalimpong,2000,Winter,0.7881517205692806
Kalimpong,2001,Autumn,0.7760014811755208
Kalimpong,2001,Summer,0.6142263449191031
Kalimpong,2001,Winter,0.7988708790093418
Kalimpong,2002,Autumn,0.7919159594973494
Kalimpong,2002,Summer,0.6505680817722558
Kalimpong,2002,Winter,0.8020970267617389
Kalimpong,2003,Autumn,0.7625948745108264
Kalimpong,2003,Summer,0.6463119620860482
Kalimpong,2003,Winter,0.7995594017506806
Kalimpong,2004,Autumn,0.771850707687117
Kalimpong,2004,Summer,0.6725012732721345
Kalimpong,2004,Winter,0.798909894662472
Kalimpong,2005,Autumn,0.7874497578567009
Kalimpong,2005,Summer,0.6710021014158994
Kalimpong,2005,Winter,0.8041192146394748
Kalimpong,2006,Autumn,0.7987405661189034
Kalimpong,2006,Summer,0.6623981219076331
Kalimpong,2006,Winter,0.8032720120918689
Kalimpong,2007,Autumn,0.7833357993578988
Kalimpong,2007,Summer,0.6925664535765447
Kalimpong,2007,Winter,0.7952457409046563
Kalimpong,2008,Autumn,0.8005782349060523
Kalimpong,2008,Summer,0.640088180787395
Kalimpong,2008,Winter,0.8129508541411038
Kalimpong,2009,Autumn,0.7921632542601483
Kalimpong,2009,Summer,0.6329912765654068
Kalimpong,2009,Winter,0.8001304920020567
Kalimpong,2010,Autumn,0.7857166897549119
Kalimpong,2010,Summer,0.6310190691783663
Kalimpong,2010,Winter,0.804287716544157
Kalimpong,2011,Autumn,0.8101407413970685
Kalimpong,2011,Summer,0.6642213256623697
Kalimpong,2011,Winter,0.8131823728849604
Kalimpong,2012,Autumn,0.780505691839841
Kalimpong,2012,Summer,0.6334960234618987
Kalimpong,2012,Winter,0.8070169137186248
Kalimpong,2013,Autumn,0.8092852927309094
Kalimpong,2013,Summer,0.6620765925988991
Kalimpong,2013,Winter,0.825908755477204
Kalimpong,2014,Autumn,0.7680304711086139
Kalimpong,2014,Summer,0.644466867161369
Kalimpong,2014,Winter,0.7997344589091087
Kalimpong,2015,Autumn,0.8208828899880638
Kalimpong,2015,Summer,0.6801269187912975
Kalimpong,2015,Winter,0.82215147079311
Kalimpong,2016,Autumn,0.7869099242342038
Kalimpong,2016,Summer,0.682932854766944
Kalimpong,2016,Winter,0.8190078417889315
Kalimpong,2017,Autumn,0.8165622615782163
Kalimpong,2017,Summer,0.7003717981191868
Kalimpong,2017,Winter,0.8255658292357
Kalimpong,2018,Autumn,0.8008698047577046
Kalimpong,2018,Summer,0.6905011925080744
Kalimpong,2018,Winter,0.8147575655156079
Kalimpong,2019,Autumn,0.8287163979200212
Kalimpong,2019,Summer,0.7242817139258783
Kalimpong,2019,Winter,0.8277801263061898
Kolkata,2000,Autumn,0.3859790431614351
Kolkata,2000,Summer,0.3458703696374154
Kolkata,2000,Winter,0.3826278620956304
Kolkata,2001,Autumn,0.4349457820734458
Kolkata,2001,Summer,0.3548702690896709
Kolkata,2001,Winter,0.4229213402244163
Kolkata,2002,Autumn,0.3793489660398239
Kolkata,2002,Summer,0.3410564798848157
Kolkata,2002,Winter,0.4043684477973944
Kolkata,2003,Autumn,0.3905308228250013
Kolkata,2003,Summer,0.3380757091991122
Kolkata,2003,Winter,0.3952773152674859
Kolkata,2004,Autumn,0.3784587387257136
Kolkata,2004,Summer,0.3313434665276948
Kolkata,2004,Winter,0.3755466752766326
Kolkata,2005,Autumn,0.4003675198575485
Kolkata,2005,Summer,0.3439823017430215
Kolkata,2005,Winter,0.4024886258361748
Kolkata,2006,Autumn,0.3818218448542153
Kolkata,2006,Summer,0.3196363346866692
Kolkata,2006,Winter,0.3819922926354447
Kolkata,2007,Autumn,0.3911111190839258
Kolkata,2007,Summer,0.3288080889504301
Kolkata,2007,Winter,0.393627840697576
Kolkata,2008,Autumn,0.3471523929522854
Kolkata,2008,Summer,0.3247155203237812
Kolkata,2008,Winter,0.3800632851031609
Kolkata,2009,Autumn,0.3542407960438637
Kolkata,2009,Summer,0.3059548040717436
Kolkata,2009,Winter,0.3632633600363693
Kolkata,2010,Autumn,0.3847238199753727
Kolkata,2010,Summer,0.3061917391661449
Kolkata,2010,Winter,0.3651995949996207
Kolkata,2011,Autumn,0.4127691921342394
Kolkata,2011,Summer,0.3305151428557551
Kolkata,2011,Winter,0.3619424471793587
Kolkata,2012,Autumn,0.3657219355097015
Kolkata,2012,Summer,0.3138550180509216
Kolkata,2012,Winter,0.384621876569801
Kolkata,2013,Autumn,0.4358125046194509
Kolkata,2013,Summer,0.3126188124163616
Kolkata,2013,Winter,0.3907677381748313
Kolkata,2014,Autumn,0.3818901911083411
Kolkata,2014,Summer,0.3112861824662737
Kolkata,2014,Winter,0.3743944302279933
Kolkata,2015,Autumn,0.3969907591200469
Kolkata,2015,Summer,0.3363488371117651
Kolkata,2015,Winter,0.3874325112839574
Kolkata,2016,Autumn,0.3837799425529788
Kolkata,2016,Summer,0.3374791230963894
Kolkata,2016,Winter,0.3887837214740577
Kolkata,2017,Autumn,0.3856887401334186
Kolkata,2017,Summer,0.3300710107794319
Kolkata,2017,Winter,0.4109962848284196
Kolkata,2018,Autumn,0.4092453288751422
Kolkata,2018,Summer,0.3272633169588721
Kolkata,2018,Winter,0.379607654194553
Kolkata,2019,Autumn,0.3930375753996841
Kolkata,2019,Summer,0.3551646409954369
Kolkata,2019,Winter,0.4008846314351268
Maldah,2000,Autumn,0.5099025916868405
Maldah,2000,Summer,0.4733751192292291
Maldah,2000,Winter,0.5114667793380402
Maldah,2001,Autumn,0.5101805575644061
Maldah,2001,Summer,0.4279828419523426
Maldah,2001,Winter,0.520250860259854
Maldah,2002,Autumn,0.5332290629139846
Maldah,2002,Summer,0.4634810491861619
Maldah,2002,Winter,0.5370938198885526
Maldah,2003,Autumn,0.4953730680630364
Maldah,2003,Summer,0.4625097391517065
Maldah,2003,Winter,0.5257021739122588
Maldah,2004,Autumn,0.513352573435395
Maldah,2004,Summer,0.4456385580278204
Maldah,2004,Winter,0.5321878508894214
Maldah,2005,Autumn,0.5147883748234671
Maldah,2005,Summer,0.4538452891590537
Maldah,2005,Winter,0.540638157684971
Maldah,2006,Autumn,0.5591424083353613
Maldah,2006,Summer,0.4630304808329667
Maldah,2006,Winter,0.5505852504696102
Maldah,2007,Autumn,0.5328074763212486
Maldah,2007,Summer,0.4572205404357718
Maldah,2007,Winter,0.5599321995789802
Maldah,2008,Autumn,0.5385581053649184
Maldah,2008,Summer,0.4543505184363278
Maldah,2008,Winter,0.566786272996196
Maldah,2009,Autumn,0.5491816042266623
Maldah,2009,Summer,0.4420321880546106
Maldah,2009,Winter,0.5726805344543541
Maldah,2010,Autumn,0.5242551913655438
Maldah,2010,Summer,0.4205393158212988
Maldah,2010,Winter,0.5859669348974121
Maldah,2011,Autumn,0.5613167121078023
Maldah,2011,Summer,0.4706819425777883
Maldah,2011,Winter,0.5515151083936445
Maldah,2012,Autumn,0.513197645837949
Maldah,2012,Summer,0.4075397445322727
Maldah,2012,Winter,0.5766809315857979
Maldah,2013,Autumn,0.5823538352012887
Maldah,2013,Summer,0.4488162919901653
Maldah,2013,Winter,0.5854408549465815
Maldah,2014,Autumn,0.548246068731933
Maldah,2014,Summer,0.4644975413250407
Maldah,2014,Winter,0.566510864830626
Maldah,2015,Autumn,0.5751725389759522
Maldah,2015,Summer,0.4961067371024626
Maldah,2015,Winter,0.5732337849228173
Maldah,2016,Autumn,0.5694278285790988
Maldah,2016,Summer,0.4527443650110231
Maldah,2016,Winter,0.597424039561944
Maldah,2017,Autumn,0.5807192896611303
Maldah,2017,Summer,0.5054717648985898
Maldah,2017,Winter,0.5728116936404344
Maldah,2018,Autumn,0.6054909611698813
Maldah,2018,Summer,0.5296148866041039
Maldah,2018,Winter,0.5926735385049552
Maldah,2019,Autumn,0.5949881333275152
Maldah,2019,Summer,0.534537412786565
Maldah,2019,Winter,0.5865987982422631
Murshidabad,2000,Autumn,0.4636647326911505
Murshidabad,2000,Summer,0.4481893470735389
Murshidabad,2000,Winter,0.4637652321421395
Murshidabad,2001,Autumn,0.5192556146057851
Murshidabad,2001,Summer,0.4075994274194093
Murshidabad,2001,Winter,0.5299235819610774
Murshidabad,2002,Autumn,0.5595185881364318
Murshidabad,2002,Summer,0.4576352319931837
Murshidabad,2002,Winter,0.536666045435656
Murshidabad,2003,Autumn,0.4668714003446532
Murshidabad,2003,Summer,0.4178853120326424
Murshidabad,2003,Winter,0.5319735367756783
Murshidabad,2004,Autumn,0.496937256057807
Murshidabad,2004,Summer,0.4189052404411175
Murshidabad,2004,Winter,0.5199150236373141
Murshidabad,2005,Autumn,0.514548159455613
Murshidabad,2005,Summer,0.4373877909420515
Murshidabad,2005,Winter,0.5405838684592139
Murshidabad,2006,Autumn,0.5429234205032
Murshidabad,2006,Summer,0.4431797415263302
Murshidabad,2006,Winter,0.5295695598911855
Murshidabad,2007,Autumn,0.5297959620325583
Murshidabad,2007,Summer,0.4656788987927931
Murshidabad,2007,Winter,0.5335707546732297
Murshidabad,2008,Autumn,0.5238886875828243
Murshidabad,2008,Summer,0.4527726793298613
Murshidabad,2008,Winter,0.5422117482411424
Murshidabad,2009,Autumn,0.5185294895051076
Murshidabad,2009,Summer,0.4347751382870732
Murshidabad,2009,Winter,0.5428606775694461
Murshidabad,2010,Autumn,0.5350975490679
Murshidabad,2010,Summer,0.4282227365995195
Murshidabad,2010,Winter,0.574369535250284
Murshidabad,2011,Autumn,0.5457306484198161
Murshidabad,2011,Summer,0.4896077971103402
Murshidabad,2011,Winter,0.5237727230738632
Murshidabad,2012,Autumn,0.5001928152189438
Murshidabad,2012,Summer,0.4239202674229528
Murshidabad,2012,Winter,0.560759325748397
Murshidabad,2013,Autumn,0.5981220514513392
Murshidabad,2013,Summer,0.4527064669007842
Murshidabad,2013,Winter,0.5651873101895286
Murshidabad,2014,Autumn,0.5366455849519822
Murshidabad,2014,Summer,0.4484402187723667
Murshidabad,2014,Winter,0.5647220363594051
Murshidabad,2015,Autumn,0.5590230418914331
Murshidabad,2015,Summer,0.4876004341329903
Murshidabad,2015,Winter,0.5653898872155758
Murshidabad,2016,Autumn,0.5865651600598103
Murshidabad,2016,Summer,0.4775936324148321
Murshidabad,2016,Winter,0.5938850550554774
Murshidabad,2017,Autumn,0.6147288709007213
Murshidabad,2017,Summer,0.5039574992045746
Murshidabad,2017,Winter,0.5980084174979623
Murshidabad,2018,Autumn,0.5825391264849766
Murshidabad,2018,Summer,0.4950212986212188
Murshidabad,2018,Winter,0.5759462811455659
Murshidabad,2019,Autumn,0.6050455417495083
Murshidabad,2019,Summer,0.5306160715862962
Murshidabad,2019,Winter,0.5905118202531303
Nadia,2000,Autumn,0.4739709833154187
Nadia,2000,Summer,0.5087013706638517
Nadia,2000,Winter,0.4357939129433265
Nadia,2001,Autumn,0.5649279219948042
Nadia,2001,Summer,0.4955819724338404
Nadia,2001,Winter,0.5278794069537434
Nadia,2002,Autumn,0.5780736682881549
Nadia,2002,Summer,0.5127673915129402
Nadia,2002,Winter,0.5563347735209565
Nadia,2003,Autumn,0.5428237546722755
Nadia,2003,Summer,0.4897111487630068
Nadia,2003,Winter,0.5749899196968082
Nadia,2004,Autumn,0.5219979594028894
Nadia,2004,Summer,0.4721208084690416
Nadia,2004,Winter,0.5446606748533945
Nadia,2005,Autumn,0.5474511965270387
Nadia,2005,Summer,0.4888158960238282
Nadia,2005,Winter,0.5646404142402106
Nadia,2006,Autumn,0.5818298429421477
Nadia,2006,Summer,0.4903512290877796
Nadia,2006,Winter,0.5753138176503224
Nadia,2007,Autumn,0.5707412531963315
Nadia,2007,Summer,0.5208464631398612
Nadia,2007,Winter,0.576969154050692
Nadia,2008,Autumn,0.5677541976750652
Nadia,2008,Summer,0.5220937640300788
Nadia,2008,Winter,0.5673027429343012
Nadia,2009,Autumn,0.5701378346176922
Nadia,2009,Summer,0.4970505638297586
Nadia,2009,Winter,0.5726358217165975
Nadia,2010,Autumn,0.5814945216610173
Nadia,2010,Summer,0.4861456405799596
Nadia,2010,Winter,0.590817781568383
Nadia,2011,Autumn,0.5959992396324792
Nadia,2011,Summer,0.5404034859537318
Nadia,2011,Winter,0.5536262831838391
Nadia,2012,Autumn,0.5369186144490715
Nadia,2012,Summer,0.4683046273610474
Nadia,2012,Winter,0.5725986359170259
Nadia,2013,Autumn,0.6305815984244234
Nadia,2013,Summer,0.5182916691254636
Nadia,2013,Winter,0.5827724249160381
Nadia,2014,Autumn,0.5982689679467936
Nadia,2014,Summer,0.5108607677751583
Nadia,2014,Winter,0.5933791602884092
Nadia,2015,Autumn,0.5967086050296774
Nadia,2015,Summer,0.5312749626316469
Nadia,2015,Winter,0.5819293187629296
Nadia,2016,Autumn,0.6258654752842467
Nadia,2016,Summer,0.527140519614781
Nadia,2016,Winter,0.599630819538326
Nadia,2017,Autumn,0.6651572972093031
Nadia,2017,Summer,0.5571178626571581
Nadia,2017,Winter,0.6307584023582183
Nadia,2018,Autumn,0.6275894649973344
Nadia,2018,Summer,0.5471438805005676
Nadia,2018,Winter,0.6025551196980832
Nadia,2019,Autumn,0.642540439233358
Nadia,2019,Summer,0.5781188496030348
Nadia,2019,Winter,0.6337788448046623
North 24 Parganas,2000,Autumn,0.5076662170276866
North 24 Parganas,2000,Summer,0.4679867006790716
North 24 Parganas,2000,Winter,0.517603685259337
North 24 Parganas,2001,Autumn,0.5537952497785373
North 24 Parganas,2001,Summer,0.4568698995245246
North 24 Parganas,2001,Winter,0.5526763763140224
North 24 Parganas,2002,Autumn,0.5293410602594689
North 24 Parganas,2002,Summer,0.4514236167003569
North 24 Parganas,2002,Winter,0.5550526757503546
North 24 Parganas,2003,Autumn,0.5012678708717077
North 24 Parganas,2003,Summer,0.4465127302197653
North 24 Parganas,2003,Winter,0.5564724002598447
North 24 Parganas,2004,Autumn,0.4965518860650714
North 24 Parganas,2004,Summer,0.434450285605818
North 24 Parganas,2004,Winter,0.532250299219379
North 24 Parganas,2005,Autumn,0.5109149788793136
North 24 Parganas,2005,Summer,0.4551195550331873
North 24 Parganas,2005,Winter,0.552406190444383
North 24 Parganas,2006,Autumn,0.5334643170874592
North 24 Parganas,2006,Summer,0.4530016292274667
North 24 Parganas,2006,Winter,0.5519106867180865
North 24 Parganas,2007,Autumn,0.5244924282490153
North 24 Parganas,2007,Summer,0.4669873343276771
North 24 Parganas,2007,Winter,0.5532507525463457
North 24 Parganas,2008,Autumn,0.5186477126510283
North 24 Parganas,2008,Summer,0.4715023967926583
North 24 Parganas,2008,Winter,0.5624749266742125
North 24 Parganas,2009,Autumn,0.501982782944024
North 24 Parganas,2009,Summer,0.4352431955647026
North 24 Parganas,2009,Winter,0.5297663481490937
North 24 Parganas,2010,Autumn,0.5449629325146729
North 24 Parganas,2010,Summer,0.4281975495513805
North 24 Parganas,2010,Winter,0.5507698620672203
North 24 Parganas,2011,Autumn,0.5408555793793905
North 24 Parganas,2011,Summer,0.4602754117891681
North 24 Parganas,2011,Winter,0.5267664242397732
North 24 Parganas,2012,Autumn,0.4971960823205045
North 24 Parganas,2012,Summer,0.4331175405234673
North 24 Parganas,2012,Winter,0.5491199531361807
North 24 Parganas,2013,Autumn,0.5795633770630004
North 24 Parganas,2013,Summer,0.4648739542716006
North 24 Parganas,2013,Winter,0.5614607930521287
North 24 Parganas,2014,Autumn,0.5540294247670023
North 24 Parganas,2014,Summer,0.4478403496406153
North 24 Parganas,2014,Winter,0.5638798679281831
North 24 Parganas,2015,Autumn,0.5512819500605369
North 24 Parganas,2015,Summer,0.4759366998872696
North 24 Parganas,2015,Winter,0.5608296764545899
North 24 Parganas,2016,Autumn,0.5532374809305078
North 24 Parganas,2016,Summer,0.4815362442403292
North 24 Parganas,2016,Winter,0.5585049300771249
North 24 Parganas,2017,Autumn,0.5555561227706208
North 24 Parganas,2017,Summer,0.4795456967227217
North 24 Parganas,2017,Winter,0.5736779937138321
North 24 Parganas,2018,Autumn,0.5530841285775981
North 24 Parganas,2018,Summer,0.481474469357613
North 24 Parganas,2018,Winter,0.5496675972354896
North 24 Parganas,2019,Autumn,0.5565531054925691
North 24 Parganas,2019,Summer,0.5011549532553778
North 24 Parganas,2019,Winter,0.5788029093237919
Paschim Bardhaman,2000,Autumn,0.4998489362439642
Paschim Bardhaman,2000,Summer,0.3936854430566675
Paschim Bardhaman,2000,Winter,0.5304907367297381
Paschim Bardhaman,2001,Autumn,0.5385616724963342
Paschim Bardhaman,2001,Summer,0.3690739920548651
Paschim Bardhaman,2001,Winter,0.5776272376341909
Paschim Bardhaman,2002,Autumn,0.4983236800319051
Paschim Bardhaman,2002,Summer,0.3749813249734533
Paschim Bardhaman,2002,Winter,0.5567407756096546
Paschim Bardhaman,2003,Autumn,0.4669700356153344
Paschim Bardhaman,2003,Summer,0.3790511356541877
Paschim Bardhaman,2003,Winter,0.5555092004580173
Paschim Bardhaman,2004,Autumn,0.5042807200066187
Paschim Bardhaman,2004,Summer,0.3579115510275245
Paschim Bardhaman,2004,Winter,0.5695914678803631
Paschim Bardhaman,2005,Autumn,0.5006562192276175
Paschim Bardhaman,2005,Summer,0.3706769909659576
Paschim Bardhaman,2005,Winter,0.5626173615166228
Paschim Bardhaman,2006,Autumn,0.5442962824011262
Paschim Bardhaman,2006,Summer,0.3872290161208044
Paschim Bardhaman,2006,Winter,0.5610135699437789
Paschim Bardhaman,2007,Autumn,0.5222988559770445
Paschim Bardhaman,2007,Summer,0.4154023588684725
Paschim Bardhaman,2007,Winter,0.5577778911548836
Paschim Bardhaman,2008,Autumn,0.5198760834885372
Paschim Bardhaman,2008,Summer,0.352436015711583
Paschim Bardhaman,2008,Winter,0.5644455663504339
Paschim Bardhaman,2009,Autumn,0.4936043234641098
Paschim Bardhaman,2009,Summer,0.3272803696138313
Paschim Bardhaman,2009,Winter,0.5341696758222362
Paschim Bardhaman,2010,Autumn,0.465661866636645
Paschim Bardhaman,2010,Summer,0.3130932946474969
Paschim Bardhaman,2010,Winter,0.5409203379406675
Paschim Bardhaman,2011,Autumn,0.5173150495851175
Paschim Bardhaman,2011,Summer,0.3818287944850139
Paschim Bardhaman,2011,Winter,0.5320873317754296
Paschim Bardhaman,2012,Autumn,0.4664509054382229
Paschim Bardhaman,2012,Summer,0.3153221461979653
Paschim Bardhaman,2012,Winter,0.5650133865087474
Paschim Bardhaman,2013,Autumn,0.5274692919811261
Paschim Bardhaman,2013,Summer,0.3707067470687002
Paschim Bardhaman,2013,Winter,0.5843392996523669
Paschim Bardhaman,2014,Autumn,0.4915834610415673
Paschim Bardhaman,2014,Summer,0.3612843885395553
Paschim Bardhaman,2014,Winter,0.5516067233777473
Paschim Bardhaman,2015,Autumn,0.5617532243420399
Paschim Bardhaman,2015,Summer,0.3983464947786624
Paschim Bardhaman,2015,Winter,0.5706946272368897
Paschim Bardhaman,2016,Autumn,0.489775140612486
Paschim Bardhaman,2016,Summer,0.338170061907992
Paschim Bardhaman,2016,Winter,0.5823286280124543
Paschim Bardhaman,2017,Autumn,0.5515299519659994
Paschim Bardhaman,2017,Summer,0.4020557027997617
Paschim Bardhaman,2017,Winter,0.5933022634727504
Paschim Bardhaman,2018,Autumn,0.5435916906539148
Paschim Bardhaman,2018,Summer,0.4102123326739163
Paschim Bardhaman,2018,Winter,0.5564568261547745
Paschim Bardhaman,2019,Autumn,0.5467440470980929
Paschim Bardhaman,2019,Summer,0.4280885214244838
Paschim Bardhaman,2019,Winter,0.5875207062189395
Paschim Medinipur,2000,Autumn,0.542283125895721
Paschim Medinipur,2000,Summer,0.442632197544645
Paschim Medinipur,2000,Winter,0.5896887856730528
Paschim Medinipur,2001,Autumn,0.5969522023419015
Paschim Medinipur,2001,Summer,0.4352244586875456
Paschim Medinipur,2001,Winter,0.6193071784809061
Paschim Medinipur,2002,Autumn,0.5377606158568807
Paschim Medinipur,2002,Summer,0.4322835708219869
Paschim Medinipur,2002,Winter,0.5959532477717783
Paschim Medinipur,2003,Autumn,0.5031579549171412
Paschim Medinipur,2003,Summer,0.4244604497460331
Paschim Medinipur,2003,Winter,0.610995950253523
Paschim Medinipur,2004,Autumn,0.5390177365799604
Paschim Medinipur,2004,Summer,0.4211172259766628
Paschim Medinipur,2004,Winter,0.6112170194890437
Paschim Medinipur,2005,Autumn,0.5527436646006778
Paschim Medinipur,2005,Summer,0.4574550492412076
Paschim Medinipur,2005,Winter,0.6098826141222438
Paschim Medinipur,2006,Autumn,0.581545897976316
Paschim Medinipur,2006,Summer,0.4483453924764034
Paschim Medinipur,2006,Winter,0.6139238809836489
Paschim Medinipur,2007,Autumn,0.5259369815205688
Paschim Medinipur,2007,Summer,0.4585847335379073
Paschim Medinipur,2007,Winter,0.581928704678787
Paschim Medinipur,2008,Autumn,0.5741266066520528
Paschim Medinipur,2008,Summer,0.4747119018546021
Paschim Medinipur,2008,Winter,0.610757171859779
Paschim Medinipur,2009,Autumn,0.5474047438076712
Paschim Medinipur,2009,Summer,0.4152915849178943
Paschim Medinipur,2009,Winter,0.6169391373412876
Paschim Medinipur,2010,Autumn,0.5688559355385967
Paschim Medinipur,2010,Summer,0.4179869434504105
Paschim Medinipur,2010,Winter,0.6297251518201452
Paschim Medinipur,2011,Autumn,0.5983217597593276
Paschim Medinipur,2011,Summer,0.5104215219677003
Paschim Medinipur,2011,Winter,0.6147568147791509
Paschim Medinipur,2012,Autumn,0.5315821825650803
Paschim Medinipur,2012,Summer,0.4398566797872673
Paschim Medinipur,2012,Winter,0.6254013280298787
Paschim Medinipur,2013,Autumn,0.5970362651542457
Paschim Medinipur,2013,Summer,0.4915252141985836
Paschim Medinipur,2013,Winter,0.6465010585205471
Paschim Medinipur,2014,Autumn,0.5856748951620129
Paschim Medinipur,2014,Summer,0.4838724422591913
Paschim Medinipur,2014,Winter,0.6330938121851963
Paschim Medinipur,2015,Autumn,0.6359833169891499
Paschim Medinipur,2015,Summer,0.5130758407808066
Paschim Medinipur,2015,Winter,0.6697156323052909
Paschim Medinipur,2016,Autumn,0.5878623671896496
Paschim Medinipur,2016,Summer,0.4826026401888084
Paschim Medinipur,2016,Winter,0.6533564932879709
Paschim Medinipur,2017,Autumn,0.6221743402887914
Paschim Medinipur,2017,Summer,0.5088944123994433
Paschim Medinipur,2017,Winter,0.684810042553219
Paschim Medinipur,2018,Autumn,0.6250572130910372
Paschim Medinipur,2018,Summer,0.5461309628176828
Paschim Medinipur,2018,Winter,0.6455845789129263
Paschim Medinipur,2019,Autumn,0.6116910742655479
Paschim Medinipur,2019,Summer,0.5554612993467762
Paschim Medinipur,2019,Winter,0.6654147817621214
Purba Bardhaman,2000,Autumn,0.4839648522553457
Purba Bardhaman,2000,Summer,0.4834633450973679
Purba Bardhaman,2000,Winter,0.5287816742232806
Purba Bardhaman,2001,Autumn,0.5881038136205706
Purba Bardhaman,2001,Summer,0.4619849690550215
Purba Bardhaman,2001,Winter,0.6056717485469281
Purba Bardhaman,2002,Autumn,0.5600425912972707
Purba Bardhaman,2002,Summer,0.4764883226987454
Purba Bardhaman,2002,Winter,0.6005088339245336
Purba Bardhaman,2003,Autumn,0.4980914495845271
Purba Bardhaman,2003,Summer,0.4585890686929149
Purba Bardhaman,2003,Winter,0.586145913895232
Purba Bardhaman,2004,Autumn,0.528182864306348
Purba Bardhaman,2004,Summer,0.4406753283490667
Purba Bardhaman,2004,Winter,0.5908034047403923
Purba Bardhaman,2005,Autumn,0.5625912326698549
Purba Bardhaman,2005,Summer,0.4542166754774724
Purba Bardhaman,2005,Winter,0.6261530468173129
Purba Bardhaman,2006,Autumn,0.5603963207097401
Purba Bardhaman,2006,Summer,0.4417089111526774
Purba Bardhaman,2006,Winter,0.5945930772064671
Purba Bardhaman,2007,Autumn,0.5389724341444952
Purba Bardhaman,2007,Summer,0.48086535682093
Purba Bardhaman,2007,Winter,0.5840287709442764
Purba Bardhaman,2008,Autumn,0.5836338107228669
Purba Bardhaman,2008,Summer,0.4875199793492164
Purba Bardhaman,2008,Winter,0.5993437821333862
Purba Bardhaman,2009,Autumn,0.560903938400519
Purba Bardhaman,2009,Summer,0.4562984071300842
Purba Bardhaman,2009,Winter,0.6080655351213752
Purba Bardhaman,2010,Autumn,0.5462677966283769
Purba Bardhaman,2010,Summer,0.4509100269829992
Purba Bardhaman,2010,Winter,0.6096069348260419
Purba Bardhaman,2011,Autumn,0.5861202828930743
Purba Bardhaman,2011,Summer,0.4921761551997031
Purba Bardhaman,2011,Winter,0.5890888223269568
Purba Bardhaman,2012,Autumn,0.5359819593025167
Purba Bardhaman,2012,Summer,0.424211717861016
Purba Bardhaman,2012,Winter,0.6260377403444127
Purba Bardhaman,2013,Autumn,0.6305039620975461
Purba Bardhaman,2013,Summer,0.4655201885523167
Purba Bardhaman,2013,Winter,0.6315233842522805
Purba Bardhaman,2014,Autumn,0.5721375103755
Purba Bardhaman,2014,Summer,0.4621373759056827
Purba Bardhaman,2014,Winter,0.6310214621398751
Purba Bardhaman,2015,Autumn,0.6041778776901978
Purba Bardhaman,2015,Summer,0.4753582240882697
Purba Bardhaman,2015,Winter,0.6546236687387976
Purba Bardhaman,2016,Autumn,0.5671030409878008
Purba Bardhaman,2016,Summer,0.4442038856962827
Purba Bardhaman,2016,Winter,0.6501481316005014
Purba Bardhaman,2017,Autumn,0.6245438027620507
Purba Bardhaman,2017,Summer,0.5029167576341426
Purba Bardhaman,2017,Winter,0.6579459401805693
Purba Bardhaman,2018,Autumn,0.5728275716626875
Purba Bardhaman,2018,Summer,0.5013578780199779
Purba Bardhaman,2018,Winter,0.6136735991701688
Purba Bardhaman,2019,Autumn,0.5939191240437212
Purba Bardhaman,2019,Summer,0.5158957455548373
Purba Bardhaman,2019,Winter,0.6370320535237164
Purba Medinipur,2000,Autumn,0.4987387901435527
Purba Medinipur,2000,Summer,0.4387667478504468
Purba Medinipur,2000,Winter,0.5792032927453328
Purba Medinipur,2001,Autumn,0.5624858377970625
Purba Medinipur,2001,Summer,0.4457517059932661
Purba Medinipur,2001,Winter,0.6200163798275845
Purba Medinipur,2002,Autumn,0.5250200083267675
Purba Medinipur,2002,Summer,0.4222637612093414
Purba Medinipur,2002,Winter,0.6005095040679032
Purba Medinipur,2003,Autumn,0.4803296550098538
Purba Medinipur,2003,Summer,0.4248443953299602
Purba Medinipur,2003,Winter,0.6081230665068108
Purba Medinipur,2004,Autumn,0.4755608046009023
Purba Medinipur,2004,Summer,0.4096272098739318
Purba Medinipur,2004,Winter,0.5862770216539727
Purba Medinipur,2005,Autumn,0.518705787640351
Purba Medinipur,2005,Summer,0.4598337881653552
Purba Medinipur,2005,Winter,0.5729796639742678
Purba Medinipur,2006,Autumn,0.5260579987397046
Purba Medinipur,2006,Summer,0.4507201878662689
Purba Medinipur,2006,Winter,0.5954650674014248
Purba Medinipur,2007,Autumn,0.4434473873341736
Purba Medinipur,2007,Summer,0.4509358805161507
Purba Medinipur,2007,Winter,0.5405544672551933
Purba Medinipur,2008,Autumn,0.4990684519161511
Purba Medinipur,2008,Summer,0.4700006372585967
Purba Medinipur,2008,Winter,0.5844021335954218
Purba Medinipur,2009,Autumn,0.5243880232568503
Purba Medinipur,2009,Summer,0.4213144575053317
Purba Medinipur,2009,Winter,0.6151293248251127
Purba Medinipur,2010,Autumn,0.5461902044568571
Purba Medinipur,2010,Summer,0.4320607104687551
Purba Medinipur,2010,Winter,0.6351407551414398
Purba Medinipur,2011,Autumn,0.5563516930299736
Purba Medinipur,2011,Summer,0.4950257059259179
Purba Medinipur,2011,Winter,0.5883683979707802
Purba Medinipur,2012,Autumn,0.4846725925561203
Purba Medinipur,2012,Summer,0.4184749663657121
Purba Medinipur,2012,Winter,0.6250076619100754
Purba Medinipur,2013,Autumn,0.564062932356448
Purba Medinipur,2013,Summer,0.4905069263616316
Purba Medinipur,2013,Winter,0.6126100152773077
Purba Medinipur,2014,Autumn,0.5369645392068683
Purba Medinipur,2014,Summer,0.4852687999114333
Purba Medinipur,2014,Winter,0.601071108866624
Purba Medinipur,2015,Autumn,0.563905106696001
Purba Medinipur,2015,Summer,0.5048522685299084
Purba Medinipur,2015,Winter,0.6334270449289346
Purba Medinipur,2016,Autumn,0.5395511026881765
Purba Medinipur,2016,Summer,0.4757429797969971
Purba Medinipur,2016,Winter,0.6480878959273646
Purba Medinipur,2017,Autumn,0.5678701159096462
Purba Medinipur,2017,Summer,0.5145754674003122
Purba Medinipur,2017,Winter,0.6683668725149209
Purba Medinipur,2018,Autumn,0.5719174858461507
Purba Medinipur,2018,Summer,0.5160968843500305
Purba Medinipur,2018,Winter,0.6220906997550267
Purba Medinipur,2019,Autumn,0.5640819032786669
Purba Medinipur,2019,Summer,0.5274791784474164
Purba Medinipur,2019,Winter,0.6520715035140097
Purulia,2000,Autumn,0.4855212354239113
Purulia,2000,Summer,0.3536536760840505
Purulia,2000,Winter,0.5262206536634445
Purulia,2001,Autumn,0.526853949172539
Purulia,2001,Summer,0.3213430382536002
Purulia,2001,Winter,0.5801246096908722
Purulia,2002,Autumn,0.467636826622774
Purulia,2002,Summer,0.322221569980627
Purulia,2002,Winter,0.5430378349788094
Purulia,2003,Autumn,0.4319715357764398
Purulia,2003,Summer,0.3332641371713154
Purulia,2003,Winter,0.5401054411945723
Purulia,2004,Autumn,0.5096390659354086
Purulia,2004,Summer,0.348489663428106
Purulia,2004,Winter,0.569038496083956
Purulia,2005,Autumn,0.4735816827731051
Purulia,2005,Summer,0.3175213741719204
Purulia,2005,Winter,0.5454614773834958
Purulia,2006,Autumn,0.5517753515112097
Purulia,2006,Summer,0.3527030198663148
Purulia,2006,Winter,0.55581467819965
Purulia,2007,Autumn,0.5054106367016795
Purulia,2007,Summer,0.3603019691513054
Purulia,2007,Winter,0.5538039349083035
Purulia,2008,Autumn,0.5075951281508982
Purulia,2008,Summer,0.2969839774849704
Purulia,2008,Winter,0.5698694681562648
Purulia,2009,Autumn,0.4951339409671515
Purulia,2009,Summer,0.3026751103951532
Purulia,2009,Winter,0.548425221912369
Purulia,2010,Autumn,0.4504203780457919
Purulia,2010,Summer,0.3066571225449775
Purulia,2010,Winter,0.5301637939194157
Purulia,2011,Autumn,0.5172676932604882
Purulia,2011,Summer,0.3531252965436637
Purulia,2011,Winter,0.5653868763252585
Purulia,2012,Autumn,0.4764945545432237
Purulia,2012,Summer,0.3369049994603746
Purulia,2012,Winter,0.5575347683498635
Purulia,2013,Autumn,0.5152136899885841
Purulia,2013,Summer,0.3661122793879448
Purulia,2013,Winter,0.6019884201216821
Purulia,2014,Autumn,0.5101967358468532
Purulia,2014,Summer,0.3696039173705778
Purulia,2014,Winter,0.5700249383581635
Purulia,2015,Autumn,0.5630261772094545
Purulia,2015,Summer,0.3774158801830942
Purulia,2015,Winter,0.5732843137117604
Purulia,2016,Autumn,0.4822409706107595
Purulia,2016,Summer,0.3004861668093043
Purulia,2016,Winter,0.5893683870074609
Purulia,2017,Autumn,0.5733414296335015
Purulia,2017,Summer,0.3723701326193748
Purulia,2017,Winter,0.6283400613856343
Purulia,2018,Autumn,0.5778793208668965
Purulia,2018,Summer,0.3952286467088873
Purulia,2018,Winter,0.6040766269067056
Purulia,2019,Autumn,0.5507435201210321
Purulia,2019,Summer,0.4203512981944438
Purulia,2019,Winter,0.6163828685815954
South 24 Parganas,2000,Autumn,0.5470964253020683
South 24 Parganas,2000,Summer,0.4519366227527299
South 24 Parganas,2000,Winter,0.5933024084361673
South 24 Parganas,2001,Autumn,0.5935607635691763
South 24 Parganas,2001,Summer,0.4554113682517274
South 24 Parganas,2001,Winter,0.618068362350521
South 24 Parganas,2002,Autumn,0.5554583209905964
South 24 Parganas,2002,Summer,0.4455409943810278
South 24 Parganas,2002,Winter,0.5985153761169847
South 24 Parganas,2003,Autumn,0.5133504713899574
South 24 Parganas,2003,Summer,0.4399214476111732
South 24 Parganas,2003,Winter,0.6028837447911893
South 24 Parganas,2004,Autumn,0.5220172326479687
South 24 Parganas,2004,Summer,0.4303395105044196
South 24 Parganas,2004,Winter,0.588412843704629
South 24 Parganas,2005,Autumn,0.546799965139528
South 24 Parganas,2005,Summer,0.4651322357800807
South 24 Parganas,2005,Winter,0.593118096265511
South 24 Parganas,2006,Autumn,0.5031187553568337
South 24 Parganas,2006,Summer,0.4560712541875477
South 24 Parganas,2006,Winter,0.5751802671013347
South 24 Parganas,2007,Autumn,0.4919045215327156
South 24 Parganas,2007,Summer,0.454573125799051
South 24 Parganas,2007,Winter,0.5752977980387379
South 24 Parganas,2008,Autumn,0.5435887823735341
South 24 Parganas,2008,Summer,0.4617952758287044
South 24 Parganas,2008,Winter,0.6043726168024125
South 24 Parganas,2009,Autumn,0.5393814783571663
South 24 Parganas,2009,Summer,0.4347943443037608
South 24 Parganas,2009,Winter,0.5837400730171062
South 24 Parganas,2010,Autumn,0.5552568504121367
South 24 Parganas,2010,Summer,0.419274285088395
South 24 Parganas,2010,Winter,0.5938934019633654
South 24 Parganas,2011,Autumn,0.5488062445212312
South 24 Parganas,2011,Summer,0.4664381264995745
South 24 Parganas,2011,Winter,0.5848825518865433
South 24 Parganas,2012,Autumn,0.5088195254288981
South 24 Parganas,2012,Summer,0.4281793873369039
South 24 Parganas,2012,Winter,0.6190847285829529
South 24 Parganas,2013,Autumn,0.6113917334417748
South 24 Parganas,2013,Summer,0.4746679873330831
South 24 Parganas,2013,Winter,0.6212807777792732
South 24 Parganas,2014,Autumn,0.5651676806419952
South 24 Parganas,2014,Summer,0.4754758786302638
South 24 Parganas,2014,Winter,0.6074850480615924
South 24 Parganas,2015,Autumn,0.5731679871096726
South 24 Parganas,2015,Summer,0.4844492930163726
South 24 Parganas,2015,Winter,0.6213419923122986
South 24 Parganas,2016,Autumn,0.5404309630261227
South 24 Parganas,2016,Summer,0.4772648859866337
South 24 Parganas,2016,Winter,0.606204903485133
South 24 Parganas,2017,Autumn,0.5594310426510808
South 24 Parganas,2017,Summer,0.5001314432340952
South 24 Parganas,2017,Winter,0.635242150141213
South 24 Parganas,2018,Autumn,0.5891669835796873
South 24 Parganas,2018,Summer,0.4969413628414441
South 24 Parganas,2018,Winter,0.612991383665218
South 24 Parganas,2019,Autumn,0.5763946277481121
South 24 Parganas,2019,Summer,0.5098972516530113
South 24 Parganas,2019,Winter,0.6188501840362662
Uttar Dinajpur,2000,Autumn,0.5961577912172393
Uttar Dinajpur,2000,Summer,0.4512705973168183
Uttar Dinajpur,2000,Winter,0.5790761428902558
Uttar Dinajpur,2001,Autumn,0.5720275735501106
Uttar Dinajpur,2001,Summer,0.4319049977702309
Uttar Dinajpur,2001,Winter,0.581819993797542
Uttar Dinajpur,2002,Autumn,0.6256839983701846
Uttar Dinajpur,2002,Summer,0.4778975647373335
Uttar Dinajpur,2002,Winter,0.5821490878917418
Uttar Dinajpur,2003,Autumn,0.568006494352067
Uttar Dinajpur,2003,Summer,0.4600308276081016
Uttar Dinajpur,2003,Winter,0.5930845576020992
Uttar Dinajpur,2004,Autumn,0.5801678165635861
Uttar Dinajpur,2004,Summer,0.4764868122934367
Uttar Dinajpur,2004,Winter,0.5936938652522287
Uttar Dinajpur,2005,Autumn,0.5957566990322049
Uttar Dinajpur,2005,Summer,0.4799650037752213
Uttar Dinajpur,2005,Winter,0.6115231040361435
Uttar Dinajpur,2006,Autumn,0.6392534335143419
Uttar Dinajpur,2006,Summer,0.477478795314081
Uttar Dinajpur,2006,Winter,0.6086678355512635
Uttar Dinajpur,2007,Autumn,0.6131334872439806
Uttar Dinajpur,2007,Summer,0.4656716318315417
Uttar Dinajpur,2007,Winter,0.6062389813403694
Uttar Dinajpur,2008,Autumn,0.6223054746279262
Uttar Dinajpur,2008,Summer,0.5029460970631278
Uttar Dinajpur,2008,Winter,0.5955701853372908
Uttar Dinajpur,2009,Autumn,0.6233039481686853
Uttar Dinajpur,2009,Summer,0.485973354670058
Uttar Dinajpur,2009,Winter,0.6143146555512509
Uttar Dinajpur,2010,Autumn,0.6167049054164929
Uttar Dinajpur,2010,Summer,0.4835792137392944
Uttar Dinajpur,2010,Winter,0.625776295098119
Uttar Dinajpur,2011,Autumn,0.6514604862587533
Uttar Dinajpur,2011,Summer,0.5268774255675543
Uttar Dinajpur,2011,Winter,0.6166039382966494
Uttar Dinajpur,2012,Autumn,0.6252870494324395
Uttar Dinajpur,2012,Summer,0.4773072409755316
Uttar Dinajpur,2012,Winter,0.6419053201717166
Uttar Dinajpur,2013,Autumn,0.6869391469389634
Uttar Dinajpur,2013,Summer,0.4956900806888702
Uttar Dinajpur,2013,Winter,0.6503012796582769
Uttar Dinajpur,2014,Autumn,0.6338301538734321
Uttar Dinajpur,2014,Summer,0.5002223304152771
Uttar Dinajpur,2014,Winter,0.6231369881291897
Uttar Dinajpur,2015,Autumn,0.6398158277231423
Uttar Dinajpur,2015,Summer,0.5535885813191345
Uttar Dinajpur,2015,Winter,0.6100818800834298
Uttar Dinajpur,2016,Autumn,0.675704058942878
Uttar Dinajpur,2016,Summer,0.514684601642297
Uttar Dinajpur,2016,Winter,0.6583666984605546
Uttar Dinajpur,2017,Autumn,0.6520427133675132
Uttar Dinajpur,2017,Summer,0.5785021747594161
Uttar Dinajpur,2017,Winter,0.6435734358401265
Uttar Dinajpur,2018,Autumn,0.679162172987016
Uttar Dinajpur,2018,Summer,0.5884867994524318
Uttar Dinajpur,2018,Winter,0.6378666766184103
Uttar Dinajpur,2019,Autumn,0.6686059450864545
Uttar Dinajpur,2019,Summer,0.5940647809302995
Uttar Dinajpur,2019,Winter,0.661493205838467
