Experiment,Period,Model,Class,Precision,Recall,F1,Support
Experiment A (Nominal),Fold 1 (2017-2018),Persistence Baseline,LOW,0.7574455795819646,0.7565715934085746,0.7570083342353069,27733
Experiment A (Nominal),Fold 1 (2017-2018),Persistence Baseline,MEDIUM,0.5224977856510186,0.5225903614457831,0.5225440694481354,11288
Experiment A (Nominal),Fold 1 (2017-2018),Persistence Baseline,HIGH,0.32400932400932403,0.32576167297638364,0.3248831355627472,5547
Experiment A (Nominal),Fold 1 (2017-2018),Always-Majority Baseline,LOW,0.6222626099443547,1.0,0.7671539812727348,27733
Experiment A (Nominal),Fold 1 (2017-2018),Always-Majority Baseline,MEDIUM,0.0,0.0,0.0,11288
Experiment A (Nominal),Fold 1 (2017-2018),Always-Majority Baseline,HIGH,0.0,0.0,0.0,5547
Experiment A (Nominal),Fold 1 (2017-2018),Stratified Baseline,LOW,0.6251523173242574,0.5364727941441604,0.5774276177908872,27733
Experiment A (Nominal),Fold 1 (2017-2018),Stratified Baseline,MEDIUM,0.2564454914278236,0.34718284904323177,0.2949943545351901,11288
Experiment A (Nominal),Fold 1 (2017-2018),Stratified Baseline,HIGH,0.12374703845452889,0.1224085091040202,0.12307413449338409,5547
Experiment A (Nominal),Fold 1 (2017-2018),XGBoost (Unweighted),LOW,0.7135499959341881,0.9492301590163343,0.8146875870392721,27733
Experiment A (Nominal),Fold 1 (2017-2018),XGBoost (Unweighted),MEDIUM,0.7060413354531001,0.39342664776754077,0.5052907042894528,11288
Experiment A (Nominal),Fold 1 (2017-2018),XGBoost (Unweighted),HIGH,0.5862815884476534,0.14638543356769426,0.23427582227351415,5547
Experiment A (Nominal),Fold 1 (2017-2018),XGBoost (Balanced),LOW,0.7653880785161175,0.766271229221505,0.7658293992576309,27733
Experiment A (Nominal),Fold 1 (2017-2018),XGBoost (Balanced),MEDIUM,0.6422091782283885,0.4264705882352941,0.5125638841567292,11288
Experiment A (Nominal),Fold 1 (2017-2018),XGBoost (Balanced),HIGH,0.2722681852369184,0.45682350820263207,0.3411875589066918,5547
Experiment A (Nominal),Fold 1 (2017-2018),XGBoost (Mild Sqrt),LOW,0.7354878733272281,0.8977391555186961,0.8085541699142634,27733
Experiment A (Nominal),Fold 1 (2017-2018),XGBoost (Mild Sqrt),MEDIUM,0.6628937678985408,0.4306343019135365,0.5220987057623113,11288
Experiment A (Nominal),Fold 1 (2017-2018),XGBoost (Mild Sqrt),HIGH,0.416371158392435,0.2540111772129079,0.3155301757921845,5547
Experiment A (Nominal),Fold 1 (2017-2018),Random Forest (Unweighted),LOW,0.7148544006980041,0.9453719395665813,0.8141098293716716,27733
Experiment A (Nominal),Fold 1 (2017-2018),Random Forest (Unweighted),MEDIUM,0.6858964852439567,0.409727143869596,0.513005379623981,11288
Experiment A (Nominal),Fold 1 (2017-2018),Random Forest (Unweighted),HIGH,0.6135770234986945,0.12709572742022715,0.21057347670250895,5547
Experiment A (Nominal),Fold 1 (2017-2018),Random Forest (Balanced),LOW,0.767982596911665,0.7765117369199149,0.7722236167389823,27733
Experiment A (Nominal),Fold 1 (2017-2018),Random Forest (Balanced),MEDIUM,0.6056123558842723,0.49326718639262934,0.5436969045991602,11288
Experiment A (Nominal),Fold 1 (2017-2018),Random Forest (Balanced),HIGH,0.30505932087822174,0.40328105282134485,0.347360248447205,5547
Experiment B (Normalized),Fold 1 (2017-2018),Persistence Baseline,LOW,0.7574455795819646,0.7565715934085746,0.7570083342353069,27733
Experiment B (Normalized),Fold 1 (2017-2018),Persistence Baseline,MEDIUM,0.5337809483843894,0.5356917245735945,0.5347346295323174,9498
Experiment B (Normalized),Fold 1 (2017-2018),Persistence Baseline,HIGH,0.3548738922972052,0.3547771568761074,0.3548255179934569,7337
Experiment B (Normalized),Fold 1 (2017-2018),Always-Majority Baseline,LOW,0.6222626099443547,1.0,0.7671539812727348,27733
Experiment B (Normalized),Fold 1 (2017-2018),Always-Majority Baseline,MEDIUM,0.0,0.0,0.0,9498
Experiment B (Normalized),Fold 1 (2017-2018),Always-Majority Baseline,HIGH,0.0,0.0,0.0,7337
Experiment B (Normalized),Fold 1 (2017-2018),Stratified Baseline,LOW,0.6242262004350009,0.5381314679262972,0.5779903564996804,27733
Experiment B (Normalized),Fold 1 (2017-2018),Stratified Baseline,MEDIUM,0.2145700636942675,0.2269951568751316,0.22060779699171185,9498
Experiment B (Normalized),Fold 1 (2017-2018),Stratified Baseline,HIGH,0.16471918582736525,0.23824451410658307,0.19477408212156666,7337
Experiment B (Normalized),Fold 1 (2017-2018),XGBoost (Unweighted),LOW,0.7150704301952466,0.9481844733710741,0.8152913637279675,27733
Experiment B (Normalized),Fold 1 (2017-2018),XGBoost (Unweighted),MEDIUM,0.7042303590472805,0.41714045062118343,0.5239354668077228,9498
Experiment B (Normalized),Fold 1 (2017-2018),XGBoost (Unweighted),HIGH,0.5498154981549815,0.16246422243423742,0.2508153603366649,7337
Experiment B (Normalized),Fold 1 (2017-2018),XGBoost (Balanced),LOW,0.773340509508432,0.7771607831824902,0.775245939967268,27733
Experiment B (Normalized),Fold 1 (2017-2018),XGBoost (Balanced),MEDIUM,0.5400125459270544,0.6344493577595284,0.583434186958416,9498
Experiment B (Normalized),Fold 1 (2017-2018),XGBoost (Balanced),HIGH,0.4177649395197689,0.315387760665122,0.35942839391115255,7337
Experiment B (Normalized),Fold 1 (2017-2018),XGBoost (Mild Sqrt),LOW,0.7403101942478543,0.8863808459236289,0.8067872263612196,27733
Experiment B (Normalized),Fold 1 (2017-2018),XGBoost (Mild Sqrt),MEDIUM,0.6150980879066302,0.5215834912613182,0.5644940747493163,9498
Experiment B (Normalized),Fold 1 (2017-2018),XGBoost (Mild Sqrt),HIGH,0.4962224236929586,0.22379719231293443,0.30847266578996807,7337
Experiment B (Normalized),Fold 1 (2017-2018),Random Forest (Unweighted),LOW,0.71323449549256,0.9471387877258141,0.8137110639550192,27733
Experiment B (Normalized),Fold 1 (2017-2018),Random Forest (Unweighted),MEDIUM,0.7055668577769558,0.4016635081069699,0.5119087554511909,9498
Experiment B (Normalized),Fold 1 (2017-2018),Random Forest (Unweighted),HIGH,0.5233604800685813,0.1664167916041979,0.25253360910031025,7337
Experiment B (Normalized),Fold 1 (2017-2018),Random Forest (Balanced),LOW,0.7785298745014818,0.767244798615368,0.7728461426703472,27733
Experiment B (Normalized),Fold 1 (2017-2018),Random Forest (Balanced),MEDIUM,0.5296811696318479,0.633185933880817,0.5768271628620756,9498
Experiment B (Normalized),Fold 1 (2017-2018),Random Forest (Balanced),HIGH,0.4047254801971783,0.32451955840261687,0.3602118003025719,7337
Experiment A (Nominal),Fold 2 (2019-2020),Persistence Baseline,LOW,0.7748051948051948,0.7761491760624458,0.7754766031195841,23060
Experiment A (Nominal),Fold 2 (2019-2020),Persistence Baseline,MEDIUM,0.497491219267436,0.4984917043740573,0.49799095931692616,7956
Experiment A (Nominal),Fold 2 (2019-2020),Persistence Baseline,HIGH,0.5051888152205246,0.5011438375750643,0.5031581969566465,6994
Experiment A (Nominal),Fold 2 (2019-2020),Always-Majority Baseline,LOW,0.6066824519863194,1.0,0.7551989520222695,23060
Experiment A (Nominal),Fold 2 (2019-2020),Always-Majority Baseline,MEDIUM,0.0,0.0,0.0,7956
Experiment A (Nominal),Fold 2 (2019-2020),Always-Majority Baseline,HIGH,0.0,0.0,0.0,6994
Experiment A (Nominal),Fold 2 (2019-2020),Stratified Baseline,LOW,0.6070240471438076,0.5539028620988725,0.5792481066618294,23060
Experiment A (Nominal),Fold 2 (2019-2020),Stratified Baseline,MEDIUM,0.21236055695790246,0.32780291603821016,0.2577457132974255,7956
Experiment A (Nominal),Fold 2 (2019-2020),Stratified Baseline,HIGH,0.18561979944527415,0.12439233628824707,0.1489598493279685,6994
Experiment A (Nominal),Fold 2 (2019-2020),XGBoost (Unweighted),LOW,0.7324614760746148,0.9399392888117953,0.8233305477474739,23060
Experiment A (Nominal),Fold 2 (2019-2020),XGBoost (Unweighted),MEDIUM,0.6515769944341373,0.44142785319255906,0.5263000149857635,7956
Experiment A (Nominal),Fold 2 (2019-2020),XGBoost (Unweighted),HIGH,0.7407529722589168,0.3207034601086646,0.4476152464577929,6994
Experiment A (Nominal),Fold 2 (2019-2020),XGBoost (Balanced),LOW,0.8028560656046753,0.7387250650477016,0.7694566150232621,23060
Experiment A (Nominal),Fold 2 (2019-2020),XGBoost (Balanced),MEDIUM,0.6115339083375613,0.45449974861739567,0.5214507174273559,7956
Experiment A (Nominal),Fold 2 (2019-2020),XGBoost (Balanced),HIGH,0.41786928945675156,0.6499857020303117,0.508700274156549,6994
Experiment A (Nominal),Fold 2 (2019-2020),XGBoost (Mild Sqrt),LOW,0.7660457048042839,0.8809193408499566,0.8194763806527089,23060
Experiment A (Nominal),Fold 2 (2019-2020),XGBoost (Mild Sqrt),MEDIUM,0.6246701846965699,0.4761186525892408,0.5403708987161199,7956
Experiment A (Nominal),Fold 2 (2019-2020),XGBoost (Mild Sqrt),HIGH,0.5956153279292558,0.46225336002287676,0.5205280953147642,6994
Experiment A (Nominal),Fold 2 (2019-2020),Random Forest (Unweighted),LOW,0.7338726054288228,0.9402862098872506,0.8243546363532677,23060
Experiment A (Nominal),Fold 2 (2019-2020),Random Forest (Unweighted),MEDIUM,0.6411732949433148,0.4478381096028155,0.5273440390734848,7956
Experiment A (Nominal),Fold 2 (2019-2020),Random Forest (Unweighted),HIGH,0.7512899896800825,0.31226765799256506,0.4411675588324412,6994
Experiment A (Nominal),Fold 2 (2019-2020),Random Forest (Balanced),LOW,0.8053300802327218,0.744319167389419,0.7736235999368986,23060
Experiment A (Nominal),Fold 2 (2019-2020),Random Forest (Balanced),MEDIUM,0.5917602996254682,0.4964806435394671,0.539949422459162,7956
Experiment A (Nominal),Fold 2 (2019-2020),Random Forest (Balanced),HIGH,0.4367391738176013,0.6258221332570775,0.514456981664316,6994
Experiment B (Normalized),Fold 2 (2019-2020),Persistence Baseline,LOW,0.7748051948051948,0.7761491760624458,0.7754766031195841,23060
Experiment B (Normalized),Fold 2 (2019-2020),Persistence Baseline,MEDIUM,0.5152180275095113,0.5185567010309279,0.5168819729888432,6790
Experiment B (Normalized),Fold 2 (2019-2020),Persistence Baseline,HIGH,0.49925705794947994,0.49411764705882355,0.49667405764966743,8160
Experiment B (Normalized),Fold 2 (2019-2020),Always-Majority Baseline,LOW,0.6066824519863194,1.0,0.7551989520222695,23060
Experiment B (Normalized),Fold 2 (2019-2020),Always-Majority Baseline,MEDIUM,0.0,0.0,0.0,6790
Experiment B (Normalized),Fold 2 (2019-2020),Always-Majority Baseline,HIGH,0.0,0.0,0.0,8160
Experiment B (Normalized),Fold 2 (2019-2020),Stratified Baseline,LOW,0.6057491949232809,0.554683434518647,0.579092720028975,23060
Experiment B (Normalized),Fold 2 (2019-2020),Stratified Baseline,MEDIUM,0.18181818181818182,0.2268041237113402,0.2018348623853211,6790
Experiment B (Normalized),Fold 2 (2019-2020),Stratified Baseline,HIGH,0.21711775878442546,0.2241421568627451,0.22057404727448143,8160
Experiment B (Normalized),Fold 2 (2019-2020),XGBoost (Unweighted),LOW,0.7323357145275418,0.938031222896791,0.8225183945852425,23060
Experiment B (Normalized),Fold 2 (2019-2020),XGBoost (Unweighted),MEDIUM,0.6719082022949426,0.46568483063328425,0.5501043841336117,6790
Experiment B (Normalized),Fold 2 (2019-2020),XGBoost (Unweighted),HIGH,0.6854260684895142,0.31642156862745097,0.43296721723819903,8160
Experiment B (Normalized),Fold 2 (2019-2020),XGBoost (Balanced),LOW,0.7972831289602043,0.7584562012142237,0.7773851590106007,23060
Experiment B (Normalized),Fold 2 (2019-2020),XGBoost (Balanced),MEDIUM,0.5118591279348347,0.6293078055964654,0.5645395692958118,6790
Experiment B (Normalized),Fold 2 (2019-2020),XGBoost (Balanced),HIGH,0.5299676375404531,0.5017156862745098,0.5154548316021403,8160
Experiment B (Normalized),Fold 2 (2019-2020),XGBoost (Mild Sqrt),LOW,0.7636665659921474,0.8771899392888118,0.8165011705820618,23060
Experiment B (Normalized),Fold 2 (2019-2020),XGBoost (Mild Sqrt),MEDIUM,0.5988590057049715,0.5410898379970545,0.5685106382978723,6790
Experiment B (Normalized),Fold 2 (2019-2020),XGBoost (Mild Sqrt),HIGH,0.6205680341563022,0.4096813725490196,0.4935410053886469,8160
Experiment B (Normalized),Fold 2 (2019-2020),Random Forest (Unweighted),LOW,0.7335976684289006,0.9387250650477017,0.8235808857099376,23060
Experiment B (Normalized),Fold 2 (2019-2020),Random Forest (Unweighted),MEDIUM,0.6832691872311524,0.44447717231222383,0.5385919514589096,6790
Experiment B (Normalized),Fold 2 (2019-2020),Random Forest (Unweighted),HIGH,0.6758873929008568,0.3383578431372549,0.4509595753368722,8160
Experiment B (Normalized),Fold 2 (2019-2020),Random Forest (Balanced),LOW,0.8017416144489495,0.7545967042497832,0.7774550978464838,23060
Experiment B (Normalized),Fold 2 (2019-2020),Random Forest (Balanced),MEDIUM,0.5064450066257078,0.6191458026509573,0.5571532701610231,6790
Experiment B (Normalized),Fold 2 (2019-2020),Random Forest (Balanced),HIGH,0.5279200499687695,0.5178921568627451,0.5228580266006805,8160
Experiment A (Nominal),Fold 3 (2021-2022),Persistence Baseline,LOW,0.7562862669245648,0.7554420162294448,0.7558639058338346,23291
Experiment A (Nominal),Fold 3 (2021-2022),Persistence Baseline,MEDIUM,0.47766323024054985,0.4809688581314879,0.4793103448275862,6647
Experiment A (Nominal),Fold 3 (2021-2022),Persistence Baseline,HIGH,0.5284294234592445,0.5273809523809524,0.5279046673286991,10080
Experiment A (Nominal),Fold 3 (2021-2022),Always-Majority Baseline,LOW,0.5820130941076516,1.0,0.7357879606375081,23291
Experiment A (Nominal),Fold 3 (2021-2022),Always-Majority Baseline,MEDIUM,0.0,0.0,0.0,6647
Experiment A (Nominal),Fold 3 (2021-2022),Always-Majority Baseline,HIGH,0.0,0.0,0.0,10080
Experiment A (Nominal),Fold 3 (2021-2022),Stratified Baseline,LOW,0.5804810567182829,0.5584989910265767,0.5692778993435449,23291
Experiment A (Nominal),Fold 3 (2021-2022),Stratified Baseline,MEDIUM,0.16571800292730526,0.30660448322551526,0.21514911586170493,6647
Experiment A (Nominal),Fold 3 (2021-2022),Stratified Baseline,HIGH,0.2534362643569949,0.13353174603174603,0.17490741342342928,10080
Experiment A (Nominal),Fold 3 (2021-2022),XGBoost (Unweighted),LOW,0.72229430748245,0.9321197028895282,0.8139011771762765,23291
Experiment A (Nominal),Fold 3 (2021-2022),XGBoost (Unweighted),MEDIUM,0.602496714848883,0.41387091921167446,0.49068046018014805,6647
Experiment A (Nominal),Fold 3 (2021-2022),XGBoost (Unweighted),HIGH,0.7269694161260426,0.3890873015873016,0.5068820678513731,10080
Experiment A (Nominal),Fold 3 (2021-2022),XGBoost (Balanced),LOW,0.7863252138248387,0.6749817526083036,0.7264116070603456,23291
Experiment A (Nominal),Fold 3 (2021-2022),XGBoost (Balanced),MEDIUM,0.5925309229305423,0.37475552880998947,0.45912819095014284,6647
Experiment A (Nominal),Fold 3 (2021-2022),XGBoost (Balanced),HIGH,0.4413753871436698,0.6927579365079365,0.5392069804254662,10080
Experiment A (Nominal),Fold 3 (2021-2022),XGBoost (Mild Sqrt),LOW,0.752777461798051,0.8523893349362415,0.7994925902061856,23291
Experiment A (Nominal),Fold 3 (2021-2022),XGBoost (Mild Sqrt),MEDIUM,0.5917085427135679,0.4251542049044682,0.4947912107152237,6647
Experiment A (Nominal),Fold 3 (2021-2022),XGBoost (Mild Sqrt),HIGH,0.588228661630398,0.5175595238095239,0.5506359174626629,10080
Experiment A (Nominal),Fold 3 (2021-2022),Random Forest (Unweighted),LOW,0.7198381640909995,0.9319479627323859,0.812274300682945,23291
Experiment A (Nominal),Fold 3 (2021-2022),Random Forest (Unweighted),MEDIUM,0.5882476832350463,0.42018955919963896,0.49021500658183415,6647
Experiment A (Nominal),Fold 3 (2021-2022),Random Forest (Unweighted),HIGH,0.7372947615324472,0.3742063492063492,0.4964464332719137,10080
Experiment A (Nominal),Fold 3 (2021-2022),Random Forest (Balanced),LOW,0.7847840986977381,0.688248679747542,0.7333531578104627,23291
Experiment A (Nominal),Fold 3 (2021-2022),Random Forest (Balanced),MEDIUM,0.560269108577836,0.45103054009327515,0.49974995832638774,6647
Experiment A (Nominal),Fold 3 (2021-2022),Random Forest (Balanced),HIGH,0.4663296116845727,0.6588293650793651,0.5461124131409071,10080
Experiment B (Normalized),Fold 3 (2021-2022),Persistence Baseline,LOW,0.7562862669245648,0.7554420162294448,0.7558639058338346,23291
Experiment B (Normalized),Fold 3 (2021-2022),Persistence Baseline,MEDIUM,0.5156917363045497,0.5165550595238095,0.5161230368924821,5376
Experiment B (Normalized),Fold 3 (2021-2022),Persistence Baseline,HIGH,0.541256157635468,0.5420667782574222,0.5416611646639377,11351
Experiment B (Normalized),Fold 3 (2021-2022),Always-Majority Baseline,LOW,0.5820130941076516,1.0,0.7357879606375081,23291
Experiment B (Normalized),Fold 3 (2021-2022),Always-Majority Baseline,MEDIUM,0.0,0.0,0.0,5376
Experiment B (Normalized),Fold 3 (2021-2022),Always-Majority Baseline,HIGH,0.0,0.0,0.0,11351
Experiment B (Normalized),Fold 3 (2021-2022),Stratified Baseline,LOW,0.5813375909171545,0.5627924949551328,0.5719147450860621,23291
Experiment B (Normalized),Fold 3 (2021-2022),Stratified Baseline,MEDIUM,0.13193802035152635,0.21223958333333334,0.16272104962920708,5376
Experiment B (Normalized),Fold 3 (2021-2022),Stratified Baseline,HIGH,0.287916572205849,0.2237688309400053,0.25182174193228574,11351
Experiment B (Normalized),Fold 3 (2021-2022),XGBoost (Unweighted),LOW,0.7261728228633054,0.9251212914859817,0.8136623680682741,23291
Experiment B (Normalized),Fold 3 (2021-2022),XGBoost (Unweighted),MEDIUM,0.6388192703982177,0.42671130952380953,0.5116538418646147,5376
Experiment B (Normalized),Fold 3 (2021-2022),XGBoost (Unweighted),HIGH,0.7098445595854922,0.4224297418729627,0.5296586766817629,11351
Experiment B (Normalized),Fold 3 (2021-2022),XGBoost (Balanced),LOW,0.7797431326843092,0.7324717702116698,0.7553686074828426,23291
Experiment B (Normalized),Fold 3 (2021-2022),XGBoost (Balanced),MEDIUM,0.5273116156630471,0.5961681547619048,0.5596298236423957,5376
Experiment B (Normalized),Fold 3 (2021-2022),XGBoost (Balanced),HIGH,0.5524417544150568,0.5869967403752974,0.5691952844695028,11351
Experiment B (Normalized),Fold 3 (2021-2022),XGBoost (Mild Sqrt),LOW,0.753254060542406,0.8621785238933494,0.8040440440440441,23291
Experiment B (Normalized),Fold 3 (2021-2022),XGBoost (Mild Sqrt),MEDIUM,0.5984337611485752,0.51171875,0.5516895618169056,5376
Experiment B (Normalized),Fold 3 (2021-2022),XGBoost (Mild Sqrt),HIGH,0.642433234421365,0.495903444630429,0.5597374832198081,11351
Experiment B (Normalized),Fold 3 (2021-2022),Random Forest (Unweighted),LOW,0.7232733994286674,0.9240049804645571,0.811408965803265,23291
Experiment B (Normalized),Fold 3 (2021-2022),Random Forest (Unweighted),MEDIUM,0.6284673578033062,0.4172247023809524,0.5015092230296255,5376
Experiment B (Normalized),Fold 3 (2021-2022),Random Forest (Unweighted),HIGH,0.7039139527935464,0.4151176107831909,0.5222499307287337,11351
Experiment B (Normalized),Fold 3 (2021-2022),Random Forest (Balanced),LOW,0.7806880014756064,0.7268902151045468,0.7528292238255108,23291
Experiment B (Normalized),Fold 3 (2021-2022),Random Forest (Balanced),MEDIUM,0.5221052631578947,0.5997023809523809,0.5582200675266211,5376
Experiment B (Normalized),Fold 3 (2021-2022),Random Forest (Balanced),HIGH,0.5443777247676236,0.5830323319531319,0.5630423685553854,11351
Experiment A (Nominal),Holdout (2023-2024),Persistence Baseline,LOW,0.7759202832907848,0.7745170571311139,0.7752180352147441,12165
Experiment A (Nominal),Holdout (2023-2024),Persistence Baseline,MEDIUM,0.49454184584849487,0.4898427260812582,0.49218106995884775,3052
Experiment A (Nominal),Holdout (2023-2024),Persistence Baseline,HIGH,0.5206963249516441,0.5258839617112717,0.5232772864223928,5119
Experiment A (Nominal),Holdout (2023-2024),Always-Majority Baseline,LOW,0.5982002360346184,1.0,0.7485923510045844,12165
Experiment A (Nominal),Holdout (2023-2024),Always-Majority Baseline,MEDIUM,0.0,0.0,0.0,3052
Experiment A (Nominal),Holdout (2023-2024),Always-Majority Baseline,HIGH,0.0,0.0,0.0,5119
Experiment A (Nominal),Holdout (2023-2024),Stratified Baseline,LOW,0.6004876349703936,0.566872174270448,0.5831959068036704,12165
Experiment A (Nominal),Holdout (2023-2024),Stratified Baseline,MEDIUM,0.15050453223875493,0.28833551769331583,0.19777503090234858,3052
Experiment A (Nominal),Holdout (2023-2024),Stratified Baseline,HIGH,0.2582362728785358,0.15159210783356125,0.19103889709502708,5119
Experiment A (Nominal),Holdout (2023-2024),XGBoost (Unweighted),LOW,0.7414466282840315,0.9210028771064529,0.821528083296671,12165
Experiment A (Nominal),Holdout (2023-2024),XGBoost (Unweighted),MEDIUM,0.6288009179575444,0.35910878112712974,0.45714285714285713,3052
Experiment A (Nominal),Holdout (2023-2024),XGBoost (Unweighted),HIGH,0.6407237219988512,0.43582731002148856,0.5187768864085571,5119
Experiment A (Nominal),Holdout (2023-2024),XGBoost (Balanced),LOW,0.802606882168926,0.6327168105219894,0.7076074465640083,12165
Experiment A (Nominal),Holdout (2023-2024),XGBoost (Balanced),MEDIUM,0.5832305795314426,0.30996068152031453,0.40479246897732135,3052
Experiment A (Nominal),Holdout (2023-2024),XGBoost (Balanced),HIGH,0.4089215256466462,0.7288532916585271,0.5239064803763253,5119
Experiment A (Nominal),Holdout (2023-2024),XGBoost (Mild Sqrt),LOW,0.7741032238534887,0.8408549116317304,0.8060995311083967,12165
Experiment A (Nominal),Holdout (2023-2024),XGBoost (Mild Sqrt),MEDIUM,0.6043285238623751,0.3568152031454784,0.44870210135970334,3052
Experiment A (Nominal),Holdout (2023-2024),XGBoost (Mild Sqrt),HIGH,0.5441729323308271,0.5655401445594843,0.5546508286234314,5119
Experiment A (Nominal),Holdout (2023-2024),Random Forest (Unweighted),LOW,0.7445767195767196,0.9254418413481299,0.825215319772769,12165
Experiment A (Nominal),Holdout (2023-2024),Random Forest (Unweighted),MEDIUM,0.6231180184555609,0.42038007863695936,0.5020543924867932,3052
Experiment A (Nominal),Holdout (2023-2024),Random Forest (Unweighted),HIGH,0.677541970224897,0.4178550498144169,0.5169163847269213,5119
Experiment A (Nominal),Holdout (2023-2024),Random Forest (Balanced),LOW,0.7955790666918572,0.6923140156185779,0.7403630609643532,12165
Experiment A (Nominal),Holdout (2023-2024),Random Forest (Balanced),MEDIUM,0.5786416443252904,0.4243119266055046,0.4896030245746692,3052
Experiment A (Nominal),Holdout (2023-2024),Random Forest (Balanced),HIGH,0.4520766773162939,0.6634108224262552,0.5377246457129286,5119
Experiment B (Normalized),Holdout (2023-2024),Persistence Baseline,LOW,0.7759202832907848,0.7745170571311139,0.7752180352147441,12165
Experiment B (Normalized),Holdout (2023-2024),Persistence Baseline,MEDIUM,0.5169871794871795,0.5122261035249286,0.5145956292869677,3149
Experiment B (Normalized),Holdout (2023-2024),Persistence Baseline,HIGH,0.5138971023063276,0.519115890083632,0.5164933135215454,5022
Experiment B (Normalized),Holdout (2023-2024),Always-Majority Baseline,LOW,0.5982002360346184,1.0,0.7485923510045844,12165
Experiment B (Normalized),Holdout (2023-2024),Always-Majority Baseline,MEDIUM,0.0,0.0,0.0,3149
Experiment B (Normalized),Holdout (2023-2024),Always-Majority Baseline,HIGH,0.0,0.0,0.0,5022
Experiment B (Normalized),Holdout (2023-2024),Stratified Baseline,LOW,0.5968495759044486,0.566872174270448,0.5814747670643787,12165
Experiment B (Normalized),Holdout (2023-2024),Stratified Baseline,MEDIUM,0.14906982362889587,0.1959352175293744,0.16931942919868276,3149
Experiment B (Normalized),Holdout (2023-2024),Stratified Baseline,HIGH,0.2461770407064398,0.22759856630824374,0.2365235385411278,5022
Experiment B (Normalized),Holdout (2023-2024),XGBoost (Unweighted),LOW,0.7414938862307283,0.9172215371968763,0.8200492411714989,12165
Experiment B (Normalized),Holdout (2023-2024),XGBoost (Unweighted),MEDIUM,0.6421923474663909,0.3944109241028898,0.48868778280542985,3149
Experiment B (Normalized),Holdout (2023-2024),XGBoost (Unweighted),HIGH,0.6362552176505665,0.4249303066507368,0.5095510983763133,5022
Experiment B (Normalized),Holdout (2023-2024),XGBoost (Balanced),LOW,0.7986554042406482,0.7616933826551583,0.7797366095847184,12165
Experiment B (Normalized),Holdout (2023-2024),XGBoost (Balanced),MEDIUM,0.5293604651162791,0.5782788186725945,0.5527394141751404,3149
Experiment B (Normalized),Holdout (2023-2024),XGBoost (Balanced),HIGH,0.527578390630903,0.5561529271206691,0.5414889492051183,5022
Experiment B (Normalized),Holdout (2023-2024),XGBoost (Mild Sqrt),LOW,0.7707076651463881,0.8612412659268393,0.8134632555611631,12165
Experiment B (Normalized),Holdout (2023-2024),XGBoost (Mild Sqrt),MEDIUM,0.5888382687927107,0.4925373134328358,0.5363997924952447,3149
Experiment B (Normalized),Holdout (2023-2024),XGBoost (Mild Sqrt),HIGH,0.5922590068159689,0.48446833930704897,0.5329682365826944,5022
Experiment B (Normalized),Holdout (2023-2024),Random Forest (Unweighted),LOW,0.7432932469935245,0.924702013974517,0.8241327521154621,12165
Experiment B (Normalized),Holdout (2023-2024),Random Forest (Unweighted),MEDIUM,0.6709445585215605,0.4150523975865354,0.5128506964881303,3149
Experiment B (Normalized),Holdout (2023-2024),Random Forest (Unweighted),HIGH,0.6558082360172096,0.4249303066507368,0.5157080715321412,5022
Experiment B (Normalized),Holdout (2023-2024),Random Forest (Balanced),LOW,0.797543377426559,0.7632552404438965,0.7800226824043348,12165
Experiment B (Normalized),Holdout (2023-2024),Random Forest (Balanced),MEDIUM,0.5245337159253946,0.5805017465862179,0.55110039192041,3149
Experiment B (Normalized),Holdout (2023-2024),Random Forest (Balanced),HIGH,0.5323478594739873,0.5521704500199124,0.5420779982406412,5022
Experiment A (Nominal),Holdout (2023-2024),XGBoost (Tuned Macro-F1),LOW,0.7775333737864077,0.8415565224530006,0.8082791247782377,12181
Experiment A (Nominal),Holdout (2023-2024),XGBoost (Tuned Macro-F1),MEDIUM,0.5668896321070234,0.4442988204456094,0.4981631153563556,3052
Experiment A (Nominal),Holdout (2023-2024),XGBoost (Tuned Macro-F1),HIGH,0.5711892797319933,0.5329165852705606,0.5513895907023749,5119
Experiment A (Nominal),Holdout (2023-2024),XGBoost (Tuned Constrained),LOW,0.783315107014529,0.8232493227157048,0.8027858944081976,12181
Experiment A (Nominal),Holdout (2023-2024),XGBoost (Tuned Constrained),MEDIUM,0.5693462897526502,0.42234600262123195,0.4849510910458992,3052
Experiment A (Nominal),Holdout (2023-2024),XGBoost (Tuned Constrained),HIGH,0.5438895194854332,0.5616331314709905,0.5526189332051898,5119
Experiment B (Normalized),Holdout (2023-2024),XGBoost (Tuned Macro-F1),LOW,0.7727373476172885,0.8586322961989984,0.8134235495411417,12181
Experiment B (Normalized),Holdout (2023-2024),XGBoost (Tuned Macro-F1),MEDIUM,0.577159378388146,0.5071451254366466,0.5398918187964841,3149
Experiment B (Normalized),Holdout (2023-2024),XGBoost (Tuned Macro-F1),HIGH,0.5977777777777777,0.482078853046595,0.5337301587301587,5022
Experiment B (Normalized),Holdout (2023-2024),XGBoost (Tuned Constrained),LOW,0.781516478451256,0.8351531072982514,0.8074450353202635,12181
Experiment B (Normalized),Holdout (2023-2024),XGBoost (Tuned Constrained),MEDIUM,0.5624571036376115,0.5204826929183868,0.5406564407059211,3149
Experiment B (Normalized),Holdout (2023-2024),XGBoost (Tuned Constrained),HIGH,0.5797330920606197,0.5103544404619673,0.5428359631473049,5022
Experiment B (Normalized),Holdout (2023-2024),Random Forest (Tuned Macro-F1),LOW,0.7728846012224759,0.8615877185781134,0.8148291925465838,12181
Experiment B (Normalized),Holdout (2023-2024),Random Forest (Tuned Macro-F1),MEDIUM,0.5756738078783691,0.5290568434423627,0.5513817640244911,3149
Experiment B (Normalized),Holdout (2023-2024),Random Forest (Tuned Macro-F1),HIGH,0.614333591131735,0.47451214655515733,0.5354454555667902,5022
