Experiment,Period,Model,N,Accuracy,Balanced_Accuracy,Macro_F1,MCC,HIGH_Recall,HIGH_Precision,HIGH_F1,MEDIUM_Recall,MEDIUM_Precision,MEDIUM_F1,LOW_Recall,LOW_Precision,LOW_F1
Experiment A (Nominal),Fold 1 (2017-2018),Persistence Baseline,44568,0.6437,0.535,0.5348,0.3321,0.3258,0.324,0.3249,0.5226,0.5225,0.5225,0.7566,0.7574,0.757
Experiment A (Nominal),Fold 1 (2017-2018),Always-Majority Baseline,44568,0.6223,0.3333,0.2557,0.0,0.0,0.0,0.0,0.0,0.0,0.0,1.0,0.6223,0.7672
Experiment A (Nominal),Fold 1 (2017-2018),Stratified Baseline,44568,0.437,0.3354,0.3318,0.0046,0.1224,0.1237,0.1231,0.3472,0.2564,0.295,0.5365,0.6252,0.5774
Experiment A (Nominal),Fold 1 (2017-2018),XGBoost (Unweighted),44568,0.7085,0.4963,0.5181,0.3886,0.1464,0.5863,0.2343,0.3934,0.706,0.5053,0.9492,0.7135,0.8147
Experiment A (Nominal),Fold 1 (2017-2018),XGBoost (Balanced),44568,0.6417,0.5499,0.5399,0.3456,0.4568,0.2723,0.3412,0.4265,0.6422,0.5126,0.7663,0.7654,0.7658
Experiment A (Nominal),Fold 1 (2017-2018),XGBoost (Mild Sqrt),44568,0.6993,0.5275,0.5487,0.3849,0.254,0.4164,0.3155,0.4306,0.6629,0.5221,0.8977,0.7355,0.8086
Experiment A (Nominal),Fold 1 (2017-2018),Random Forest (Unweighted),44568,0.7079,0.4941,0.5126,0.3862,0.1271,0.6136,0.2106,0.4097,0.6859,0.513,0.9454,0.7149,0.8141
Experiment A (Nominal),Fold 1 (2017-2018),Random Forest (Balanced),44568,0.6583,0.5577,0.5544,0.3636,0.4033,0.3051,0.3474,0.4933,0.6056,0.5437,0.7765,0.768,0.7722
Experiment B (Normalized),Fold 1 (2017-2018),Persistence Baseline,44568,0.6434,0.549,0.5489,0.3402,0.3548,0.3549,0.3548,0.5357,0.5338,0.5347,0.7566,0.7574,0.757
Experiment B (Normalized),Fold 1 (2017-2018),Always-Majority Baseline,44568,0.6223,0.3333,0.2557,0.0,0.0,0.0,0.0,0.0,0.0,0.0,1.0,0.6223,0.7672
Experiment B (Normalized),Fold 1 (2017-2018),Stratified Baseline,44568,0.4225,0.3345,0.3311,0.0025,0.2382,0.1647,0.1948,0.227,0.2146,0.2206,0.5381,0.6242,0.578
Experiment B (Normalized),Fold 1 (2017-2018),XGBoost (Unweighted),44568,0.7057,0.5093,0.53,0.3902,0.1625,0.5498,0.2508,0.4171,0.7042,0.5239,0.9482,0.7151,0.8153
Experiment B (Normalized),Fold 1 (2017-2018),XGBoost (Balanced),44568,0.6707,0.5757,0.5727,0.388,0.3154,0.4178,0.3594,0.6344,0.54,0.5834,0.7772,0.7733,0.7752
Experiment B (Normalized),Fold 1 (2017-2018),XGBoost (Mild Sqrt),44568,0.6996,0.5439,0.5599,0.3951,0.2238,0.4962,0.3085,0.5216,0.6151,0.5645,0.8864,0.7403,0.8068
Experiment B (Normalized),Fold 1 (2017-2018),Random Forest (Unweighted),44568,0.7024,0.5051,0.5261,0.3819,0.1664,0.5234,0.2525,0.4017,0.7056,0.5119,0.9471,0.7132,0.8137
Experiment B (Normalized),Fold 1 (2017-2018),Random Forest (Balanced),44568,0.6658,0.575,0.57,0.3848,0.3245,0.4047,0.3602,0.6332,0.5297,0.5768,0.7672,0.7785,0.7728
Experiment A (Nominal),Fold 2 (2019-2020),Persistence Baseline,38010,0.6674,0.5919,0.5922,0.3995,0.5011,0.5052,0.5032,0.4985,0.4975,0.498,0.7761,0.7748,0.7755
Experiment A (Nominal),Fold 2 (2019-2020),Always-Majority Baseline,38010,0.6067,0.3333,0.2517,0.0,0.0,0.0,0.0,0.0,0.0,0.0,1.0,0.6067,0.7552
Experiment A (Nominal),Fold 2 (2019-2020),Stratified Baseline,38010,0.4275,0.3354,0.3287,0.0024,0.1244,0.1856,0.149,0.3278,0.2124,0.2577,0.5539,0.607,0.5792
Experiment A (Nominal),Fold 2 (2019-2020),XGBoost (Unweighted),38010,0.7217,0.5674,0.5991,0.4542,0.3207,0.7408,0.4476,0.4414,0.6516,0.5263,0.9399,0.7325,0.8233
Experiment A (Nominal),Fold 2 (2019-2020),XGBoost (Balanced),38010,0.6629,0.6144,0.5999,0.4207,0.65,0.4179,0.5087,0.4545,0.6115,0.5215,0.7387,0.8029,0.7695
Experiment A (Nominal),Fold 2 (2019-2020),XGBoost (Mild Sqrt),38010,0.7192,0.6064,0.6268,0.4641,0.4623,0.5956,0.5205,0.4761,0.6247,0.5404,0.8809,0.766,0.8195
Experiment A (Nominal),Fold 2 (2019-2020),Random Forest (Unweighted),38010,0.7217,0.5668,0.5976,0.4544,0.3123,0.7513,0.4412,0.4478,0.6412,0.5273,0.9403,0.7339,0.8244
Experiment A (Nominal),Fold 2 (2019-2020),Random Forest (Balanced),38010,0.6706,0.6222,0.6093,0.4305,0.6258,0.4367,0.5145,0.4965,0.5918,0.5399,0.7443,0.8053,0.7736
Experiment B (Normalized),Fold 2 (2019-2020),Persistence Baseline,38010,0.6696,0.5963,0.5963,0.4031,0.4941,0.4993,0.4967,0.5186,0.5152,0.5169,0.7761,0.7748,0.7755
Experiment B (Normalized),Fold 2 (2019-2020),Always-Majority Baseline,38010,0.6067,0.3333,0.2517,0.0,0.0,0.0,0.0,0.0,0.0,0.0,1.0,0.6067,0.7552
Experiment B (Normalized),Fold 2 (2019-2020),Stratified Baseline,38010,0.4252,0.3352,0.3338,0.0013,0.2241,0.2171,0.2206,0.2268,0.1818,0.2018,0.5547,0.6057,0.5791
Experiment B (Normalized),Fold 2 (2019-2020),XGBoost (Unweighted),38010,0.7202,0.5734,0.6019,0.453,0.3164,0.6854,0.433,0.4657,0.6719,0.5501,0.938,0.7323,0.8225
Experiment B (Normalized),Fold 2 (2019-2020),XGBoost (Balanced),38010,0.6803,0.6298,0.6191,0.4372,0.5017,0.53,0.5155,0.6293,0.5119,0.5645,0.7585,0.7973,0.7774
Experiment B (Normalized),Fold 2 (2019-2020),XGBoost (Mild Sqrt),38010,0.7168,0.6093,0.6262,0.4609,0.4097,0.6206,0.4935,0.5411,0.5989,0.5685,0.8772,0.7637,0.8165
Experiment B (Normalized),Fold 2 (2019-2020),Random Forest (Unweighted),38010,0.7215,0.5739,0.6044,0.4553,0.3384,0.6759,0.451,0.4445,0.6833,0.5386,0.9387,0.7336,0.8236
Experiment B (Normalized),Fold 2 (2019-2020),Random Forest (Balanced),38010,0.6796,0.6305,0.6192,0.4385,0.5179,0.5279,0.5229,0.6191,0.5064,0.5572,0.7546,0.8017,0.7775
Experiment A (Nominal),Fold 3 (2021-2022),Persistence Baseline,40018,0.6524,0.5879,0.5877,0.3908,0.5274,0.5284,0.5279,0.481,0.4777,0.4793,0.7554,0.7563,0.7559
Experiment A (Nominal),Fold 3 (2021-2022),Always-Majority Baseline,40018,0.582,0.3333,0.2453,0.0,0.0,0.0,0.0,0.0,0.0,0.0,1.0,0.582,0.7358
Experiment A (Nominal),Fold 3 (2021-2022),Stratified Baseline,40018,0.4096,0.3329,0.3198,-0.0013,0.1335,0.2534,0.1749,0.3066,0.1657,0.2151,0.5585,0.5805,0.5693
Experiment A (Nominal),Fold 3 (2021-2022),XGBoost (Unweighted),40018,0.7093,0.5784,0.6038,0.4563,0.3891,0.727,0.5069,0.4139,0.6025,0.4907,0.9321,0.7223,0.8139
Experiment A (Nominal),Fold 3 (2021-2022),XGBoost (Balanced),40018,0.6296,0.5808,0.5749,0.3846,0.6928,0.4414,0.5392,0.3748,0.5925,0.4591,0.675,0.7863,0.7264
Experiment A (Nominal),Fold 3 (2021-2022),XGBoost (Mild Sqrt),40018,0.6971,0.5984,0.615,0.4445,0.5176,0.5882,0.5506,0.4252,0.5917,0.4948,0.8524,0.7528,0.7995
Experiment A (Nominal),Fold 3 (2021-2022),Random Forest (Unweighted),40018,0.7065,0.5754,0.5996,0.4512,0.3742,0.7373,0.4964,0.4202,0.5882,0.4902,0.9319,0.7198,0.8123
Experiment A (Nominal),Fold 3 (2021-2022),Random Forest (Balanced),40018,0.6414,0.5994,0.5931,0.3992,0.6588,0.4663,0.5461,0.451,0.5603,0.4997,0.6882,0.7848,0.7334
Experiment B (Normalized),Fold 3 (2021-2022),Persistence Baseline,40018,0.6628,0.6047,0.6045,0.4011,0.5421,0.5413,0.5417,0.5166,0.5157,0.5161,0.7554,0.7563,0.7559
Experiment B (Normalized),Fold 3 (2021-2022),Always-Majority Baseline,40018,0.582,0.3333,0.2453,0.0,0.0,0.0,0.0,0.0,0.0,0.0,1.0,0.582,0.7358
Experiment B (Normalized),Fold 3 (2021-2022),Stratified Baseline,40018,0.4195,0.3329,0.3288,0.0001,0.2238,0.2879,0.2518,0.2122,0.1319,0.1627,0.5628,0.5813,0.5719
Experiment B (Normalized),Fold 3 (2021-2022),XGBoost (Unweighted),40018,0.7156,0.5914,0.6183,0.4645,0.4224,0.7098,0.5297,0.4267,0.6388,0.5117,0.9251,0.7262,0.8137
Experiment B (Normalized),Fold 3 (2021-2022),XGBoost (Balanced),40018,0.6729,0.6385,0.6281,0.4328,0.587,0.5524,0.5692,0.5962,0.5273,0.5596,0.7325,0.7797,0.7554
Experiment B (Normalized),Fold 3 (2021-2022),XGBoost (Mild Sqrt),40018,0.7112,0.6233,0.6385,0.466,0.4959,0.6424,0.5597,0.5117,0.5984,0.5517,0.8622,0.7533,0.804
Experiment B (Normalized),Fold 3 (2021-2022),Random Forest (Unweighted),40018,0.7116,0.5854,0.6117,0.4561,0.4151,0.7039,0.5222,0.4172,0.6285,0.5015,0.924,0.7233,0.8114
Experiment B (Normalized),Fold 3 (2021-2022),Random Forest (Balanced),40018,0.669,0.6365,0.6247,0.4281,0.583,0.5444,0.563,0.5997,0.5221,0.5582,0.7269,0.7807,0.7528
Experiment A (Nominal),Holdout (2023-2024),Persistence Baseline,20336,0.6692,0.5967,0.5969,0.4056,0.5259,0.5207,0.5233,0.4898,0.4945,0.4922,0.7745,0.7759,0.7752
Experiment A (Nominal),Holdout (2023-2024),Always-Majority Baseline,20336,0.5982,0.3333,0.2495,0.0,0.0,0.0,0.0,0.0,0.0,0.0,1.0,0.5982,0.7486
Experiment A (Nominal),Holdout (2023-2024),Stratified Baseline,20336,0.4205,0.3356,0.324,0.0042,0.1516,0.2582,0.191,0.2883,0.1505,0.1978,0.5669,0.6005,0.5832
Experiment A (Nominal),Holdout (2023-2024),XGBoost (Unweighted),20336,0.7145,0.572,0.5991,0.4476,0.4358,0.6407,0.5188,0.3591,0.6288,0.4571,0.921,0.7414,0.8215
Experiment A (Nominal),Holdout (2023-2024),XGBoost (Balanced),20336,0.6085,0.5572,0.5454,0.3578,0.7289,0.4089,0.5239,0.31,0.5832,0.4048,0.6327,0.8026,0.7076
Experiment A (Nominal),Holdout (2023-2024),XGBoost (Mild Sqrt),20336,0.6989,0.5877,0.6032,0.4375,0.5655,0.5442,0.5547,0.3568,0.6043,0.4487,0.8409,0.7741,0.8061
Experiment A (Nominal),Holdout (2023-2024),Random Forest (Unweighted),20336,0.7219,0.5879,0.6147,0.465,0.4179,0.6775,0.5169,0.4204,0.6231,0.5021,0.9254,0.7446,0.8252
Experiment A (Nominal),Holdout (2023-2024),Random Forest (Balanced),20336,0.6448,0.5933,0.5892,0.3941,0.6634,0.4521,0.5377,0.4243,0.5786,0.4896,0.6923,0.7956,0.7404
Experiment B (Normalized),Holdout (2023-2024),Persistence Baseline,20336,0.6708,0.602,0.6021,0.4095,0.5191,0.5139,0.5165,0.5122,0.517,0.5146,0.7745,0.7759,0.7752
Experiment B (Normalized),Holdout (2023-2024),Always-Majority Baseline,20336,0.5982,0.3333,0.2495,0.0,0.0,0.0,0.0,0.0,0.0,0.0,1.0,0.5982,0.7486
Experiment B (Normalized),Holdout (2023-2024),Stratified Baseline,20336,0.4256,0.3301,0.3291,-0.0037,0.2276,0.2462,0.2365,0.1959,0.1491,0.1693,0.5669,0.5968,0.5815
Experiment B (Normalized),Holdout (2023-2024),XGBoost (Unweighted),20336,0.7147,0.5789,0.6061,0.4498,0.4249,0.6363,0.5096,0.3944,0.6422,0.4887,0.9172,0.7415,0.82
Experiment B (Normalized),Holdout (2023-2024),XGBoost (Balanced),20336,0.6825,0.632,0.6247,0.4418,0.5562,0.5276,0.5415,0.5783,0.5294,0.5527,0.7617,0.7987,0.7797
Experiment B (Normalized),Holdout (2023-2024),XGBoost (Mild Sqrt),20336,0.7111,0.6127,0.6276,0.4592,0.4845,0.5923,0.533,0.4925,0.5888,0.5364,0.8612,0.7707,0.8135
Experiment B (Normalized),Holdout (2023-2024),Random Forest (Unweighted),20336,0.7224,0.5882,0.6176,0.4654,0.4249,0.6558,0.5157,0.4151,0.6709,0.5129,0.9247,0.7433,0.8241
Experiment B (Normalized),Holdout (2023-2024),Random Forest (Balanced),20336,0.6828,0.632,0.6244,0.4418,0.5522,0.5323,0.5421,0.5805,0.5245,0.5511,0.7633,0.7975,0.78
Experiment A (Nominal),Holdout (2023-2024),XGBoost (Tuned Macro-F1),20352,0.7044,0.6063,0.6193,0.45,0.5329,0.5712,0.5514,0.4443,0.5669,0.4982,0.8416,0.7775,0.8083
Experiment A (Nominal),Holdout (2023-2024),XGBoost (Tuned Constrained),20352,0.6973,0.6024,0.6135,0.4423,0.5616,0.5439,0.5526,0.4223,0.5693,0.485,0.8232,0.7833,0.8028
Experiment B (Normalized),Holdout (2023-2024),XGBoost (Tuned Macro-F1),20352,0.7113,0.616,0.629,0.4609,0.4821,0.5978,0.5337,0.5071,0.5772,0.5399,0.8586,0.7727,0.8134
Experiment B (Normalized),Holdout (2023-2024),XGBoost (Tuned Constrained),20352,0.7063,0.622,0.6303,0.459,0.5104,0.5797,0.5428,0.5205,0.5625,0.5407,0.8352,0.7815,0.8074
Experiment B (Normalized),Holdout (2023-2024),Random Forest (Tuned Macro-F1),20352,0.7146,0.6217,0.6339,0.4675,0.4745,0.6143,0.5354,0.5291,0.5757,0.5514,0.8616,0.7729,0.8148
