District,Year,Season,Season_Start,Cutoff,Max_Obs_Date,N_Days,Cutoff_Respected
Alipurduar,2016,Autumn,2016-05-01,2016-07-31,2016-07-31,92,True
Alipurduar,2017,Autumn,2017-05-01,2017-07-31,2017-07-31,92,True
Alipurduar,2018,Autumn,2018-05-01,2018-07-31,2018-07-31,92,True
Alipurduar,2019,Autumn,2019-05-01,2019-07-31,2019-07-31,92,True
Alipurduar,2016,Summer,2015-11-01,2016-02-28,2016-02-28,120,True
Alipurduar,2017,Summer,2016-11-01,2017-02-28,2017-02-28,120,True
Alipurduar,2018,Summer,2017-11-01,2018-02-28,2018-02-28,120,True
Alipurduar,2019,Summer,2018-11-01,2019-02-28,2019-02-28,120,True
Alipurduar,2016,Winter,2016-06-01,2016-09-30,2016-09-30,122,True
Alipurduar,2017,Winter,2017-06-01,2017-09-30,2017-09-30,122,True
Alipurduar,2018,Winter,2018-06-01,2018-09-30,2018-09-30,122,True
Alipurduar,2019,Winter,2019-06-01,2019-09-30,2019-09-30,122,True
Bankura,2000,Autumn,2000-05-01,2000-07-31,2000-07-31,92,True
Bankura,2001,Autumn,2001-05-01,2001-07-31,2001-07-31,92,True
Bankura,2002,Autumn,2002-05-01,2002-07-31,2002-07-31,92,True
Bankura,2003,Autumn,2003-05-01,2003-07-31,2003-07-31,92,True
Bankura,2004,Autumn,2004-05-01,2004-07-31,2004-07-31,92,True
Bankura,2005,Autumn,2005-05-01,2005-07-31,2005-07-31,92,True
Bankura,2006,Autumn,2006-05-01,2006-07-31,2006-07-31,92,True
Bankura,2007,Autumn,2007-05-01,2007-07-31,2007-07-31,92,True
Bankura,2008,Autumn,2008-05-01,2008-07-31,2008-07-31,92,True
Bankura,2009,Autumn,2009-05-01,2009-07-31,2009-07-31,92,True
Bankura,2010,Autumn,2010-05-01,2010-07-31,2010-07-31,92,True
Bankura,2011,Autumn,2011-05-01,2011-07-31,2011-07-31,92,True
Bankura,2012,Autumn,2012-05-01,2012-07-31,2012-07-31,92,True
Bankura,2013,Autumn,2013-05-01,2013-07-31,2013-07-31,92,True
Bankura,2014,Autumn,2014-05-01,2014-07-31,2014-07-31,92,True
Bankura,2015,Autumn,2015-05-01,2015-07-31,2015-07-31,92,True
Bankura,2016,Autumn,2016-05-01,2016-07-31,2016-07-31,92,True
Bankura,2017,Autumn,2017-05-01,2017-07-31,2017-07-31,92,True
Bankura,2018,Autumn,2018-05-01,2018-07-31,2018-07-31,92,True
Bankura,2019,Autumn,2019-05-01,2019-07-31,2019-07-31,92,True
Bankura,2000,Summer,1999-11-01,2000-02-28,2000-02-28,120,True
Bankura,2001,Summer,2000-11-01,2001-02-28,2001-02-28,120,True
Bankura,2002,Summer,2001-11-01,2002-02-28,2002-02-28,120,True
Bankura,2003,Summer,2002-11-01,2003-02-28,2003-02-28,120,True
Bankura,2004,Summer,2003-11-01,2004-02-28,2004-02-28,120,True
Bankura,2005,Summer,2004-11-01,2005-02-28,2005-02-28,120,True
Bankura,2006,Summer,2005-11-01,2006-02-28,2006-02-28,120,True
Bankura,2007,Summer,2006-11-01,2007-02-28,2007-02-28,120,True
Bankura,2008,Summer,2007-11-01,2008-02-28,2008-02-28,120,True
Bankura,2009,Summer,2008-11-01,2009-02-28,2009-02-28,120,True
Bankura,2010,Summer,2009-11-01,2010-02-28,2010-02-28,120,True
Bankura,2011,Summer,2010-11-01,2011-02-28,2011-02-28,120,True
Bankura,2012,Summer,2011-11-01,2012-02-28,2012-02-28,120,True
Bankura,2013,Summer,2012-11-01,2013-02-28,2013-02-28,120,True
Bankura,2014,Summer,2013-11-01,2014-02-28,2014-02-28,120,True
Bankura,2015,Summer,2014-11-01,2015-02-28,2015-02-28,120,True
Bankura,2016,Summer,2015-11-01,2016-02-28,2016-02-28,120,True
Bankura,2017,Summer,2016-11-01,2017-02-28,2017-02-28,120,True
Bankura,2018,Summer,2017-11-01,2018-02-28,2018-02-28,120,True
Bankura,2019,Summer,2018-11-01,2019-02-28,2019-02-28,120,True
Bankura,2000,Winter,2000-06-01,2000-09-30,2000-09-30,122,True
Bankura,2001,Winter,2001-06-01,2001-09-30,2001-09-30,122,True
Bankura,2002,Winter,2002-06-01,2002-09-30,2002-09-30,122,True
Bankura,2003,Winter,2003-06-01,2003-09-30,2003-09-30,122,True
Bankura,2004,Winter,2004-06-01,2004-09-30,2004-09-30,122,True
Bankura,2005,Winter,2005-06-01,2005-09-30,2005-09-30,122,True
Bankura,2006,Winter,2006-06-01,2006-09-30,2006-09-30,122,True
Bankura,2007,Winter,2007-06-01,2007-09-30,2007-09-30,122,True
Bankura,2008,Winter,2008-06-01,2008-09-30,2008-09-30,122,True
Bankura,2009,Winter,2009-06-01,2009-09-30,2009-09-30,122,True
Bankura,2010,Winter,2010-06-01,2010-09-30,2010-09-30,122,True
Bankura,2011,Winter,2011-06-01,2011-09-30,2011-09-30,122,True
Bankura,2012,Winter,2012-06-01,2012-09-30,2012-09-30,122,True
Bankura,2013,Winter,2013-06-01,2013-09-30,2013-09-30,122,True
Bankura,2014,Winter,2014-06-01,2014-09-30,2014-09-30,122,True
Bankura,2015,Winter,2015-06-01,2015-09-30,2015-09-30,122,True
Bankura,2016,Winter,2016-06-01,2016-09-30,2016-09-30,122,True
Bankura,2017,Winter,2017-06-01,2017-09-30,2017-09-30,122,True
Bankura,2018,Winter,2018-06-01,2018-09-30,2018-09-30,122,True
Bankura,2019,Winter,2019-06-01,2019-09-30,2019-09-30,122,True
Birbhum,2000,Autumn,2000-05-01,2000-07-31,2000-07-31,92,True
Birbhum,2001,Autumn,2001-05-01,2001-07-31,2001-07-31,92,True
Birbhum,2002,Autumn,2002-05-01,2002-07-31,2002-07-31,92,True
Birbhum,2003,Autumn,2003-05-01,2003-07-31,2003-07-31,92,True
Birbhum,2004,Autumn,2004-05-01,2004-07-31,2004-07-31,92,True
Birbhum,2005,Autumn,2005-05-01,2005-07-31,2005-07-31,92,True
Birbhum,2006,Autumn,2006-05-01,2006-07-31,2006-07-31,92,True
Birbhum,2007,Autumn,2007-05-01,2007-07-31,2007-07-31,92,True
Birbhum,2008,Autumn,2008-05-01,2008-07-31,2008-07-31,92,True
Birbhum,2009,Autumn,2009-05-01,2009-07-31,2009-07-31,92,True
Birbhum,2010,Autumn,2010-05-01,2010-07-31,2010-07-31,92,True
Birbhum,2011,Autumn,2011-05-01,2011-07-31,2011-07-31,92,True
Birbhum,2012,Autumn,2012-05-01,2012-07-31,2012-07-31,92,True
Birbhum,2013,Autumn,2013-05-01,2013-07-31,2013-07-31,92,True
Birbhum,2014,Autumn,2014-05-01,2014-07-31,2014-07-31,92,True
Birbhum,2015,Autumn,2015-05-01,2015-07-31,2015-07-31,92,True
Birbhum,2016,Autumn,2016-05-01,2016-07-31,2016-07-31,92,True
Birbhum,2017,Autumn,2017-05-01,2017-07-31,2017-07-31,92,True
Birbhum,2018,Autumn,2018-05-01,2018-07-31,2018-07-31,92,True
Birbhum,2019,Autumn,2019-05-01,2019-07-31,2019-07-31,92,True
Birbhum,2000,Summer,1999-11-01,2000-02-28,2000-02-28,120,True
Birbhum,2001,Summer,2000-11-01,2001-02-28,2001-02-28,120,True
Birbhum,2002,Summer,2001-11-01,2002-02-28,2002-02-28,120,True
Birbhum,2003,Summer,2002-11-01,2003-02-28,2003-02-28,120,True
Birbhum,2004,Summer,2003-11-01,2004-02-28,2004-02-28,120,True
Birbhum,2005,Summer,2004-11-01,2005-02-28,2005-02-28,120,True
Birbhum,2006,Summer,2005-11-01,2006-02-28,2006-02-28,120,True
Birbhum,2007,Summer,2006-11-01,2007-02-28,2007-02-28,120,True
Birbhum,2008,Summer,2007-11-01,2008-02-28,2008-02-28,120,True
Birbhum,2009,Summer,2008-11-01,2009-02-28,2009-02-28,120,True
Birbhum,2010,Summer,2009-11-01,2010-02-28,2010-02-28,120,True
Birbhum,2011,Summer,2010-11-01,2011-02-28,2011-02-28,120,True
Birbhum,2012,Summer,2011-11-01,2012-02-28,2012-02-28,120,True
Birbhum,2013,Summer,2012-11-01,2013-02-28,2013-02-28,120,True
Birbhum,2014,Summer,2013-11-01,2014-02-28,2014-02-28,120,True
Birbhum,2015,Summer,2014-11-01,2015-02-28,2015-02-28,120,True
Birbhum,2016,Summer,2015-11-01,2016-02-28,2016-02-28,120,True
Birbhum,2017,Summer,2016-11-01,2017-02-28,2017-02-28,120,True
Birbhum,2018,Summer,2017-11-01,2018-02-28,2018-02-28,120,True
Birbhum,2019,Summer,2018-11-01,2019-02-28,2019-02-28,120,True
Birbhum,2000,Winter,2000-06-01,2000-09-30,2000-09-30,122,True
Birbhum,2001,Winter,2001-06-01,2001-09-30,2001-09-30,122,True
Birbhum,2002,Winter,2002-06-01,2002-09-30,2002-09-30,122,True
Birbhum,2003,Winter,2003-06-01,2003-09-30,2003-09-30,122,True
Birbhum,2004,Winter,2004-06-01,2004-09-30,2004-09-30,122,True
Birbhum,2005,Winter,2005-06-01,2005-09-30,2005-09-30,122,True
Birbhum,2006,Winter,2006-06-01,2006-09-30,2006-09-30,122,True
Birbhum,2007,Winter,2007-06-01,2007-09-30,2007-09-30,122,True
Birbhum,2008,Winter,2008-06-01,2008-09-30,2008-09-30,122,True
Birbhum,2009,Winter,2009-06-01,2009-09-30,2009-09-30,122,True
Birbhum,2010,Winter,2010-06-01,2010-09-30,2010-09-30,122,True
Birbhum,2011,Winter,2011-06-01,2011-09-30,2011-09-30,122,True
Birbhum,2012,Winter,2012-06-01,2012-09-30,2012-09-30,122,True
Birbhum,2013,Winter,2013-06-01,2013-09-30,2013-09-30,122,True
Birbhum,2014,Winter,2014-06-01,2014-09-30,2014-09-30,122,True
Birbhum,2015,Winter,2015-06-01,2015-09-30,2015-09-30,122,True
Birbhum,2016,Winter,2016-06-01,2016-09-30,2016-09-30,122,True
Birbhum,2017,Winter,2017-06-01,2017-09-30,2017-09-30,122,True
Birbhum,2018,Winter,2018-06-01,2018-09-30,2018-09-30,122,True
Birbhum,2019,Winter,2019-06-01,2019-09-30,2019-09-30,122,True
Cooch Behar,2000,Autumn,2000-05-01,2000-07-31,2000-07-31,92,True
Cooch Behar,2001,Autumn,2001-05-01,2001-07-31,2001-07-31,92,True
Cooch Behar,2002,Autumn,2002-05-01,2002-07-31,2002-07-31,92,True
Cooch Behar,2003,Autumn,2003-05-01,2003-07-31,2003-07-31,92,True
Cooch Behar,2004,Autumn,2004-05-01,2004-07-31,2004-07-31,92,True
Cooch Behar,2005,Autumn,2005-05-01,2005-07-31,2005-07-31,92,True
Cooch Behar,2006,Autumn,2006-05-01,2006-07-31,2006-07-31,92,True
Cooch Behar,2007,Autumn,2007-05-01,2007-07-31,2007-07-31,92,True
Cooch Behar,2008,Autumn,2008-05-01,2008-07-31,2008-07-31,92,True
Cooch Behar,2009,Autumn,2009-05-01,2009-07-31,2009-07-31,92,True
Cooch Behar,2010,Autumn,2010-05-01,2010-07-31,2010-07-31,92,True
Cooch Behar,2011,Autumn,2011-05-01,2011-07-31,2011-07-31,92,True
Cooch Behar,2012,Autumn,2012-05-01,2012-07-31,2012-07-31,92,True
Cooch Behar,2013,Autumn,2013-05-01,2013-07-31,2013-07-31,92,True
Cooch Behar,2014,Autumn,2014-05-01,2014-07-31,2014-07-31,92,True
Cooch Behar,2015,Autumn,2015-05-01,2015-07-31,2015-07-31,92,True
Cooch Behar,2016,Autumn,2016-05-01,2016-07-31,2016-07-31,92,True
Cooch Behar,2017,Autumn,2017-05-01,2017-07-31,2017-07-31,92,True
Cooch Behar,2018,Autumn,2018-05-01,2018-07-31,2018-07-31,92,True
Cooch Behar,2019,Autumn,2019-05-01,2019-07-31,2019-07-31,92,True
Cooch Behar,2000,Summer,1999-11-01,2000-02-28,2000-02-28,120,True
Cooch Behar,2001,Summer,2000-11-01,2001-02-28,2001-02-28,120,True
Cooch Behar,2002,Summer,2001-11-01,2002-02-28,2002-02-28,120,True
Cooch Behar,2003,Summer,2002-11-01,2003-02-28,2003-02-28,120,True
Cooch Behar,2004,Summer,2003-11-01,2004-02-28,2004-02-28,120,True
Cooch Behar,2005,Summer,2004-11-01,2005-02-28,2005-02-28,120,True
Cooch Behar,2006,Summer,2005-11-01,2006-02-28,2006-02-28,120,True
Cooch Behar,2007,Summer,2006-11-01,2007-02-28,2007-02-28,120,True
Cooch Behar,2008,Summer,2007-11-01,2008-02-28,2008-02-28,120,True
Cooch Behar,2009,Summer,2008-11-01,2009-02-28,2009-02-28,120,True
Cooch Behar,2010,Summer,2009-11-01,2010-02-28,2010-02-28,120,True
Cooch Behar,2011,Summer,2010-11-01,2011-02-28,2011-02-28,120,True
Cooch Behar,2012,Summer,2011-11-01,2012-02-28,2012-02-28,120,True
Cooch Behar,2013,Summer,2012-11-01,2013-02-28,2013-02-28,120,True
Cooch Behar,2014,Summer,2013-11-01,2014-02-28,2014-02-28,120,True
Cooch Behar,2015,Summer,2014-11-01,2015-02-28,2015-02-28,120,True
Cooch Behar,2016,Summer,2015-11-01,2016-02-28,2016-02-28,120,True
Cooch Behar,2017,Summer,2016-11-01,2017-02-28,2017-02-28,120,True
Cooch Behar,2018,Summer,2017-11-01,2018-02-28,2018-02-28,120,True
Cooch Behar,2019,Summer,2018-11-01,2019-02-28,2019-02-28,120,True
Cooch Behar,2000,Winter,2000-06-01,2000-09-30,2000-09-30,122,True
Cooch Behar,2001,Winter,2001-06-01,2001-09-30,2001-09-30,122,True
Cooch Behar,2002,Winter,2002-06-01,2002-09-30,2002-09-30,122,True
Cooch Behar,2003,Winter,2003-06-01,2003-09-30,2003-09-30,122,True
Cooch Behar,2004,Winter,2004-06-01,2004-09-30,2004-09-30,122,True
Cooch Behar,2005,Winter,2005-06-01,2005-09-30,2005-09-30,122,True
Cooch Behar,2006,Winter,2006-06-01,2006-09-30,2006-09-30,122,True
Cooch Behar,2007,Winter,2007-06-01,2007-09-30,2007-09-30,122,True
Cooch Behar,2008,Winter,2008-06-01,2008-09-30,2008-09-30,122,True
Cooch Behar,2009,Winter,2009-06-01,2009-09-30,2009-09-30,122,True
Cooch Behar,2010,Winter,2010-06-01,2010-09-30,2010-09-30,122,True
Cooch Behar,2011,Winter,2011-06-01,2011-09-30,2011-09-30,122,True
Cooch Behar,2012,Winter,2012-06-01,2012-09-30,2012-09-30,122,True
Cooch Behar,2013,Winter,2013-06-01,2013-09-30,2013-09-30,122,True
Cooch Behar,2014,Winter,2014-06-01,2014-09-30,2014-09-30,122,True
Cooch Behar,2015,Winter,2015-06-01,2015-09-30,2015-09-30,122,True
Cooch Behar,2016,Winter,2016-06-01,2016-09-30,2016-09-30,122,True
Cooch Behar,2017,Winter,2017-06-01,2017-09-30,2017-09-30,122,True
Cooch Behar,2018,Winter,2018-06-01,2018-09-30,2018-09-30,122,True
Cooch Behar,2019,Winter,2019-06-01,2019-09-30,2019-09-30,122,True
Dakshin Dinajpur,2000,Autumn,2000-05-01,2000-07-31,2000-07-31,92,True
Dakshin Dinajpur,2001,Autumn,2001-05-01,2001-07-31,2001-07-31,92,True
Dakshin Dinajpur,2002,Autumn,2002-05-01,2002-07-31,2002-07-31,92,True
Dakshin Dinajpur,2003,Autumn,2003-05-01,2003-07-31,2003-07-31,92,True
Dakshin Dinajpur,2004,Autumn,2004-05-01,2004-07-31,2004-07-31,92,True
Dakshin Dinajpur,2005,Autumn,2005-05-01,2005-07-31,2005-07-31,92,True
Dakshin Dinajpur,2006,Autumn,2006-05-01,2006-07-31,2006-07-31,92,True
Dakshin Dinajpur,2007,Autumn,2007-05-01,2007-07-31,2007-07-31,92,True
Dakshin Dinajpur,2008,Autumn,2008-05-01,2008-07-31,2008-07-31,92,True
Dakshin Dinajpur,2009,Autumn,2009-05-01,2009-07-31,2009-07-31,92,True
Dakshin Dinajpur,2010,Autumn,2010-05-01,2010-07-31,2010-07-31,92,True
Dakshin Dinajpur,2011,Autumn,2011-05-01,2011-07-31,2011-07-31,92,True
Dakshin Dinajpur,2012,Autumn,2012-05-01,2012-07-31,2012-07-31,92,True
Dakshin Dinajpur,2013,Autumn,2013-05-01,2013-07-31,2013-07-31,92,True
Dakshin Dinajpur,2014,Autumn,2014-05-01,2014-07-31,2014-07-31,92,True
Dakshin Dinajpur,2015,Autumn,2015-05-01,2015-07-31,2015-07-31,92,True
Dakshin Dinajpur,2016,Autumn,2016-05-01,2016-07-31,2016-07-31,92,True
Dakshin Dinajpur,2017,Autumn,2017-05-01,2017-07-31,2017-07-31,92,True
Dakshin Dinajpur,2018,Autumn,2018-05-01,2018-07-31,2018-07-31,92,True
Dakshin Dinajpur,2019,Autumn,2019-05-01,2019-07-31,2019-07-31,92,True
Dakshin Dinajpur,2000,Summer,1999-11-01,2000-02-28,2000-02-28,120,True
Dakshin Dinajpur,2001,Summer,2000-11-01,2001-02-28,2001-02-28,120,True
Dakshin Dinajpur,2002,Summer,2001-11-01,2002-02-28,2002-02-28,120,True
Dakshin Dinajpur,2003,Summer,2002-11-01,2003-02-28,2003-02-28,120,True
Dakshin Dinajpur,2004,Summer,2003-11-01,2004-02-28,2004-02-28,120,True
Dakshin Dinajpur,2005,Summer,2004-11-01,2005-02-28,2005-02-28,120,True
Dakshin Dinajpur,2006,Summer,2005-11-01,2006-02-28,2006-02-28,120,True
Dakshin Dinajpur,2007,Summer,2006-11-01,2007-02-28,2007-02-28,120,True
Dakshin Dinajpur,2008,Summer,2007-11-01,2008-02-28,2008-02-28,120,True
Dakshin Dinajpur,2009,Summer,2008-11-01,2009-02-28,2009-02-28,120,True
Dakshin Dinajpur,2010,Summer,2009-11-01,2010-02-28,2010-02-28,120,True
Dakshin Dinajpur,2011,Summer,2010-11-01,2011-02-28,2011-02-28,120,True
Dakshin Dinajpur,2012,Summer,2011-11-01,2012-02-28,2012-02-28,120,True
Dakshin Dinajpur,2013,Summer,2012-11-01,2013-02-28,2013-02-28,120,True
Dakshin Dinajpur,2014,Summer,2013-11-01,2014-02-28,2014-02-28,120,True
Dakshin Dinajpur,2015,Summer,2014-11-01,2015-02-28,2015-02-28,120,True
Dakshin Dinajpur,2016,Summer,2015-11-01,2016-02-28,2016-02-28,120,True
Dakshin Dinajpur,2017,Summer,2016-11-01,2017-02-28,2017-02-28,120,True
Dakshin Dinajpur,2018,Summer,2017-11-01,2018-02-28,2018-02-28,120,True
Dakshin Dinajpur,2019,Summer,2018-11-01,2019-02-28,2019-02-28,120,True
Dakshin Dinajpur,2000,Winter,2000-06-01,2000-09-30,2000-09-30,122,True
Dakshin Dinajpur,2001,Winter,2001-06-01,2001-09-30,2001-09-30,122,True
Dakshin Dinajpur,2002,Winter,2002-06-01,2002-09-30,2002-09-30,122,True
Dakshin Dinajpur,2003,Winter,2003-06-01,2003-09-30,2003-09-30,122,True
Dakshin Dinajpur,2004,Winter,2004-06-01,2004-09-30,2004-09-30,122,True
Dakshin Dinajpur,2005,Winter,2005-06-01,2005-09-30,2005-09-30,122,True
Dakshin Dinajpur,2006,Winter,2006-06-01,2006-09-30,2006-09-30,122,True
Dakshin Dinajpur,2007,Winter,2007-06-01,2007-09-30,2007-09-30,122,True
Dakshin Dinajpur,2008,Winter,2008-06-01,2008-09-30,2008-09-30,122,True
Dakshin Dinajpur,2009,Winter,2009-06-01,2009-09-30,2009-09-30,122,True
Dakshin Dinajpur,2010,Winter,2010-06-01,2010-09-30,2010-09-30,122,True
Dakshin Dinajpur,2011,Winter,2011-06-01,2011-09-30,2011-09-30,122,True
Dakshin Dinajpur,2012,Winter,2012-06-01,2012-09-30,2012-09-30,122,True
Dakshin Dinajpur,2013,Winter,2013-06-01,2013-09-30,2013-09-30,122,True
Dakshin Dinajpur,2014,Winter,2014-06-01,2014-09-30,2014-09-30,122,True
Dakshin Dinajpur,2015,Winter,2015-06-01,2015-09-30,2015-09-30,122,True
Dakshin Dinajpur,2016,Winter,2016-06-01,2016-09-30,2016-09-30,122,True
Dakshin Dinajpur,2017,Winter,2017-06-01,2017-09-30,2017-09-30,122,True
Dakshin Dinajpur,2018,Winter,2018-06-01,2018-09-30,2018-09-30,122,True
Dakshin Dinajpur,2019,Winter,2019-06-01,2019-09-30,2019-09-30,122,True
Darjeeling,2000,Autumn,2000-05-01,2000-07-31,2000-07-31,92,True
Darjeeling,2001,Autumn,2001-05-01,2001-07-31,2001-07-31,92,True
Darjeeling,2002,Autumn,2002-05-01,2002-07-31,2002-07-31,92,True
Darjeeling,2003,Autumn,2003-05-01,2003-07-31,2003-07-31,92,True
Darjeeling,2004,Autumn,2004-05-01,2004-07-31,2004-07-31,92,True
Darjeeling,2005,Autumn,2005-05-01,2005-07-31,2005-07-31,92,True
Darjeeling,2006,Autumn,2006-05-01,2006-07-31,2006-07-31,92,True
Darjeeling,2007,Autumn,2007-05-01,2007-07-31,2007-07-31,92,True
Darjeeling,2008,Autumn,2008-05-01,2008-07-31,2008-07-31,92,True
Darjeeling,2009,Autumn,2009-05-01,2009-07-31,2009-07-31,92,True
Darjeeling,2010,Autumn,2010-05-01,2010-07-31,2010-07-31,92,True
Darjeeling,2011,Autumn,2011-05-01,2011-07-31,2011-07-31,92,True
Darjeeling,2012,Autumn,2012-05-01,2012-07-31,2012-07-31,92,True
Darjeeling,2013,Autumn,2013-05-01,2013-07-31,2013-07-31,92,True
Darjeeling,2014,Autumn,2014-05-01,2014-07-31,2014-07-31,92,True
Darjeeling,2015,Autumn,2015-05-01,2015-07-31,2015-07-31,92,True
Darjeeling,2016,Autumn,2016-05-01,2016-07-31,2016-07-31,92,True
Darjeeling,2017,Autumn,2017-05-01,2017-07-31,2017-07-31,92,True
Darjeeling,2018,Autumn,2018-05-01,2018-07-31,2018-07-31,92,True
Darjeeling,2019,Autumn,2019-05-01,2019-07-31,2019-07-31,92,True
Darjeeling,2000,Summer,1999-11-01,2000-02-28,2000-02-28,120,True
Darjeeling,2001,Summer,2000-11-01,2001-02-28,2001-02-28,120,True
Darjeeling,2002,Summer,2001-11-01,2002-02-28,2002-02-28,120,True
Darjeeling,2003,Summer,2002-11-01,2003-02-28,2003-02-28,120,True
Darjeeling,2004,Summer,2003-11-01,2004-02-28,2004-02-28,120,True
Darjeeling,2005,Summer,2004-11-01,2005-02-28,2005-02-28,120,True
Darjeeling,2006,Summer,2005-11-01,2006-02-28,2006-02-28,120,True
Darjeeling,2007,Summer,2006-11-01,2007-02-28,2007-02-28,120,True
Darjeeling,2008,Summer,2007-11-01,2008-02-28,2008-02-28,120,True
Darjeeling,2009,Summer,2008-11-01,2009-02-28,2009-02-28,120,True
Darjeeling,2010,Summer,2009-11-01,2010-02-28,2010-02-28,120,True
Darjeeling,2011,Summer,2010-11-01,2011-02-28,2011-02-28,120,True
Darjeeling,2012,Summer,2011-11-01,2012-02-28,2012-02-28,120,True
Darjeeling,2013,Summer,2012-11-01,2013-02-28,2013-02-28,120,True
Darjeeling,2014,Summer,2013-11-01,2014-02-28,2014-02-28,120,True
Darjeeling,2015,Summer,2014-11-01,2015-02-28,2015-02-28,120,True
Darjeeling,2016,Summer,2015-11-01,2016-02-28,2016-02-28,120,True
Darjeeling,2017,Summer,2016-11-01,2017-02-28,2017-02-28,120,True
Darjeeling,2018,Summer,2017-11-01,2018-02-28,2018-02-28,120,True
Darjeeling,2019,Summer,2018-11-01,2019-02-28,2019-02-28,120,True
Darjeeling,2000,Winter,2000-06-01,2000-09-30,2000-09-30,122,True
Darjeeling,2001,Winter,2001-06-01,2001-09-30,2001-09-30,122,True
Darjeeling,2002,Winter,2002-06-01,2002-09-30,2002-09-30,122,True
Darjeeling,2003,Winter,2003-06-01,2003-09-30,2003-09-30,122,True
Darjeeling,2004,Winter,2004-06-01,2004-09-30,2004-09-30,122,True
Darjeeling,2005,Winter,2005-06-01,2005-09-30,2005-09-30,122,True
Darjeeling,2006,Winter,2006-06-01,2006-09-30,2006-09-30,122,True
Darjeeling,2007,Winter,2007-06-01,2007-09-30,2007-09-30,122,True
Darjeeling,2008,Winter,2008-06-01,2008-09-30,2008-09-30,122,True
Darjeeling,2009,Winter,2009-06-01,2009-09-30,2009-09-30,122,True
Darjeeling,2010,Winter,2010-06-01,2010-09-30,2010-09-30,122,True
Darjeeling,2011,Winter,2011-06-01,2011-09-30,2011-09-30,122,True
Darjeeling,2012,Winter,2012-06-01,2012-09-30,2012-09-30,122,True
Darjeeling,2013,Winter,2013-06-01,2013-09-30,2013-09-30,122,True
Darjeeling,2014,Winter,2014-06-01,2014-09-30,2014-09-30,122,True
Darjeeling,2015,Winter,2015-06-01,2015-09-30,2015-09-30,122,True
Darjeeling,2016,Winter,2016-06-01,2016-09-30,2016-09-30,122,True
Darjeeling,2017,Winter,2017-06-01,2017-09-30,2017-09-30,122,True
Darjeeling,2018,Winter,2018-06-01,2018-09-30,2018-09-30,122,True
Darjeeling,2019,Winter,2019-06-01,2019-09-30,2019-09-30,122,True
Hooghly,2000,Autumn,2000-05-01,2000-07-31,2000-07-31,92,True
Hooghly,2001,Autumn,2001-05-01,2001-07-31,2001-07-31,92,True
Hooghly,2002,Autumn,2002-05-01,2002-07-31,2002-07-31,92,True
Hooghly,2003,Autumn,2003-05-01,2003-07-31,2003-07-31,92,True
Hooghly,2004,Autumn,2004-05-01,2004-07-31,2004-07-31,92,True
Hooghly,2005,Autumn,2005-05-01,2005-07-31,2005-07-31,92,True
Hooghly,2006,Autumn,2006-05-01,2006-07-31,2006-07-31,92,True
Hooghly,2007,Autumn,2007-05-01,2007-07-31,2007-07-31,92,True
Hooghly,2008,Autumn,2008-05-01,2008-07-31,2008-07-31,92,True
Hooghly,2009,Autumn,2009-05-01,2009-07-31,2009-07-31,92,True
Hooghly,2010,Autumn,2010-05-01,2010-07-31,2010-07-31,92,True
Hooghly,2011,Autumn,2011-05-01,2011-07-31,2011-07-31,92,True
Hooghly,2012,Autumn,2012-05-01,2012-07-31,2012-07-31,92,True
Hooghly,2013,Autumn,2013-05-01,2013-07-31,2013-07-31,92,True
Hooghly,2014,Autumn,2014-05-01,2014-07-31,2014-07-31,92,True
Hooghly,2015,Autumn,2015-05-01,2015-07-31,2015-07-31,92,True
Hooghly,2016,Autumn,2016-05-01,2016-07-31,2016-07-31,92,True
Hooghly,2017,Autumn,2017-05-01,2017-07-31,2017-07-31,92,True
Hooghly,2018,Autumn,2018-05-01,2018-07-31,2018-07-31,92,True
Hooghly,2019,Autumn,2019-05-01,2019-07-31,2019-07-31,92,True
Hooghly,2000,Summer,1999-11-01,2000-02-28,2000-02-28,120,True
Hooghly,2001,Summer,2000-11-01,2001-02-28,2001-02-28,120,True
Hooghly,2002,Summer,2001-11-01,2002-02-28,2002-02-28,120,True
Hooghly,2003,Summer,2002-11-01,2003-02-28,2003-02-28,120,True
Hooghly,2004,Summer,2003-11-01,2004-02-28,2004-02-28,120,True
Hooghly,2005,Summer,2004-11-01,2005-02-28,2005-02-28,120,True
Hooghly,2006,Summer,2005-11-01,2006-02-28,2006-02-28,120,True
Hooghly,2007,Summer,2006-11-01,2007-02-28,2007-02-28,120,True
Hooghly,2008,Summer,2007-11-01,2008-02-28,2008-02-28,120,True
Hooghly,2009,Summer,2008-11-01,2009-02-28,2009-02-28,120,True
Hooghly,2010,Summer,2009-11-01,2010-02-28,2010-02-28,120,True
Hooghly,2011,Summer,2010-11-01,2011-02-28,2011-02-28,120,True
Hooghly,2012,Summer,2011-11-01,2012-02-28,2012-02-28,120,True
Hooghly,2013,Summer,2012-11-01,2013-02-28,2013-02-28,120,True
Hooghly,2014,Summer,2013-11-01,2014-02-28,2014-02-28,120,True
Hooghly,2015,Summer,2014-11-01,2015-02-28,2015-02-28,120,True
Hooghly,2016,Summer,2015-11-01,2016-02-28,2016-02-28,120,True
Hooghly,2017,Summer,2016-11-01,2017-02-28,2017-02-28,120,True
Hooghly,2018,Summer,2017-11-01,2018-02-28,2018-02-28,120,True
Hooghly,2019,Summer,2018-11-01,2019-02-28,2019-02-28,120,True
Hooghly,2000,Winter,2000-06-01,2000-09-30,2000-09-30,122,True
Hooghly,2001,Winter,2001-06-01,2001-09-30,2001-09-30,122,True
Hooghly,2002,Winter,2002-06-01,2002-09-30,2002-09-30,122,True
Hooghly,2003,Winter,2003-06-01,2003-09-30,2003-09-30,122,True
Hooghly,2004,Winter,2004-06-01,2004-09-30,2004-09-30,122,True
Hooghly,2005,Winter,2005-06-01,2005-09-30,2005-09-30,122,True
Hooghly,2006,Winter,2006-06-01,2006-09-30,2006-09-30,122,True
Hooghly,2007,Winter,2007-06-01,2007-09-30,2007-09-30,122,True
Hooghly,2008,Winter,2008-06-01,2008-09-30,2008-09-30,122,True
Hooghly,2009,Winter,2009-06-01,2009-09-30,2009-09-30,122,True
Hooghly,2010,Winter,2010-06-01,2010-09-30,2010-09-30,122,True
Hooghly,2011,Winter,2011-06-01,2011-09-30,2011-09-30,122,True
Hooghly,2012,Winter,2012-06-01,2012-09-30,2012-09-30,122,True
Hooghly,2013,Winter,2013-06-01,2013-09-30,2013-09-30,122,True
Hooghly,2014,Winter,2014-06-01,2014-09-30,2014-09-30,122,True
Hooghly,2015,Winter,2015-06-01,2015-09-30,2015-09-30,122,True
Hooghly,2016,Winter,2016-06-01,2016-09-30,2016-09-30,122,True
Hooghly,2017,Winter,2017-06-01,2017-09-30,2017-09-30,122,True
Hooghly,2018,Winter,2018-06-01,2018-09-30,2018-09-30,122,True
Hooghly,2019,Winter,2019-06-01,2019-09-30,2019-09-30,122,True
Howrah,2000,Autumn,2000-05-01,2000-07-31,2000-07-31,92,True
Howrah,2001,Autumn,2001-05-01,2001-07-31,2001-07-31,92,True
Howrah,2002,Autumn,2002-05-01,2002-07-31,2002-07-31,92,True
Howrah,2003,Autumn,2003-05-01,2003-07-31,2003-07-31,92,True
Howrah,2004,Autumn,2004-05-01,2004-07-31,2004-07-31,92,True
Howrah,2005,Autumn,2005-05-01,2005-07-31,2005-07-31,92,True
Howrah,2006,Autumn,2006-05-01,2006-07-31,2006-07-31,92,True
Howrah,2007,Autumn,2007-05-01,2007-07-31,2007-07-31,92,True
Howrah,2008,Autumn,2008-05-01,2008-07-31,2008-07-31,92,True
Howrah,2009,Autumn,2009-05-01,2009-07-31,2009-07-31,92,True
Howrah,2010,Autumn,2010-05-01,2010-07-31,2010-07-31,92,True
Howrah,2011,Autumn,2011-05-01,2011-07-31,2011-07-31,92,True
Howrah,2012,Autumn,2012-05-01,2012-07-31,2012-07-31,92,True
Howrah,2013,Autumn,2013-05-01,2013-07-31,2013-07-31,92,True
Howrah,2014,Autumn,2014-05-01,2014-07-31,2014-07-31,92,True
Howrah,2015,Autumn,2015-05-01,2015-07-31,2015-07-31,92,True
Howrah,2016,Autumn,2016-05-01,2016-07-31,2016-07-31,92,True
Howrah,2017,Autumn,2017-05-01,2017-07-31,2017-07-31,92,True
Howrah,2018,Autumn,2018-05-01,2018-07-31,2018-07-31,92,True
Howrah,2019,Autumn,2019-05-01,2019-07-31,2019-07-31,92,True
Howrah,2000,Summer,1999-11-01,2000-02-28,2000-02-28,120,True
Howrah,2001,Summer,2000-11-01,2001-02-28,2001-02-28,120,True
Howrah,2002,Summer,2001-11-01,2002-02-28,2002-02-28,120,True
Howrah,2003,Summer,2002-11-01,2003-02-28,2003-02-28,120,True
Howrah,2004,Summer,2003-11-01,2004-02-28,2004-02-28,120,True
Howrah,2005,Summer,2004-11-01,2005-02-28,2005-02-28,120,True
Howrah,2006,Summer,2005-11-01,2006-02-28,2006-02-28,120,True
Howrah,2007,Summer,2006-11-01,2007-02-28,2007-02-28,120,True
Howrah,2008,Summer,2007-11-01,2008-02-28,2008-02-28,120,True
Howrah,2009,Summer,2008-11-01,2009-02-28,2009-02-28,120,True
Howrah,2010,Summer,2009-11-01,2010-02-28,2010-02-28,120,True
Howrah,2011,Summer,2010-11-01,2011-02-28,2011-02-28,120,True
Howrah,2012,Summer,2011-11-01,2012-02-28,2012-02-28,120,True
Howrah,2013,Summer,2012-11-01,2013-02-28,2013-02-28,120,True
Howrah,2014,Summer,2013-11-01,2014-02-28,2014-02-28,120,True
Howrah,2015,Summer,2014-11-01,2015-02-28,2015-02-28,120,True
Howrah,2016,Summer,2015-11-01,2016-02-28,2016-02-28,120,True
Howrah,2017,Summer,2016-11-01,2017-02-28,2017-02-28,120,True
Howrah,2018,Summer,2017-11-01,2018-02-28,2018-02-28,120,True
Howrah,2019,Summer,2018-11-01,2019-02-28,2019-02-28,120,True
Howrah,2000,Winter,2000-06-01,2000-09-30,2000-09-30,122,True
Howrah,2001,Winter,2001-06-01,2001-09-30,2001-09-30,122,True
Howrah,2002,Winter,2002-06-01,2002-09-30,2002-09-30,122,True
Howrah,2003,Winter,2003-06-01,2003-09-30,2003-09-30,122,True
Howrah,2004,Winter,2004-06-01,2004-09-30,2004-09-30,122,True
Howrah,2005,Winter,2005-06-01,2005-09-30,2005-09-30,122,True
Howrah,2006,Winter,2006-06-01,2006-09-30,2006-09-30,122,True
Howrah,2007,Winter,2007-06-01,2007-09-30,2007-09-30,122,True
Howrah,2008,Winter,2008-06-01,2008-09-30,2008-09-30,122,True
Howrah,2009,Winter,2009-06-01,2009-09-30,2009-09-30,122,True
Howrah,2010,Winter,2010-06-01,2010-09-30,2010-09-30,122,True
Howrah,2011,Winter,2011-06-01,2011-09-30,2011-09-30,122,True
Howrah,2012,Winter,2012-06-01,2012-09-30,2012-09-30,122,True
Howrah,2013,Winter,2013-06-01,2013-09-30,2013-09-30,122,True
Howrah,2014,Winter,2014-06-01,2014-09-30,2014-09-30,122,True
Howrah,2015,Winter,2015-06-01,2015-09-30,2015-09-30,122,True
Howrah,2016,Winter,2016-06-01,2016-09-30,2016-09-30,122,True
Howrah,2017,Winter,2017-06-01,2017-09-30,2017-09-30,122,True
Howrah,2018,Winter,2018-06-01,2018-09-30,2018-09-30,122,True
Howrah,2019,Winter,2019-06-01,2019-09-30,2019-09-30,122,True
Jalpaiguri,2000,Autumn,2000-05-01,2000-07-31,2000-07-31,92,True
Jalpaiguri,2001,Autumn,2001-05-01,2001-07-31,2001-07-31,92,True
Jalpaiguri,2002,Autumn,2002-05-01,2002-07-31,2002-07-31,92,True
Jalpaiguri,2003,Autumn,2003-05-01,2003-07-31,2003-07-31,92,True
Jalpaiguri,2004,Autumn,2004-05-01,2004-07-31,2004-07-31,92,True
Jalpaiguri,2005,Autumn,2005-05-01,2005-07-31,2005-07-31,92,True
Jalpaiguri,2006,Autumn,2006-05-01,2006-07-31,2006-07-31,92,True
Jalpaiguri,2007,Autumn,2007-05-01,2007-07-31,2007-07-31,92,True
Jalpaiguri,2008,Autumn,2008-05-01,2008-07-31,2008-07-31,92,True
Jalpaiguri,2009,Autumn,2009-05-01,2009-07-31,2009-07-31,92,True
Jalpaiguri,2010,Autumn,2010-05-01,2010-07-31,2010-07-31,92,True
Jalpaiguri,2011,Autumn,2011-05-01,2011-07-31,2011-07-31,92,True
Jalpaiguri,2012,Autumn,2012-05-01,2012-07-31,2012-07-31,92,True
Jalpaiguri,2013,Autumn,2013-05-01,2013-07-31,2013-07-31,92,True
Jalpaiguri,2014,Autumn,2014-05-01,2014-07-31,2014-07-31,92,True
Jalpaiguri,2015,Autumn,2015-05-01,2015-07-31,2015-07-31,92,True
Jalpaiguri,2016,Autumn,2016-05-01,2016-07-31,2016-07-31,92,True
Jalpaiguri,2017,Autumn,2017-05-01,2017-07-31,2017-07-31,92,True
Jalpaiguri,2018,Autumn,2018-05-01,2018-07-31,2018-07-31,92,True
Jalpaiguri,2019,Autumn,2019-05-01,2019-07-31,2019-07-31,92,True
Jalpaiguri,2000,Summer,1999-11-01,2000-02-28,2000-02-28,120,True
Jalpaiguri,2001,Summer,2000-11-01,2001-02-28,2001-02-28,120,True
Jalpaiguri,2002,Summer,2001-11-01,2002-02-28,2002-02-28,120,True
Jalpaiguri,2003,Summer,2002-11-01,2003-02-28,2003-02-28,120,True
Jalpaiguri,2004,Summer,2003-11-01,2004-02-28,2004-02-28,120,True
Jalpaiguri,2005,Summer,2004-11-01,2005-02-28,2005-02-28,120,True
Jalpaiguri,2006,Summer,2005-11-01,2006-02-28,2006-02-28,120,True
Jalpaiguri,2007,Summer,2006-11-01,2007-02-28,2007-02-28,120,True
Jalpaiguri,2008,Summer,2007-11-01,2008-02-28,2008-02-28,120,True
Jalpaiguri,2009,Summer,2008-11-01,2009-02-28,2009-02-28,120,True
Jalpaiguri,2010,Summer,2009-11-01,2010-02-28,2010-02-28,120,True
Jalpaiguri,2011,Summer,2010-11-01,2011-02-28,2011-02-28,120,True
Jalpaiguri,2012,Summer,2011-11-01,2012-02-28,2012-02-28,120,True
Jalpaiguri,2013,Summer,2012-11-01,2013-02-28,2013-02-28,120,True
Jalpaiguri,2014,Summer,2013-11-01,2014-02-28,2014-02-28,120,True
Jalpaiguri,2015,Summer,2014-11-01,2015-02-28,2015-02-28,120,True
Jalpaiguri,2016,Summer,2015-11-01,2016-02-28,2016-02-28,120,True
Jalpaiguri,2017,Summer,2016-11-01,2017-02-28,2017-02-28,120,True
Jalpaiguri,2018,Summer,2017-11-01,2018-02-28,2018-02-28,120,True
Jalpaiguri,2019,Summer,2018-11-01,2019-02-28,2019-02-28,120,True
Jalpaiguri,2000,Winter,2000-06-01,2000-09-30,2000-09-30,122,True
Jalpaiguri,2001,Winter,2001-06-01,2001-09-30,2001-09-30,122,True
Jalpaiguri,2002,Winter,2002-06-01,2002-09-30,2002-09-30,122,True
Jalpaiguri,2003,Winter,2003-06-01,2003-09-30,2003-09-30,122,True
Jalpaiguri,2004,Winter,2004-06-01,2004-09-30,2004-09-30,122,True
Jalpaiguri,2005,Winter,2005-06-01,2005-09-30,2005-09-30,122,True
Jalpaiguri,2006,Winter,2006-06-01,2006-09-30,2006-09-30,122,True
Jalpaiguri,2007,Winter,2007-06-01,2007-09-30,2007-09-30,122,True
Jalpaiguri,2008,Winter,2008-06-01,2008-09-30,2008-09-30,122,True
Jalpaiguri,2009,Winter,2009-06-01,2009-09-30,2009-09-30,122,True
Jalpaiguri,2010,Winter,2010-06-01,2010-09-30,2010-09-30,122,True
Jalpaiguri,2011,Winter,2011-06-01,2011-09-30,2011-09-30,122,True
Jalpaiguri,2012,Winter,2012-06-01,2012-09-30,2012-09-30,122,True
Jalpaiguri,2013,Winter,2013-06-01,2013-09-30,2013-09-30,122,True
Jalpaiguri,2014,Winter,2014-06-01,2014-09-30,2014-09-30,122,True
Jalpaiguri,2015,Winter,2015-06-01,2015-09-30,2015-09-30,122,True
Jalpaiguri,2016,Winter,2016-06-01,2016-09-30,2016-09-30,122,True
Jalpaiguri,2017,Winter,2017-06-01,2017-09-30,2017-09-30,122,True
Jalpaiguri,2018,Winter,2018-06-01,2018-09-30,2018-09-30,122,True
Jalpaiguri,2019,Winter,2019-06-01,2019-09-30,2019-09-30,122,True
Jhargram,2016,Autumn,2016-05-01,2016-07-31,2016-07-31,92,True
Jhargram,2017,Autumn,2017-05-01,2017-07-31,2017-07-31,92,True
Jhargram,2018,Autumn,2018-05-01,2018-07-31,2018-07-31,92,True
Jhargram,2019,Autumn,2019-05-01,2019-07-31,2019-07-31,92,True
Jhargram,2016,Summer,2015-11-01,2016-02-28,2016-02-28,120,True
Jhargram,2017,Summer,2016-11-01,2017-02-28,2017-02-28,120,True
Jhargram,2018,Summer,2017-11-01,2018-02-28,2018-02-28,120,True
Jhargram,2019,Summer,2018-11-01,2019-02-28,2019-02-28,120,True
Jhargram,2016,Winter,2016-06-01,2016-09-30,2016-09-30,122,True
Jhargram,2017,Winter,2017-06-01,2017-09-30,2017-09-30,122,True
Jhargram,2018,Winter,2018-06-01,2018-09-30,2018-09-30,122,True
Jhargram,2019,Winter,2019-06-01,2019-09-30,2019-09-30,122,True
Kalimpong,2016,Winter,2016-06-01,2016-09-30,2016-09-30,122,True
Kalimpong,2017,Winter,2017-06-01,2017-09-30,2017-09-30,122,True
Kalimpong,2018,Winter,2018-06-01,2018-09-30,2018-09-30,122,True
Kalimpong,2019,Winter,2019-06-01,2019-09-30,2019-09-30,122,True
Maldah,2000,Autumn,2000-05-01,2000-07-31,2000-07-31,92,True
Maldah,2001,Autumn,2001-05-01,2001-07-31,2001-07-31,92,True
Maldah,2002,Autumn,2002-05-01,2002-07-31,2002-07-31,92,True
Maldah,2003,Autumn,2003-05-01,2003-07-31,2003-07-31,92,True
Maldah,2004,Autumn,2004-05-01,2004-07-31,2004-07-31,92,True
Maldah,2005,Autumn,2005-05-01,2005-07-31,2005-07-31,92,True
Maldah,2006,Autumn,2006-05-01,2006-07-31,2006-07-31,92,True
Maldah,2007,Autumn,2007-05-01,2007-07-31,2007-07-31,92,True
Maldah,2008,Autumn,2008-05-01,2008-07-31,2008-07-31,92,True
Maldah,2009,Autumn,2009-05-01,2009-07-31,2009-07-31,92,True
Maldah,2010,Autumn,2010-05-01,2010-07-31,2010-07-31,92,True
Maldah,2011,Autumn,2011-05-01,2011-07-31,2011-07-31,92,True
Maldah,2012,Autumn,2012-05-01,2012-07-31,2012-07-31,92,True
Maldah,2013,Autumn,2013-05-01,2013-07-31,2013-07-31,92,True
Maldah,2014,Autumn,2014-05-01,2014-07-31,2014-07-31,92,True
Maldah,2015,Autumn,2015-05-01,2015-07-31,2015-07-31,92,True
Maldah,2016,Autumn,2016-05-01,2016-07-31,2016-07-31,92,True
Maldah,2017,Autumn,2017-05-01,2017-07-31,2017-07-31,92,True
Maldah,2018,Autumn,2018-05-01,2018-07-31,2018-07-31,92,True
Maldah,2019,Autumn,2019-05-01,2019-07-31,2019-07-31,92,True
Maldah,2000,Summer,1999-11-01,2000-02-28,2000-02-28,120,True
Maldah,2001,Summer,2000-11-01,2001-02-28,2001-02-28,120,True
Maldah,2002,Summer,2001-11-01,2002-02-28,2002-02-28,120,True
Maldah,2003,Summer,2002-11-01,2003-02-28,2003-02-28,120,True
Maldah,2004,Summer,2003-11-01,2004-02-28,2004-02-28,120,True
Maldah,2005,Summer,2004-11-01,2005-02-28,2005-02-28,120,True
Maldah,2006,Summer,2005-11-01,2006-02-28,2006-02-28,120,True
Maldah,2007,Summer,2006-11-01,2007-02-28,2007-02-28,120,True
Maldah,2008,Summer,2007-11-01,2008-02-28,2008-02-28,120,True
Maldah,2009,Summer,2008-11-01,2009-02-28,2009-02-28,120,True
Maldah,2010,Summer,2009-11-01,2010-02-28,2010-02-28,120,True
Maldah,2011,Summer,2010-11-01,2011-02-28,2011-02-28,120,True
Maldah,2012,Summer,2011-11-01,2012-02-28,2012-02-28,120,True
Maldah,2013,Summer,2012-11-01,2013-02-28,2013-02-28,120,True
Maldah,2014,Summer,2013-11-01,2014-02-28,2014-02-28,120,True
Maldah,2015,Summer,2014-11-01,2015-02-28,2015-02-28,120,True
Maldah,2016,Summer,2015-11-01,2016-02-28,2016-02-28,120,True
Maldah,2017,Summer,2016-11-01,2017-02-28,2017-02-28,120,True
Maldah,2018,Summer,2017-11-01,2018-02-28,2018-02-28,120,True
Maldah,2019,Summer,2018-11-01,2019-02-28,2019-02-28,120,True
Maldah,2000,Winter,2000-06-01,2000-09-30,2000-09-30,122,True
Maldah,2001,Winter,2001-06-01,2001-09-30,2001-09-30,122,True
Maldah,2002,Winter,2002-06-01,2002-09-30,2002-09-30,122,True
Maldah,2003,Winter,2003-06-01,2003-09-30,2003-09-30,122,True
Maldah,2004,Winter,2004-06-01,2004-09-30,2004-09-30,122,True
Maldah,2005,Winter,2005-06-01,2005-09-30,2005-09-30,122,True
Maldah,2006,Winter,2006-06-01,2006-09-30,2006-09-30,122,True
Maldah,2007,Winter,2007-06-01,2007-09-30,2007-09-30,122,True
Maldah,2008,Winter,2008-06-01,2008-09-30,2008-09-30,122,True
Maldah,2009,Winter,2009-06-01,2009-09-30,2009-09-30,122,True
Maldah,2010,Winter,2010-06-01,2010-09-30,2010-09-30,122,True
Maldah,2011,Winter,2011-06-01,2011-09-30,2011-09-30,122,True
Maldah,2012,Winter,2012-06-01,2012-09-30,2012-09-30,122,True
Maldah,2013,Winter,2013-06-01,2013-09-30,2013-09-30,122,True
Maldah,2014,Winter,2014-06-01,2014-09-30,2014-09-30,122,True
Maldah,2015,Winter,2015-06-01,2015-09-30,2015-09-30,122,True
Maldah,2016,Winter,2016-06-01,2016-09-30,2016-09-30,122,True
Maldah,2017,Winter,2017-06-01,2017-09-30,2017-09-30,122,True
Maldah,2018,Winter,2018-06-01,2018-09-30,2018-09-30,122,True
Maldah,2019,Winter,2019-06-01,2019-09-30,2019-09-30,122,True
Murshidabad,2000,Autumn,2000-05-01,2000-07-31,2000-07-31,92,True
Murshidabad,2001,Autumn,2001-05-01,2001-07-31,2001-07-31,92,True
Murshidabad,2002,Autumn,2002-05-01,2002-07-31,2002-07-31,92,True
Murshidabad,2003,Autumn,2003-05-01,2003-07-31,2003-07-31,92,True
Murshidabad,2004,Autumn,2004-05-01,2004-07-31,2004-07-31,92,True
Murshidabad,2005,Autumn,2005-05-01,2005-07-31,2005-07-31,92,True
Murshidabad,2006,Autumn,2006-05-01,2006-07-31,2006-07-31,92,True
Murshidabad,2007,Autumn,2007-05-01,2007-07-31,2007-07-31,92,True
Murshidabad,2008,Autumn,2008-05-01,2008-07-31,2008-07-31,92,True
Murshidabad,2009,Autumn,2009-05-01,2009-07-31,2009-07-31,92,True
Murshidabad,2010,Autumn,2010-05-01,2010-07-31,2010-07-31,92,True
Murshidabad,2011,Autumn,2011-05-01,2011-07-31,2011-07-31,92,True
Murshidabad,2012,Autumn,2012-05-01,2012-07-31,2012-07-31,92,True
Murshidabad,2013,Autumn,2013-05-01,2013-07-31,2013-07-31,92,True
Murshidabad,2014,Autumn,2014-05-01,2014-07-31,2014-07-31,92,True
Murshidabad,2015,Autumn,2015-05-01,2015-07-31,2015-07-31,92,True
Murshidabad,2016,Autumn,2016-05-01,2016-07-31,2016-07-31,92,True
Murshidabad,2017,Autumn,2017-05-01,2017-07-31,2017-07-31,92,True
Murshidabad,2018,Autumn,2018-05-01,2018-07-31,2018-07-31,92,True
Murshidabad,2019,Autumn,2019-05-01,2019-07-31,2019-07-31,92,True
Murshidabad,2000,Summer,1999-11-01,2000-02-28,2000-02-28,120,True
Murshidabad,2001,Summer,2000-11-01,2001-02-28,2001-02-28,120,True
Murshidabad,2002,Summer,2001-11-01,2002-02-28,2002-02-28,120,True
Murshidabad,2003,Summer,2002-11-01,2003-02-28,2003-02-28,120,True
Murshidabad,2004,Summer,2003-11-01,2004-02-28,2004-02-28,120,True
Murshidabad,2005,Summer,2004-11-01,2005-02-28,2005-02-28,120,True
Murshidabad,2006,Summer,2005-11-01,2006-02-28,2006-02-28,120,True
Murshidabad,2007,Summer,2006-11-01,2007-02-28,2007-02-28,120,True
Murshidabad,2008,Summer,2007-11-01,2008-02-28,2008-02-28,120,True
Murshidabad,2009,Summer,2008-11-01,2009-02-28,2009-02-28,120,True
Murshidabad,2010,Summer,2009-11-01,2010-02-28,2010-02-28,120,True
Murshidabad,2011,Summer,2010-11-01,2011-02-28,2011-02-28,120,True
Murshidabad,2012,Summer,2011-11-01,2012-02-28,2012-02-28,120,True
Murshidabad,2013,Summer,2012-11-01,2013-02-28,2013-02-28,120,True
Murshidabad,2014,Summer,2013-11-01,2014-02-28,2014-02-28,120,True
Murshidabad,2015,Summer,2014-11-01,2015-02-28,2015-02-28,120,True
Murshidabad,2016,Summer,2015-11-01,2016-02-28,2016-02-28,120,True
Murshidabad,2017,Summer,2016-11-01,2017-02-28,2017-02-28,120,True
Murshidabad,2018,Summer,2017-11-01,2018-02-28,2018-02-28,120,True
Murshidabad,2019,Summer,2018-11-01,2019-02-28,2019-02-28,120,True
Murshidabad,2000,Winter,2000-06-01,2000-09-30,2000-09-30,122,True
Murshidabad,2001,Winter,2001-06-01,2001-09-30,2001-09-30,122,True
Murshidabad,2002,Winter,2002-06-01,2002-09-30,2002-09-30,122,True
Murshidabad,2003,Winter,2003-06-01,2003-09-30,2003-09-30,122,True
Murshidabad,2004,Winter,2004-06-01,2004-09-30,2004-09-30,122,True
Murshidabad,2005,Winter,2005-06-01,2005-09-30,2005-09-30,122,True
Murshidabad,2006,Winter,2006-06-01,2006-09-30,2006-09-30,122,True
Murshidabad,2007,Winter,2007-06-01,2007-09-30,2007-09-30,122,True
Murshidabad,2008,Winter,2008-06-01,2008-09-30,2008-09-30,122,True
Murshidabad,2009,Winter,2009-06-01,2009-09-30,2009-09-30,122,True
Murshidabad,2010,Winter,2010-06-01,2010-09-30,2010-09-30,122,True
Murshidabad,2011,Winter,2011-06-01,2011-09-30,2011-09-30,122,True
Murshidabad,2012,Winter,2012-06-01,2012-09-30,2012-09-30,122,True
Murshidabad,2013,Winter,2013-06-01,2013-09-30,2013-09-30,122,True
Murshidabad,2014,Winter,2014-06-01,2014-09-30,2014-09-30,122,True
Murshidabad,2015,Winter,2015-06-01,2015-09-30,2015-09-30,122,True
Murshidabad,2016,Winter,2016-06-01,2016-09-30,2016-09-30,122,True
Murshidabad,2017,Winter,2017-06-01,2017-09-30,2017-09-30,122,True
Murshidabad,2018,Winter,2018-06-01,2018-09-30,2018-09-30,122,True
Murshidabad,2019,Winter,2019-06-01,2019-09-30,2019-09-30,122,True
Nadia,2000,Autumn,2000-05-01,2000-07-31,2000-07-31,92,True
Nadia,2001,Autumn,2001-05-01,2001-07-31,2001-07-31,92,True
Nadia,2002,Autumn,2002-05-01,2002-07-31,2002-07-31,92,True
Nadia,2003,Autumn,2003-05-01,2003-07-31,2003-07-31,92,True
Nadia,2004,Autumn,2004-05-01,2004-07-31,2004-07-31,92,True
Nadia,2005,Autumn,2005-05-01,2005-07-31,2005-07-31,92,True
Nadia,2006,Autumn,2006-05-01,2006-07-31,2006-07-31,92,True
Nadia,2007,Autumn,2007-05-01,2007-07-31,2007-07-31,92,True
Nadia,2008,Autumn,2008-05-01,2008-07-31,2008-07-31,92,True
Nadia,2009,Autumn,2009-05-01,2009-07-31,2009-07-31,92,True
Nadia,2010,Autumn,2010-05-01,2010-07-31,2010-07-31,92,True
Nadia,2011,Autumn,2011-05-01,2011-07-31,2011-07-31,92,True
Nadia,2012,Autumn,2012-05-01,2012-07-31,2012-07-31,92,True
Nadia,2013,Autumn,2013-05-01,2013-07-31,2013-07-31,92,True
Nadia,2014,Autumn,2014-05-01,2014-07-31,2014-07-31,92,True
Nadia,2015,Autumn,2015-05-01,2015-07-31,2015-07-31,92,True
Nadia,2016,Autumn,2016-05-01,2016-07-31,2016-07-31,92,True
Nadia,2017,Autumn,2017-05-01,2017-07-31,2017-07-31,92,True
Nadia,2018,Autumn,2018-05-01,2018-07-31,2018-07-31,92,True
Nadia,2019,Autumn,2019-05-01,2019-07-31,2019-07-31,92,True
Nadia,2000,Summer,1999-11-01,2000-02-28,2000-02-28,120,True
Nadia,2001,Summer,2000-11-01,2001-02-28,2001-02-28,120,True
Nadia,2002,Summer,2001-11-01,2002-02-28,2002-02-28,120,True
Nadia,2003,Summer,2002-11-01,2003-02-28,2003-02-28,120,True
Nadia,2004,Summer,2003-11-01,2004-02-28,2004-02-28,120,True
Nadia,2005,Summer,2004-11-01,2005-02-28,2005-02-28,120,True
Nadia,2006,Summer,2005-11-01,2006-02-28,2006-02-28,120,True
Nadia,2007,Summer,2006-11-01,2007-02-28,2007-02-28,120,True
Nadia,2008,Summer,2007-11-01,2008-02-28,2008-02-28,120,True
Nadia,2009,Summer,2008-11-01,2009-02-28,2009-02-28,120,True
Nadia,2010,Summer,2009-11-01,2010-02-28,2010-02-28,120,True
Nadia,2011,Summer,2010-11-01,2011-02-28,2011-02-28,120,True
Nadia,2012,Summer,2011-11-01,2012-02-28,2012-02-28,120,True
Nadia,2013,Summer,2012-11-01,2013-02-28,2013-02-28,120,True
Nadia,2014,Summer,2013-11-01,2014-02-28,2014-02-28,120,True
Nadia,2015,Summer,2014-11-01,2015-02-28,2015-02-28,120,True
Nadia,2016,Summer,2015-11-01,2016-02-28,2016-02-28,120,True
Nadia,2017,Summer,2016-11-01,2017-02-28,2017-02-28,120,True
Nadia,2018,Summer,2017-11-01,2018-02-28,2018-02-28,120,True
Nadia,2019,Summer,2018-11-01,2019-02-28,2019-02-28,120,True
Nadia,2000,Winter,2000-06-01,2000-09-30,2000-09-30,122,True
Nadia,2001,Winter,2001-06-01,2001-09-30,2001-09-30,122,True
Nadia,2002,Winter,2002-06-01,2002-09-30,2002-09-30,122,True
Nadia,2003,Winter,2003-06-01,2003-09-30,2003-09-30,122,True
Nadia,2004,Winter,2004-06-01,2004-09-30,2004-09-30,122,True
Nadia,2005,Winter,2005-06-01,2005-09-30,2005-09-30,122,True
Nadia,2006,Winter,2006-06-01,2006-09-30,2006-09-30,122,True
Nadia,2007,Winter,2007-06-01,2007-09-30,2007-09-30,122,True
Nadia,2008,Winter,2008-06-01,2008-09-30,2008-09-30,122,True
Nadia,2009,Winter,2009-06-01,2009-09-30,2009-09-30,122,True
Nadia,2010,Winter,2010-06-01,2010-09-30,2010-09-30,122,True
Nadia,2011,Winter,2011-06-01,2011-09-30,2011-09-30,122,True
Nadia,2012,Winter,2012-06-01,2012-09-30,2012-09-30,122,True
Nadia,2013,Winter,2013-06-01,2013-09-30,2013-09-30,122,True
Nadia,2014,Winter,2014-06-01,2014-09-30,2014-09-30,122,True
Nadia,2015,Winter,2015-06-01,2015-09-30,2015-09-30,122,True
Nadia,2016,Winter,2016-06-01,2016-09-30,2016-09-30,122,True
Nadia,2017,Winter,2017-06-01,2017-09-30,2017-09-30,122,True
Nadia,2018,Winter,2018-06-01,2018-09-30,2018-09-30,122,True
Nadia,2019,Winter,2019-06-01,2019-09-30,2019-09-30,122,True
North 24 Parganas,2000,Autumn,2000-05-01,2000-07-31,2000-07-31,92,True
North 24 Parganas,2001,Autumn,2001-05-01,2001-07-31,2001-07-31,92,True
North 24 Parganas,2002,Autumn,2002-05-01,2002-07-31,2002-07-31,92,True
North 24 Parganas,2003,Autumn,2003-05-01,2003-07-31,2003-07-31,92,True
North 24 Parganas,2004,Autumn,2004-05-01,2004-07-31,2004-07-31,92,True
North 24 Parganas,2005,Autumn,2005-05-01,2005-07-31,2005-07-31,92,True
North 24 Parganas,2006,Autumn,2006-05-01,2006-07-31,2006-07-31,92,True
North 24 Parganas,2007,Autumn,2007-05-01,2007-07-31,2007-07-31,92,True
North 24 Parganas,2008,Autumn,2008-05-01,2008-07-31,2008-07-31,92,True
North 24 Parganas,2009,Autumn,2009-05-01,2009-07-31,2009-07-31,92,True
North 24 Parganas,2010,Autumn,2010-05-01,2010-07-31,2010-07-31,92,True
North 24 Parganas,2011,Autumn,2011-05-01,2011-07-31,2011-07-31,92,True
North 24 Parganas,2012,Autumn,2012-05-01,2012-07-31,2012-07-31,92,True
North 24 Parganas,2013,Autumn,2013-05-01,2013-07-31,2013-07-31,92,True
North 24 Parganas,2014,Autumn,2014-05-01,2014-07-31,2014-07-31,92,True
North 24 Parganas,2015,Autumn,2015-05-01,2015-07-31,2015-07-31,92,True
North 24 Parganas,2016,Autumn,2016-05-01,2016-07-31,2016-07-31,92,True
North 24 Parganas,2017,Autumn,2017-05-01,2017-07-31,2017-07-31,92,True
North 24 Parganas,2018,Autumn,2018-05-01,2018-07-31,2018-07-31,92,True
North 24 Parganas,2019,Autumn,2019-05-01,2019-07-31,2019-07-31,92,True
North 24 Parganas,2000,Summer,1999-11-01,2000-02-28,2000-02-28,120,True
North 24 Parganas,2001,Summer,2000-11-01,2001-02-28,2001-02-28,120,True
North 24 Parganas,2002,Summer,2001-11-01,2002-02-28,2002-02-28,120,True
North 24 Parganas,2003,Summer,2002-11-01,2003-02-28,2003-02-28,120,True
North 24 Parganas,2004,Summer,2003-11-01,2004-02-28,2004-02-28,120,True
North 24 Parganas,2005,Summer,2004-11-01,2005-02-28,2005-02-28,120,True
North 24 Parganas,2006,Summer,2005-11-01,2006-02-28,2006-02-28,120,True
North 24 Parganas,2007,Summer,2006-11-01,2007-02-28,2007-02-28,120,True
North 24 Parganas,2008,Summer,2007-11-01,2008-02-28,2008-02-28,120,True
North 24 Parganas,2009,Summer,2008-11-01,2009-02-28,2009-02-28,120,True
North 24 Parganas,2010,Summer,2009-11-01,2010-02-28,2010-02-28,120,True
North 24 Parganas,2011,Summer,2010-11-01,2011-02-28,2011-02-28,120,True
North 24 Parganas,2012,Summer,2011-11-01,2012-02-28,2012-02-28,120,True
North 24 Parganas,2013,Summer,2012-11-01,2013-02-28,2013-02-28,120,True
North 24 Parganas,2014,Summer,2013-11-01,2014-02-28,2014-02-28,120,True
North 24 Parganas,2015,Summer,2014-11-01,2015-02-28,2015-02-28,120,True
North 24 Parganas,2016,Summer,2015-11-01,2016-02-28,2016-02-28,120,True
North 24 Parganas,2017,Summer,2016-11-01,2017-02-28,2017-02-28,120,True
North 24 Parganas,2018,Summer,2017-11-01,2018-02-28,2018-02-28,120,True
North 24 Parganas,2019,Summer,2018-11-01,2019-02-28,2019-02-28,120,True
North 24 Parganas,2000,Winter,2000-06-01,2000-09-30,2000-09-30,122,True
North 24 Parganas,2001,Winter,2001-06-01,2001-09-30,2001-09-30,122,True
North 24 Parganas,2002,Winter,2002-06-01,2002-09-30,2002-09-30,122,True
North 24 Parganas,2003,Winter,2003-06-01,2003-09-30,2003-09-30,122,True
North 24 Parganas,2004,Winter,2004-06-01,2004-09-30,2004-09-30,122,True
North 24 Parganas,2005,Winter,2005-06-01,2005-09-30,2005-09-30,122,True
North 24 Parganas,2006,Winter,2006-06-01,2006-09-30,2006-09-30,122,True
North 24 Parganas,2007,Winter,2007-06-01,2007-09-30,2007-09-30,122,True
North 24 Parganas,2008,Winter,2008-06-01,2008-09-30,2008-09-30,122,True
North 24 Parganas,2009,Winter,2009-06-01,2009-09-30,2009-09-30,122,True
North 24 Parganas,2010,Winter,2010-06-01,2010-09-30,2010-09-30,122,True
North 24 Parganas,2011,Winter,2011-06-01,2011-09-30,2011-09-30,122,True
North 24 Parganas,2012,Winter,2012-06-01,2012-09-30,2012-09-30,122,True
North 24 Parganas,2013,Winter,2013-06-01,2013-09-30,2013-09-30,122,True
North 24 Parganas,2014,Winter,2014-06-01,2014-09-30,2014-09-30,122,True
North 24 Parganas,2015,Winter,2015-06-01,2015-09-30,2015-09-30,122,True
North 24 Parganas,2016,Winter,2016-06-01,2016-09-30,2016-09-30,122,True
North 24 Parganas,2017,Winter,2017-06-01,2017-09-30,2017-09-30,122,True
North 24 Parganas,2018,Winter,2018-06-01,2018-09-30,2018-09-30,122,True
North 24 Parganas,2019,Winter,2019-06-01,2019-09-30,2019-09-30,122,True
Paschim Bardhaman,2016,Autumn,2016-05-01,2016-07-31,2016-07-31,92,True
Paschim Bardhaman,2017,Autumn,2017-05-01,2017-07-31,2017-07-31,92,True
Paschim Bardhaman,2018,Autumn,2018-05-01,2018-07-31,2018-07-31,92,True
Paschim Bardhaman,2019,Autumn,2019-05-01,2019-07-31,2019-07-31,92,True
Paschim Bardhaman,2016,Summer,2015-11-01,2016-02-28,2016-02-28,120,True
Paschim Bardhaman,2017,Summer,2016-11-01,2017-02-28,2017-02-28,120,True
Paschim Bardhaman,2018,Summer,2017-11-01,2018-02-28,2018-02-28,120,True
Paschim Bardhaman,2019,Summer,2018-11-01,2019-02-28,2019-02-28,120,True
Paschim Bardhaman,2016,Winter,2016-06-01,2016-09-30,2016-09-30,122,True
Paschim Bardhaman,2017,Winter,2017-06-01,2017-09-30,2017-09-30,122,True
Paschim Bardhaman,2018,Winter,2018-06-01,2018-09-30,2018-09-30,122,True
Paschim Bardhaman,2019,Winter,2019-06-01,2019-09-30,2019-09-30,122,True
Paschim Medinipur,2000,Autumn,2000-05-01,2000-07-31,2000-07-31,92,True
Paschim Medinipur,2001,Autumn,2001-05-01,2001-07-31,2001-07-31,92,True
Paschim Medinipur,2002,Autumn,2002-05-01,2002-07-31,2002-07-31,92,True
Paschim Medinipur,2003,Autumn,2003-05-01,2003-07-31,2003-07-31,92,True
Paschim Medinipur,2004,Autumn,2004-05-01,2004-07-31,2004-07-31,92,True
Paschim Medinipur,2005,Autumn,2005-05-01,2005-07-31,2005-07-31,92,True
Paschim Medinipur,2006,Autumn,2006-05-01,2006-07-31,2006-07-31,92,True
Paschim Medinipur,2007,Autumn,2007-05-01,2007-07-31,2007-07-31,92,True
Paschim Medinipur,2008,Autumn,2008-05-01,2008-07-31,2008-07-31,92,True
Paschim Medinipur,2009,Autumn,2009-05-01,2009-07-31,2009-07-31,92,True
Paschim Medinipur,2010,Autumn,2010-05-01,2010-07-31,2010-07-31,92,True
Paschim Medinipur,2011,Autumn,2011-05-01,2011-07-31,2011-07-31,92,True
Paschim Medinipur,2012,Autumn,2012-05-01,2012-07-31,2012-07-31,92,True
Paschim Medinipur,2013,Autumn,2013-05-01,2013-07-31,2013-07-31,92,True
Paschim Medinipur,2014,Autumn,2014-05-01,2014-07-31,2014-07-31,92,True
Paschim Medinipur,2015,Autumn,2015-05-01,2015-07-31,2015-07-31,92,True
Paschim Medinipur,2016,Autumn,2016-05-01,2016-07-31,2016-07-31,92,True
Paschim Medinipur,2017,Autumn,2017-05-01,2017-07-31,2017-07-31,92,True
Paschim Medinipur,2018,Autumn,2018-05-01,2018-07-31,2018-07-31,92,True
Paschim Medinipur,2019,Autumn,2019-05-01,2019-07-31,2019-07-31,92,True
Paschim Medinipur,2000,Summer,1999-11-01,2000-02-28,2000-02-28,120,True
Paschim Medinipur,2001,Summer,2000-11-01,2001-02-28,2001-02-28,120,True
Paschim Medinipur,2002,Summer,2001-11-01,2002-02-28,2002-02-28,120,True
Paschim Medinipur,2003,Summer,2002-11-01,2003-02-28,2003-02-28,120,True
Paschim Medinipur,2004,Summer,2003-11-01,2004-02-28,2004-02-28,120,True
Paschim Medinipur,2005,Summer,2004-11-01,2005-02-28,2005-02-28,120,True
Paschim Medinipur,2006,Summer,2005-11-01,2006-02-28,2006-02-28,120,True
Paschim Medinipur,2007,Summer,2006-11-01,2007-02-28,2007-02-28,120,True
Paschim Medinipur,2008,Summer,2007-11-01,2008-02-28,2008-02-28,120,True
Paschim Medinipur,2009,Summer,2008-11-01,2009-02-28,2009-02-28,120,True
Paschim Medinipur,2010,Summer,2009-11-01,2010-02-28,2010-02-28,120,True
Paschim Medinipur,2011,Summer,2010-11-01,2011-02-28,2011-02-28,120,True
Paschim Medinipur,2012,Summer,2011-11-01,2012-02-28,2012-02-28,120,True
Paschim Medinipur,2013,Summer,2012-11-01,2013-02-28,2013-02-28,120,True
Paschim Medinipur,2014,Summer,2013-11-01,2014-02-28,2014-02-28,120,True
Paschim Medinipur,2015,Summer,2014-11-01,2015-02-28,2015-02-28,120,True
Paschim Medinipur,2016,Summer,2015-11-01,2016-02-28,2016-02-28,120,True
Paschim Medinipur,2017,Summer,2016-11-01,2017-02-28,2017-02-28,120,True
Paschim Medinipur,2018,Summer,2017-11-01,2018-02-28,2018-02-28,120,True
Paschim Medinipur,2019,Summer,2018-11-01,2019-02-28,2019-02-28,120,True
Paschim Medinipur,2000,Winter,2000-06-01,2000-09-30,2000-09-30,122,True
Paschim Medinipur,2001,Winter,2001-06-01,2001-09-30,2001-09-30,122,True
Paschim Medinipur,2002,Winter,2002-06-01,2002-09-30,2002-09-30,122,True
Paschim Medinipur,2003,Winter,2003-06-01,2003-09-30,2003-09-30,122,True
Paschim Medinipur,2004,Winter,2004-06-01,2004-09-30,2004-09-30,122,True
Paschim Medinipur,2005,Winter,2005-06-01,2005-09-30,2005-09-30,122,True
Paschim Medinipur,2006,Winter,2006-06-01,2006-09-30,2006-09-30,122,True
Paschim Medinipur,2007,Winter,2007-06-01,2007-09-30,2007-09-30,122,True
Paschim Medinipur,2008,Winter,2008-06-01,2008-09-30,2008-09-30,122,True
Paschim Medinipur,2009,Winter,2009-06-01,2009-09-30,2009-09-30,122,True
Paschim Medinipur,2010,Winter,2010-06-01,2010-09-30,2010-09-30,122,True
Paschim Medinipur,2011,Winter,2011-06-01,2011-09-30,2011-09-30,122,True
Paschim Medinipur,2012,Winter,2012-06-01,2012-09-30,2012-09-30,122,True
Paschim Medinipur,2013,Winter,2013-06-01,2013-09-30,2013-09-30,122,True
Paschim Medinipur,2014,Winter,2014-06-01,2014-09-30,2014-09-30,122,True
Paschim Medinipur,2015,Winter,2015-06-01,2015-09-30,2015-09-30,122,True
Paschim Medinipur,2016,Winter,2016-06-01,2016-09-30,2016-09-30,122,True
Paschim Medinipur,2017,Winter,2017-06-01,2017-09-30,2017-09-30,122,True
Paschim Medinipur,2018,Winter,2018-06-01,2018-09-30,2018-09-30,122,True
Paschim Medinipur,2019,Winter,2019-06-01,2019-09-30,2019-09-30,122,True
Purba Bardhaman,2000,Autumn,2000-05-01,2000-07-31,2000-07-31,92,True
Purba Bardhaman,2001,Autumn,2001-05-01,2001-07-31,2001-07-31,92,True
Purba Bardhaman,2002,Autumn,2002-05-01,2002-07-31,2002-07-31,92,True
Purba Bardhaman,2003,Autumn,2003-05-01,2003-07-31,2003-07-31,92,True
Purba Bardhaman,2004,Autumn,2004-05-01,2004-07-31,2004-07-31,92,True
Purba Bardhaman,2005,Autumn,2005-05-01,2005-07-31,2005-07-31,92,True
Purba Bardhaman,2006,Autumn,2006-05-01,2006-07-31,2006-07-31,92,True
Purba Bardhaman,2007,Autumn,2007-05-01,2007-07-31,2007-07-31,92,True
Purba Bardhaman,2008,Autumn,2008-05-01,2008-07-31,2008-07-31,92,True
Purba Bardhaman,2009,Autumn,2009-05-01,2009-07-31,2009-07-31,92,True
Purba Bardhaman,2010,Autumn,2010-05-01,2010-07-31,2010-07-31,92,True
Purba Bardhaman,2011,Autumn,2011-05-01,2011-07-31,2011-07-31,92,True
Purba Bardhaman,2012,Autumn,2012-05-01,2012-07-31,2012-07-31,92,True
Purba Bardhaman,2013,Autumn,2013-05-01,2013-07-31,2013-07-31,92,True
Purba Bardhaman,2014,Autumn,2014-05-01,2014-07-31,2014-07-31,92,True
Purba Bardhaman,2015,Autumn,2015-05-01,2015-07-31,2015-07-31,92,True
Purba Bardhaman,2016,Autumn,2016-05-01,2016-07-31,2016-07-31,92,True
Purba Bardhaman,2017,Autumn,2017-05-01,2017-07-31,2017-07-31,92,True
Purba Bardhaman,2018,Autumn,2018-05-01,2018-07-31,2018-07-31,92,True
Purba Bardhaman,2019,Autumn,2019-05-01,2019-07-31,2019-07-31,92,True
Purba Bardhaman,2000,Summer,1999-11-01,2000-02-28,2000-02-28,120,True
Purba Bardhaman,2001,Summer,2000-11-01,2001-02-28,2001-02-28,120,True
Purba Bardhaman,2002,Summer,2001-11-01,2002-02-28,2002-02-28,120,True
Purba Bardhaman,2003,Summer,2002-11-01,2003-02-28,2003-02-28,120,True
Purba Bardhaman,2004,Summer,2003-11-01,2004-02-28,2004-02-28,120,True
Purba Bardhaman,2005,Summer,2004-11-01,2005-02-28,2005-02-28,120,True
Purba Bardhaman,2006,Summer,2005-11-01,2006-02-28,2006-02-28,120,True
Purba Bardhaman,2007,Summer,2006-11-01,2007-02-28,2007-02-28,120,True
Purba Bardhaman,2008,Summer,2007-11-01,2008-02-28,2008-02-28,120,True
Purba Bardhaman,2009,Summer,2008-11-01,2009-02-28,2009-02-28,120,True
Purba Bardhaman,2010,Summer,2009-11-01,2010-02-28,2010-02-28,120,True
Purba Bardhaman,2011,Summer,2010-11-01,2011-02-28,2011-02-28,120,True
Purba Bardhaman,2012,Summer,2011-11-01,2012-02-28,2012-02-28,120,True
Purba Bardhaman,2013,Summer,2012-11-01,2013-02-28,2013-02-28,120,True
Purba Bardhaman,2014,Summer,2013-11-01,2014-02-28,2014-02-28,120,True
Purba Bardhaman,2015,Summer,2014-11-01,2015-02-28,2015-02-28,120,True
Purba Bardhaman,2016,Summer,2015-11-01,2016-02-28,2016-02-28,120,True
Purba Bardhaman,2017,Summer,2016-11-01,2017-02-28,2017-02-28,120,True
Purba Bardhaman,2018,Summer,2017-11-01,2018-02-28,2018-02-28,120,True
Purba Bardhaman,2019,Summer,2018-11-01,2019-02-28,2019-02-28,120,True
Purba Bardhaman,2000,Winter,2000-06-01,2000-09-30,2000-09-30,122,True
Purba Bardhaman,2001,Winter,2001-06-01,2001-09-30,2001-09-30,122,True
Purba Bardhaman,2002,Winter,2002-06-01,2002-09-30,2002-09-30,122,True
Purba Bardhaman,2003,Winter,2003-06-01,2003-09-30,2003-09-30,122,True
Purba Bardhaman,2004,Winter,2004-06-01,2004-09-30,2004-09-30,122,True
Purba Bardhaman,2005,Winter,2005-06-01,2005-09-30,2005-09-30,122,True
Purba Bardhaman,2006,Winter,2006-06-01,2006-09-30,2006-09-30,122,True
Purba Bardhaman,2007,Winter,2007-06-01,2007-09-30,2007-09-30,122,True
Purba Bardhaman,2008,Winter,2008-06-01,2008-09-30,2008-09-30,122,True
Purba Bardhaman,2009,Winter,2009-06-01,2009-09-30,2009-09-30,122,True
Purba Bardhaman,2010,Winter,2010-06-01,2010-09-30,2010-09-30,122,True
Purba Bardhaman,2011,Winter,2011-06-01,2011-09-30,2011-09-30,122,True
Purba Bardhaman,2012,Winter,2012-06-01,2012-09-30,2012-09-30,122,True
Purba Bardhaman,2013,Winter,2013-06-01,2013-09-30,2013-09-30,122,True
Purba Bardhaman,2014,Winter,2014-06-01,2014-09-30,2014-09-30,122,True
Purba Bardhaman,2015,Winter,2015-06-01,2015-09-30,2015-09-30,122,True
Purba Bardhaman,2016,Winter,2016-06-01,2016-09-30,2016-09-30,122,True
Purba Bardhaman,2017,Winter,2017-06-01,2017-09-30,2017-09-30,122,True
Purba Bardhaman,2018,Winter,2018-06-01,2018-09-30,2018-09-30,122,True
Purba Bardhaman,2019,Winter,2019-06-01,2019-09-30,2019-09-30,122,True
Purba Medinipur,2000,Autumn,2000-05-01,2000-07-31,2000-07-31,92,True
Purba Medinipur,2002,Autumn,2002-05-01,2002-07-31,2002-07-31,92,True
Purba Medinipur,2003,Autumn,2003-05-01,2003-07-31,2003-07-31,92,True
Purba Medinipur,2004,Autumn,2004-05-01,2004-07-31,2004-07-31,92,True
Purba Medinipur,2005,Autumn,2005-05-01,2005-07-31,2005-07-31,92,True
Purba Medinipur,2006,Autumn,2006-05-01,2006-07-31,2006-07-31,92,True
Purba Medinipur,2007,Autumn,2007-05-01,2007-07-31,2007-07-31,92,True
Purba Medinipur,2008,Autumn,2008-05-01,2008-07-31,2008-07-31,92,True
Purba Medinipur,2009,Autumn,2009-05-01,2009-07-31,2009-07-31,92,True
Purba Medinipur,2010,Autumn,2010-05-01,2010-07-31,2010-07-31,92,True
Purba Medinipur,2011,Autumn,2011-05-01,2011-07-31,2011-07-31,92,True
Purba Medinipur,2012,Autumn,2012-05-01,2012-07-31,2012-07-31,92,True
Purba Medinipur,2013,Autumn,2013-05-01,2013-07-31,2013-07-31,92,True
Purba Medinipur,2014,Autumn,2014-05-01,2014-07-31,2014-07-31,92,True
Purba Medinipur,2015,Autumn,2015-05-01,2015-07-31,2015-07-31,92,True
Purba Medinipur,2016,Autumn,2016-05-01,2016-07-31,2016-07-31,92,True
Purba Medinipur,2017,Autumn,2017-05-01,2017-07-31,2017-07-31,92,True
Purba Medinipur,2018,Autumn,2018-05-01,2018-07-31,2018-07-31,92,True
Purba Medinipur,2019,Autumn,2019-05-01,2019-07-31,2019-07-31,92,True
Purba Medinipur,2000,Summer,1999-11-01,2000-02-28,2000-02-28,120,True
Purba Medinipur,2002,Summer,2001-11-01,2002-02-28,2002-02-28,120,True
Purba Medinipur,2003,Summer,2002-11-01,2003-02-28,2003-02-28,120,True
Purba Medinipur,2004,Summer,2003-11-01,2004-02-28,2004-02-28,120,True
Purba Medinipur,2005,Summer,2004-11-01,2005-02-28,2005-02-28,120,True
Purba Medinipur,2006,Summer,2005-11-01,2006-02-28,2006-02-28,120,True
Purba Medinipur,2007,Summer,2006-11-01,2007-02-28,2007-02-28,120,True
Purba Medinipur,2008,Summer,2007-11-01,2008-02-28,2008-02-28,120,True
Purba Medinipur,2009,Summer,2008-11-01,2009-02-28,2009-02-28,120,True
Purba Medinipur,2010,Summer,2009-11-01,2010-02-28,2010-02-28,120,True
Purba Medinipur,2011,Summer,2010-11-01,2011-02-28,2011-02-28,120,True
Purba Medinipur,2012,Summer,2011-11-01,2012-02-28,2012-02-28,120,True
Purba Medinipur,2013,Summer,2012-11-01,2013-02-28,2013-02-28,120,True
Purba Medinipur,2014,Summer,2013-11-01,2014-02-28,2014-02-28,120,True
Purba Medinipur,2015,Summer,2014-11-01,2015-02-28,2015-02-28,120,True
Purba Medinipur,2016,Summer,2015-11-01,2016-02-28,2016-02-28,120,True
Purba Medinipur,2017,Summer,2016-11-01,2017-02-28,2017-02-28,120,True
Purba Medinipur,2018,Summer,2017-11-01,2018-02-28,2018-02-28,120,True
Purba Medinipur,2019,Summer,2018-11-01,2019-02-28,2019-02-28,120,True
Purba Medinipur,2000,Winter,2000-06-01,2000-09-30,2000-09-30,122,True
Purba Medinipur,2002,Winter,2002-06-01,2002-09-30,2002-09-30,122,True
Purba Medinipur,2003,Winter,2003-06-01,2003-09-30,2003-09-30,122,True
Purba Medinipur,2004,Winter,2004-06-01,2004-09-30,2004-09-30,122,True
Purba Medinipur,2005,Winter,2005-06-01,2005-09-30,2005-09-30,122,True
Purba Medinipur,2006,Winter,2006-06-01,2006-09-30,2006-09-30,122,True
Purba Medinipur,2007,Winter,2007-06-01,2007-09-30,2007-09-30,122,True
Purba Medinipur,2008,Winter,2008-06-01,2008-09-30,2008-09-30,122,True
Purba Medinipur,2009,Winter,2009-06-01,2009-09-30,2009-09-30,122,True
Purba Medinipur,2010,Winter,2010-06-01,2010-09-30,2010-09-30,122,True
Purba Medinipur,2011,Winter,2011-06-01,2011-09-30,2011-09-30,122,True
Purba Medinipur,2012,Winter,2012-06-01,2012-09-30,2012-09-30,122,True
Purba Medinipur,2013,Winter,2013-06-01,2013-09-30,2013-09-30,122,True
Purba Medinipur,2014,Winter,2014-06-01,2014-09-30,2014-09-30,122,True
Purba Medinipur,2015,Winter,2015-06-01,2015-09-30,2015-09-30,122,True
Purba Medinipur,2016,Winter,2016-06-01,2016-09-30,2016-09-30,122,True
Purba Medinipur,2017,Winter,2017-06-01,2017-09-30,2017-09-30,122,True
Purba Medinipur,2018,Winter,2018-06-01,2018-09-30,2018-09-30,122,True
Purba Medinipur,2019,Winter,2019-06-01,2019-09-30,2019-09-30,122,True
Purulia,2000,Autumn,2000-05-01,2000-07-31,2000-07-31,92,True
Purulia,2001,Autumn,2001-05-01,2001-07-31,2001-07-31,92,True
Purulia,2002,Autumn,2002-05-01,2002-07-31,2002-07-31,92,True
Purulia,2003,Autumn,2003-05-01,2003-07-31,2003-07-31,92,True
Purulia,2004,Autumn,2004-05-01,2004-07-31,2004-07-31,92,True
Purulia,2005,Autumn,2005-05-01,2005-07-31,2005-07-31,92,True
Purulia,2006,Autumn,2006-05-01,2006-07-31,2006-07-31,92,True
Purulia,2007,Autumn,2007-05-01,2007-07-31,2007-07-31,92,True
Purulia,2008,Autumn,2008-05-01,2008-07-31,2008-07-31,92,True
Purulia,2009,Autumn,2009-05-01,2009-07-31,2009-07-31,92,True
Purulia,2010,Autumn,2010-05-01,2010-07-31,2010-07-31,92,True
Purulia,2011,Autumn,2011-05-01,2011-07-31,2011-07-31,92,True
Purulia,2012,Autumn,2012-05-01,2012-07-31,2012-07-31,92,True
Purulia,2013,Autumn,2013-05-01,2013-07-31,2013-07-31,92,True
Purulia,2014,Autumn,2014-05-01,2014-07-31,2014-07-31,92,True
Purulia,2015,Autumn,2015-05-01,2015-07-31,2015-07-31,92,True
Purulia,2016,Autumn,2016-05-01,2016-07-31,2016-07-31,92,True
Purulia,2017,Autumn,2017-05-01,2017-07-31,2017-07-31,92,True
Purulia,2018,Autumn,2018-05-01,2018-07-31,2018-07-31,92,True
Purulia,2019,Autumn,2019-05-01,2019-07-31,2019-07-31,92,True
Purulia,2000,Summer,1999-11-01,2000-02-28,2000-02-28,120,True
Purulia,2001,Summer,2000-11-01,2001-02-28,2001-02-28,120,True
Purulia,2002,Summer,2001-11-01,2002-02-28,2002-02-28,120,True
Purulia,2003,Summer,2002-11-01,2003-02-28,2003-02-28,120,True
Purulia,2004,Summer,2003-11-01,2004-02-28,2004-02-28,120,True
Purulia,2005,Summer,2004-11-01,2005-02-28,2005-02-28,120,True
Purulia,2006,Summer,2005-11-01,2006-02-28,2006-02-28,120,True
Purulia,2007,Summer,2006-11-01,2007-02-28,2007-02-28,120,True
Purulia,2008,Summer,2007-11-01,2008-02-28,2008-02-28,120,True
Purulia,2009,Summer,2008-11-01,2009-02-28,2009-02-28,120,True
Purulia,2010,Summer,2009-11-01,2010-02-28,2010-02-28,120,True
Purulia,2011,Summer,2010-11-01,2011-02-28,2011-02-28,120,True
Purulia,2012,Summer,2011-11-01,2012-02-28,2012-02-28,120,True
Purulia,2013,Summer,2012-11-01,2013-02-28,2013-02-28,120,True
Purulia,2014,Summer,2013-11-01,2014-02-28,2014-02-28,120,True
Purulia,2015,Summer,2014-11-01,2015-02-28,2015-02-28,120,True
Purulia,2016,Summer,2015-11-01,2016-02-28,2016-02-28,120,True
Purulia,2017,Summer,2016-11-01,2017-02-28,2017-02-28,120,True
Purulia,2018,Summer,2017-11-01,2018-02-28,2018-02-28,120,True
Purulia,2019,Summer,2018-11-01,2019-02-28,2019-02-28,120,True
Purulia,2000,Winter,2000-06-01,2000-09-30,2000-09-30,122,True
Purulia,2001,Winter,2001-06-01,2001-09-30,2001-09-30,122,True
Purulia,2002,Winter,2002-06-01,2002-09-30,2002-09-30,122,True
Purulia,2003,Winter,2003-06-01,2003-09-30,2003-09-30,122,True
Purulia,2004,Winter,2004-06-01,2004-09-30,2004-09-30,122,True
Purulia,2005,Winter,2005-06-01,2005-09-30,2005-09-30,122,True
Purulia,2006,Winter,2006-06-01,2006-09-30,2006-09-30,122,True
Purulia,2007,Winter,2007-06-01,2007-09-30,2007-09-30,122,True
Purulia,2008,Winter,2008-06-01,2008-09-30,2008-09-30,122,True
Purulia,2009,Winter,2009-06-01,2009-09-30,2009-09-30,122,True
Purulia,2010,Winter,2010-06-01,2010-09-30,2010-09-30,122,True
Purulia,2011,Winter,2011-06-01,2011-09-30,2011-09-30,122,True
Purulia,2012,Winter,2012-06-01,2012-09-30,2012-09-30,122,True
Purulia,2013,Winter,2013-06-01,2013-09-30,2013-09-30,122,True
Purulia,2014,Winter,2014-06-01,2014-09-30,2014-09-30,122,True
Purulia,2015,Winter,2015-06-01,2015-09-30,2015-09-30,122,True
Purulia,2016,Winter,2016-06-01,2016-09-30,2016-09-30,122,True
Purulia,2017,Winter,2017-06-01,2017-09-30,2017-09-30,122,True
Purulia,2018,Winter,2018-06-01,2018-09-30,2018-09-30,122,True
Purulia,2019,Winter,2019-06-01,2019-09-30,2019-09-30,122,True
South 24 Parganas,2000,Autumn,2000-05-01,2000-07-31,2000-07-31,92,True
South 24 Parganas,2001,Autumn,2001-05-01,2001-07-31,2001-07-31,92,True
South 24 Parganas,2002,Autumn,2002-05-01,2002-07-31,2002-07-31,92,True
South 24 Parganas,2003,Autumn,2003-05-01,2003-07-31,2003-07-31,92,True
South 24 Parganas,2004,Autumn,2004-05-01,2004-07-31,2004-07-31,92,True
South 24 Parganas,2005,Autumn,2005-05-01,2005-07-31,2005-07-31,92,True
South 24 Parganas,2006,Autumn,2006-05-01,2006-07-31,2006-07-31,92,True
South 24 Parganas,2007,Autumn,2007-05-01,2007-07-31,2007-07-31,92,True
South 24 Parganas,2008,Autumn,2008-05-01,2008-07-31,2008-07-31,92,True
South 24 Parganas,2009,Autumn,2009-05-01,2009-07-31,2009-07-31,92,True
South 24 Parganas,2010,Autumn,2010-05-01,2010-07-31,2010-07-31,92,True
South 24 Parganas,2011,Autumn,2011-05-01,2011-07-31,2011-07-31,92,True
South 24 Parganas,2012,Autumn,2012-05-01,2012-07-31,2012-07-31,92,True
South 24 Parganas,2013,Autumn,2013-05-01,2013-07-31,2013-07-31,92,True
South 24 Parganas,2014,Autumn,2014-05-01,2014-07-31,2014-07-31,92,True
South 24 Parganas,2015,Autumn,2015-05-01,2015-07-31,2015-07-31,92,True
South 24 Parganas,2016,Autumn,2016-05-01,2016-07-31,2016-07-31,92,True
South 24 Parganas,2017,Autumn,2017-05-01,2017-07-31,2017-07-31,92,True
South 24 Parganas,2018,Autumn,2018-05-01,2018-07-31,2018-07-31,92,True
South 24 Parganas,2019,Autumn,2019-05-01,2019-07-31,2019-07-31,92,True
South 24 Parganas,2000,Summer,1999-11-01,2000-02-28,2000-02-28,120,True
South 24 Parganas,2001,Summer,2000-11-01,2001-02-28,2001-02-28,120,True
South 24 Parganas,2002,Summer,2001-11-01,2002-02-28,2002-02-28,120,True
South 24 Parganas,2003,Summer,2002-11-01,2003-02-28,2003-02-28,120,True
South 24 Parganas,2004,Summer,2003-11-01,2004-02-28,2004-02-28,120,True
South 24 Parganas,2005,Summer,2004-11-01,2005-02-28,2005-02-28,120,True
South 24 Parganas,2006,Summer,2005-11-01,2006-02-28,2006-02-28,120,True
South 24 Parganas,2007,Summer,2006-11-01,2007-02-28,2007-02-28,120,True
South 24 Parganas,2008,Summer,2007-11-01,2008-02-28,2008-02-28,120,True
South 24 Parganas,2009,Summer,2008-11-01,2009-02-28,2009-02-28,120,True
South 24 Parganas,2010,Summer,2009-11-01,2010-02-28,2010-02-28,120,True
South 24 Parganas,2011,Summer,2010-11-01,2011-02-28,2011-02-28,120,True
South 24 Parganas,2012,Summer,2011-11-01,2012-02-28,2012-02-28,120,True
South 24 Parganas,2013,Summer,2012-11-01,2013-02-28,2013-02-28,120,True
South 24 Parganas,2014,Summer,2013-11-01,2014-02-28,2014-02-28,120,True
South 24 Parganas,2015,Summer,2014-11-01,2015-02-28,2015-02-28,120,True
South 24 Parganas,2016,Summer,2015-11-01,2016-02-28,2016-02-28,120,True
South 24 Parganas,2017,Summer,2016-11-01,2017-02-28,2017-02-28,120,True
South 24 Parganas,2018,Summer,2017-11-01,2018-02-28,2018-02-28,120,True
South 24 Parganas,2019,Summer,2018-11-01,2019-02-28,2019-02-28,120,True
South 24 Parganas,2000,Winter,2000-06-01,2000-09-30,2000-09-30,122,True
South 24 Parganas,2001,Winter,2001-06-01,2001-09-30,2001-09-30,122,True
South 24 Parganas,2002,Winter,2002-06-01,2002-09-30,2002-09-30,122,True
South 24 Parganas,2003,Winter,2003-06-01,2003-09-30,2003-09-30,122,True
South 24 Parganas,2004,Winter,2004-06-01,2004-09-30,2004-09-30,122,True
South 24 Parganas,2005,Winter,2005-06-01,2005-09-30,2005-09-30,122,True
South 24 Parganas,2006,Winter,2006-06-01,2006-09-30,2006-09-30,122,True
South 24 Parganas,2007,Winter,2007-06-01,2007-09-30,2007-09-30,122,True
South 24 Parganas,2008,Winter,2008-06-01,2008-09-30,2008-09-30,122,True
South 24 Parganas,2009,Winter,2009-06-01,2009-09-30,2009-09-30,122,True
South 24 Parganas,2010,Winter,2010-06-01,2010-09-30,2010-09-30,122,True
South 24 Parganas,2011,Winter,2011-06-01,2011-09-30,2011-09-30,122,True
South 24 Parganas,2012,Winter,2012-06-01,2012-09-30,2012-09-30,122,True
South 24 Parganas,2013,Winter,2013-06-01,2013-09-30,2013-09-30,122,True
South 24 Parganas,2014,Winter,2014-06-01,2014-09-30,2014-09-30,122,True
South 24 Parganas,2015,Winter,2015-06-01,2015-09-30,2015-09-30,122,True
South 24 Parganas,2016,Winter,2016-06-01,2016-09-30,2016-09-30,122,True
South 24 Parganas,2017,Winter,2017-06-01,2017-09-30,2017-09-30,122,True
South 24 Parganas,2018,Winter,2018-06-01,2018-09-30,2018-09-30,122,True
South 24 Parganas,2019,Winter,2019-06-01,2019-09-30,2019-09-30,122,True
Uttar Dinajpur,2000,Autumn,2000-05-01,2000-07-31,2000-07-31,92,True
Uttar Dinajpur,2001,Autumn,2001-05-01,2001-07-31,2001-07-31,92,True
Uttar Dinajpur,2002,Autumn,2002-05-01,2002-07-31,2002-07-31,92,True
Uttar Dinajpur,2003,Autumn,2003-05-01,2003-07-31,2003-07-31,92,True
Uttar Dinajpur,2004,Autumn,2004-05-01,2004-07-31,2004-07-31,92,True
Uttar Dinajpur,2005,Autumn,2005-05-01,2005-07-31,2005-07-31,92,True
Uttar Dinajpur,2006,Autumn,2006-05-01,2006-07-31,2006-07-31,92,True
Uttar Dinajpur,2007,Autumn,2007-05-01,2007-07-31,2007-07-31,92,True
Uttar Dinajpur,2008,Autumn,2008-05-01,2008-07-31,2008-07-31,92,True
Uttar Dinajpur,2009,Autumn,2009-05-01,2009-07-31,2009-07-31,92,True
Uttar Dinajpur,2010,Autumn,2010-05-01,2010-07-31,2010-07-31,92,True
Uttar Dinajpur,2011,Autumn,2011-05-01,2011-07-31,2011-07-31,92,True
Uttar Dinajpur,2012,Autumn,2012-05-01,2012-07-31,2012-07-31,92,True
Uttar Dinajpur,2013,Autumn,2013-05-01,2013-07-31,2013-07-31,92,True
Uttar Dinajpur,2014,Autumn,2014-05-01,2014-07-31,2014-07-31,92,True
Uttar Dinajpur,2015,Autumn,2015-05-01,2015-07-31,2015-07-31,92,True
Uttar Dinajpur,2016,Autumn,2016-05-01,2016-07-31,2016-07-31,92,True
Uttar Dinajpur,2017,Autumn,2017-05-01,2017-07-31,2017-07-31,92,True
Uttar Dinajpur,2018,Autumn,2018-05-01,2018-07-31,2018-07-31,92,True
Uttar Dinajpur,2019,Autumn,2019-05-01,2019-07-31,2019-07-31,92,True
Uttar Dinajpur,2000,Summer,1999-11-01,2000-02-28,2000-02-28,120,True
Uttar Dinajpur,2001,Summer,2000-11-01,2001-02-28,2001-02-28,120,True
Uttar Dinajpur,2002,Summer,2001-11-01,2002-02-28,2002-02-28,120,True
Uttar Dinajpur,2003,Summer,2002-11-01,2003-02-28,2003-02-28,120,True
Uttar Dinajpur,2004,Summer,2003-11-01,2004-02-28,2004-02-28,120,True
Uttar Dinajpur,2005,Summer,2004-11-01,2005-02-28,2005-02-28,120,True
Uttar Dinajpur,2006,Summer,2005-11-01,2006-02-28,2006-02-28,120,True
Uttar Dinajpur,2007,Summer,2006-11-01,2007-02-28,2007-02-28,120,True
Uttar Dinajpur,2008,Summer,2007-11-01,2008-02-28,2008-02-28,120,True
Uttar Dinajpur,2009,Summer,2008-11-01,2009-02-28,2009-02-28,120,True
Uttar Dinajpur,2010,Summer,2009-11-01,2010-02-28,2010-02-28,120,True
Uttar Dinajpur,2011,Summer,2010-11-01,2011-02-28,2011-02-28,120,True
Uttar Dinajpur,2012,Summer,2011-11-01,2012-02-28,2012-02-28,120,True
Uttar Dinajpur,2013,Summer,2012-11-01,2013-02-28,2013-02-28,120,True
Uttar Dinajpur,2014,Summer,2013-11-01,2014-02-28,2014-02-28,120,True
Uttar Dinajpur,2015,Summer,2014-11-01,2015-02-28,2015-02-28,120,True
Uttar Dinajpur,2016,Summer,2015-11-01,2016-02-28,2016-02-28,120,True
Uttar Dinajpur,2017,Summer,2016-11-01,2017-02-28,2017-02-28,120,True
Uttar Dinajpur,2018,Summer,2017-11-01,2018-02-28,2018-02-28,120,True
Uttar Dinajpur,2019,Summer,2018-11-01,2019-02-28,2019-02-28,120,True
Uttar Dinajpur,2000,Winter,2000-06-01,2000-09-30,2000-09-30,122,True
Uttar Dinajpur,2001,Winter,2001-06-01,2001-09-30,2001-09-30,122,True
Uttar Dinajpur,2002,Winter,2002-06-01,2002-09-30,2002-09-30,122,True
Uttar Dinajpur,2003,Winter,2003-06-01,2003-09-30,2003-09-30,122,True
Uttar Dinajpur,2004,Winter,2004-06-01,2004-09-30,2004-09-30,122,True
Uttar Dinajpur,2005,Winter,2005-06-01,2005-09-30,2005-09-30,122,True
Uttar Dinajpur,2006,Winter,2006-06-01,2006-09-30,2006-09-30,122,True
Uttar Dinajpur,2007,Winter,2007-06-01,2007-09-30,2007-09-30,122,True
Uttar Dinajpur,2008,Winter,2008-06-01,2008-09-30,2008-09-30,122,True
Uttar Dinajpur,2009,Winter,2009-06-01,2009-09-30,2009-09-30,122,True
Uttar Dinajpur,2010,Winter,2010-06-01,2010-09-30,2010-09-30,122,True
Uttar Dinajpur,2011,Winter,2011-06-01,2011-09-30,2011-09-30,122,True
Uttar Dinajpur,2012,Winter,2012-06-01,2012-09-30,2012-09-30,122,True
Uttar Dinajpur,2013,Winter,2013-06-01,2013-09-30,2013-09-30,122,True
Uttar Dinajpur,2014,Winter,2014-06-01,2014-09-30,2014-09-30,122,True
Uttar Dinajpur,2015,Winter,2015-06-01,2015-09-30,2015-09-30,122,True
Uttar Dinajpur,2016,Winter,2016-06-01,2016-09-30,2016-09-30,122,True
Uttar Dinajpur,2017,Winter,2017-06-01,2017-09-30,2017-09-30,122,True
Uttar Dinajpur,2018,Winter,2018-06-01,2018-09-30,2018-09-30,122,True
Uttar Dinajpur,2019,Winter,2019-06-01,2019-09-30,2019-09-30,122,True
