District,Year,Season,Actual_Yield,Predicted_Yield,Residual,Absolute_Error
Alipurduar,2017,Autumn,2237.1491643014824,2071.3122291128543,165.8369351886281,165.8369351886281
Alipurduar,2018,Autumn,1725.9555555555555,2077.667568089253,-351.7120125336976,351.7120125336976
Alipurduar,2019,Autumn,1968.058968058968,1894.9661668146457,73.09280124432235,73.09280124432235
Alipurduar,2017,Summer,3027.475845410628,2624.8060361309704,402.6698092796578,402.6698092796578
Alipurduar,2018,Summer,3106.607713092606,2760.930526241026,345.6771868515798,345.6771868515798
Alipurduar,2019,Summer,3063.606557377049,2790.037221046104,273.5693363309447,273.5693363309447
Alipurduar,2017,Winter,2182.439940527428,2061.882368209952,120.55757231747612,120.55757231747612
Alipurduar,2018,Winter,2129.055941265661,2128.8285031526234,0.22743811303780603,0.22743811303780603
Alipurduar,2019,Winter,2412.1656159482027,2136.3547211287582,275.81089481944446,275.81089481944446
Bankura,2017,Autumn,2614.808849305983,2785.7668495011153,-170.95800019513217,170.95800019513217
Bankura,2018,Autumn,2791.8465423148978,2791.8563653094257,-0.00982299452789448,0.00982299452789448
Bankura,2019,Autumn,2488.1791787639986,2908.6547159136244,-420.4755371496258,420.4755371496258
Bankura,2017,Summer,3407.332347040107,3197.3325553523973,209.9997916877096,209.9997916877096
Bankura,2018,Summer,2906.018958444388,3301.302339452937,-395.283381008549,395.283381008549
Bankura,2019,Summer,2888.014931342488,3329.703851616512,-441.688920274024,441.688920274024
Bankura,2017,Winter,2731.587524907532,2874.17789328023,-142.59036837269787,142.59036837269787
Bankura,2018,Winter,2300.1402834737223,2935.8513418401535,-635.7110583664312,635.7110583664312
Bankura,2019,Winter,2534.434132896258,2918.3980288811063,-383.9638959848485,383.9638959848485
Birbhum,2017,Autumn,2879.6280642434485,2829.656807634185,49.97125660926349,49.97125660926349
Birbhum,2018,Autumn,3126.875112958612,2910.2676035260756,216.60750943253652,216.60750943253652
Birbhum,2019,Autumn,2950.187348468151,2965.393182944007,-15.205834475856136,15.205834475856136
Birbhum,2017,Summer,3388.6283837354176,3360.55705082195,28.071332913467813,28.071332913467813
Birbhum,2018,Summer,3484.397263062301,3418.0057159015923,66.3915471607088,66.3915471607088
Birbhum,2019,Summer,3819.359262997179,3504.451322358738,314.90794063844123,314.90794063844123
Birbhum,2017,Winter,3215.610664789689,3180.9183714739474,34.69229331574161,34.69229331574161
Birbhum,2018,Winter,3002.9062749831487,3232.0645155429042,-229.15824055975554,229.15824055975554
Birbhum,2019,Winter,3358.251187162273,3257.697585224893,100.55360193737988,100.55360193737988
Cooch Behar,2017,Autumn,1785.4497930734046,1966.0358240632372,-180.58603098983258,180.58603098983258
Cooch Behar,2018,Autumn,2128.7800560554656,1935.5973651860625,193.18269086940313,193.18269086940313
Cooch Behar,2019,Autumn,1821.7399728734745,1972.7528610517952,-151.01288817832074,151.01288817832074
Cooch Behar,2017,Summer,3810.020572760209,3328.3411680060644,481.67940475414434,481.67940475414434
Cooch Behar,2018,Summer,3804.753315229241,3355.6195636530156,449.1337515762252,449.1337515762252
Cooch Behar,2019,Summer,3774.292343387471,3336.738881666436,437.5534617210351,437.5534617210351
Cooch Behar,2017,Winter,2471.412180672957,2410.9391367495055,60.47304392345177,60.47304392345177
Cooch Behar,2018,Winter,2741.604736768996,2478.9399120106564,262.6648247583398,262.6648247583398
Cooch Behar,2019,Winter,2927.0013724200926,2430.590575302157,496.41079711793554,496.41079711793554
Dakshin Dinajpur,2017,Autumn,2545.0733752620545,2157.898031132657,387.1753441293977,387.1753441293977
Dakshin Dinajpur,2018,Autumn,2843.042071197411,2232.1251812846263,610.9168899127849,610.9168899127849
Dakshin Dinajpur,2019,Autumn,2674.2209631728047,2359.3582212465353,314.86274192626934,314.86274192626934
Dakshin Dinajpur,2017,Summer,3296.6830466830465,3189.5220712242826,107.16097545876391,107.16097545876391
Dakshin Dinajpur,2018,Summer,3386.6452835690334,3287.1374968384607,99.50778673057266,99.50778673057266
Dakshin Dinajpur,2019,Summer,3264.052878368454,3125.157197457646,138.8956809108081,138.8956809108081
Dakshin Dinajpur,2017,Winter,2907.1066331430807,2815.6133321598895,91.49330098319115,91.49330098319115
Dakshin Dinajpur,2018,Winter,3049.3969963592235,2700.5857371398642,348.8112592193593,348.8112592193593
Dakshin Dinajpur,2019,Winter,3116.3946997887965,2789.7045871848923,326.69011260390425,326.69011260390425
Darjeeling,2017,Autumn,1964.221364221364,2067.8806950178428,-103.6593307964788,103.6593307964788
Darjeeling,2018,Autumn,2132.211538461538,2049.890324815144,82.32121364639397,82.32121364639397
Darjeeling,2019,Autumn,2060.27768371148,2063.514388566744,-3.2367048552637243,3.2367048552637243
Darjeeling,2017,Summer,2401.639344262295,2484.192949187655,-82.5536049253601,82.5536049253601
Darjeeling,2018,Summer,3067.421027817067,2548.468730778017,518.9522970390503,518.9522970390503
Darjeeling,2019,Summer,2789.8289828982897,2789.713750844519,0.11523205377079648,0.11523205377079648
Darjeeling,2017,Winter,2373.906738568904,2386.795868168425,-12.889129599520857,12.889129599520857
Darjeeling,2018,Winter,2358.275779947606,2473.7134031635233,-115.43762321591703,115.43762321591703
Darjeeling,2019,Winter,2667.402177110915,2479.9939773191736,187.40819979174148,187.40819979174148
Hooghly,2017,Autumn,2662.5724217844727,2777.311362283301,-114.73894049882847,114.73894049882847
Hooghly,2018,Autumn,3287.84,2799.7968570607936,488.0431429392065,488.0431429392065
Hooghly,2019,Autumn,2449.718655316693,2974.349778350467,-524.6311230337742,524.6311230337742
Hooghly,2017,Summer,3565.6128862874702,3476.5412104959623,89.07167579150791,89.07167579150791
Hooghly,2018,Summer,3569.9672780267824,3524.2693443803705,45.69793364641191,45.69793364641191
Hooghly,2019,Summer,3684.0507054357945,3556.95694912754,127.09375630825434,127.09375630825434
Hooghly,2017,Winter,3132.889459329376,3128.3778015259763,4.511657803399885,4.511657803399885
Hooghly,2018,Winter,3163.105547188755,3173.6412652077656,-10.535718019010801,10.535718019010801
Hooghly,2019,Winter,3233.403331640108,3230.4534472838845,2.949884356223265,2.949884356223265
Howrah,2017,Autumn,2046.9341408024225,2026.5308282891783,20.403312513244146,20.403312513244146
Howrah,2018,Autumn,2743.243243243244,2181.568997469745,561.6742457734986,561.6742457734986
Howrah,2019,Autumn,2743.096234309623,2490.6511175823657,252.4451167272573,252.4451167272573
Howrah,2017,Summer,3424.53596287703,3242.1357820882736,182.40018078875664,182.40018078875664
Howrah,2018,Summer,3452.7016444792484,3299.701521578927,153.00012290032146,153.00012290032146
Howrah,2019,Summer,3746.1307538358906,3354.981957859205,391.1487959766855,391.1487959766855
Howrah,2017,Winter,2412.1543701558185,2205.627208195058,206.52716196076062,206.52716196076062
Howrah,2018,Winter,2772.9334572542275,2321.954855677253,450.9786015769746,450.9786015769746
Howrah,2019,Winter,2220.40632941606,2465.105660230474,-244.69933081441377,244.69933081441377
Jalpaiguri,2017,Autumn,2177.594442032132,2108.081652812089,69.51278922004303,69.51278922004303
Jalpaiguri,2018,Autumn,2692.247191011236,2010.1773732204817,682.0698177907541,682.0698177907541
Jalpaiguri,2019,Autumn,2379.170230966638,2161.990300114875,217.17993085176295,217.17993085176295
Jalpaiguri,2017,Summer,2652.937884723,2639.961797237178,12.976087485822063,12.976087485822063
Jalpaiguri,2018,Summer,2804.0584769801444,2656.3654479008674,147.69302907927704,147.69302907927704
Jalpaiguri,2019,Summer,2990.415863398513,2726.7077149454603,263.7081484530527,263.7081484530527
Jalpaiguri,2017,Winter,2514.7591279823155,2331.0927178141546,183.66641016816084,183.66641016816084
Jalpaiguri,2018,Winter,2794.311095069081,2321.246309184771,473.06478588431037,473.06478588431037
Jalpaiguri,2019,Winter,2645.1819371602705,2493.1295896347883,152.05234752548222,152.05234752548222
Jhargram,2017,Autumn,2396.1303918931035,3202.936724144267,-806.8063322511634,806.8063322511634
Jhargram,2018,Autumn,2818.254925613189,2966.8593291540287,-148.60440354083994,148.60440354083994
Jhargram,2019,Autumn,2461.2137203166226,3091.1727387925507,-629.9590184759281,629.9590184759281
Jhargram,2017,Summer,3339.221639525256,3798.590590207148,-459.36895068189233,459.36895068189233
Jhargram,2018,Summer,3354.272517321016,3764.046087179528,-409.773569858512,409.773569858512
Jhargram,2019,Summer,3631.116407239145,3740.4289188476473,-109.31251160850252,109.31251160850252
Jhargram,2017,Winter,2896.4732196349405,3161.482716668027,-265.0094970330865,265.0094970330865
Jhargram,2018,Winter,2873.594634124721,3266.9239342017477,-393.3293000770268,393.3293000770268
Jhargram,2019,Winter,3097.3059081221004,3287.0961803278215,-189.79027220572107,189.79027220572107
Kalimpong,2017,Winter,1927.0315091210607,1692.8122591950023,234.2192499260584,234.2192499260584
Kalimpong,2018,Winter,1763.678451178451,1657.2622445762038,106.41620660224726,106.41620660224726
Kalimpong,2019,Winter,1611.404435058078,1565.0465673984554,46.35786765962257,46.35786765962257
Maldah,2017,Autumn,2544.654939106901,2066.6462078021855,478.00873130471564,478.00873130471564
Maldah,2018,Autumn,3191.317365269461,2615.275464426527,576.041900842934,576.041900842934
Maldah,2019,Autumn,2674.953959484346,2864.668945644086,-189.71498615973996,189.71498615973996
Maldah,2017,Summer,3988.604890401203,3558.685316729563,429.91957367164014,429.91957367164014
Maldah,2018,Summer,4479.398909787359,4021.010138669134,458.3887711182251,458.3887711182251
Maldah,2019,Summer,3463.8943747212843,4229.624093812348,-765.729719091064,765.729719091064
Maldah,2017,Winter,2506.258796145935,3041.5136974755032,-535.2549013295684,535.2549013295684
Maldah,2018,Winter,2702.5980160604627,3088.3404131389866,-385.74239707852394,385.74239707852394
Maldah,2019,Winter,3161.4640327132406,3155.1817475713356,6.282285141905049,6.282285141905049
Murshidabad,2017,Autumn,2544.669395995738,2574.832697462853,-30.16330146711516,30.16330146711516
Murshidabad,2018,Autumn,2696.6925954515764,2643.794516050932,52.89807940064429,52.89807940064429
Murshidabad,2019,Autumn,2730.171073094868,2752.002655081217,-21.831581986349192,21.831581986349192
Murshidabad,2017,Summer,3851.059622576624,3785.219673220408,65.83994935621604,65.83994935621604
Murshidabad,2018,Summer,3228.849519532411,3882.73757588398,-653.888056351569,653.888056351569
Murshidabad,2019,Summer,3311.877271862452,3811.000955004786,-499.12368314233436,499.12368314233436
Murshidabad,2017,Winter,2934.394762549487,3118.330061175252,-183.93529862576497,183.93529862576497
Murshidabad,2018,Winter,2921.823998816426,3158.042955857696,-236.2189570412702,236.2189570412702
Murshidabad,2019,Winter,2963.43696277074,3195.0592020583567,-231.6222392876166,231.6222392876166
Nadia,2017,Autumn,2841.13821763891,2670.7629652028877,170.3752524360225,170.3752524360225
Nadia,2018,Autumn,2633.061049011178,2756.315082018168,-123.25403300699008,123.25403300699008
Nadia,2019,Autumn,2547.111663242391,2800.267380519813,-253.1557172774219,253.1557172774219
Nadia,2017,Summer,3621.1501139144375,3950.498605389236,-329.3484914747987,329.3484914747987
Nadia,2018,Summer,3729.5660948536834,3919.5190719360226,-189.9529770823392,189.9529770823392
Nadia,2019,Summer,3818.406857311757,3973.80635890159,-155.3995015898331,155.3995015898331
Nadia,2017,Winter,3267.9502690975846,3005.708175459584,262.2420936380008,262.2420936380008
Nadia,2018,Winter,3193.514301714938,3125.221581492039,68.29272022289888,68.29272022289888
Nadia,2019,Winter,3279.3286521664672,3256.9809055252545,22.34774664121278,22.34774664121278
North 24 Parganas,2017,Autumn,2933.785895156511,2600.407689883246,333.37820527326494,333.37820527326494
North 24 Parganas,2018,Autumn,2879.7953964194376,2633.723582832316,246.0718135871216,246.0718135871216
North 24 Parganas,2019,Autumn,3016.387297167033,2621.948260055217,394.4390371118161,394.4390371118161
North 24 Parganas,2017,Summer,3439.86643986644,3508.7321105770034,-68.86567071056334,68.86567071056334
North 24 Parganas,2018,Summer,3578.04779960933,3413.798848923881,164.24895068544902,164.24895068544902
North 24 Parganas,2019,Summer,3769.215718736361,3463.9331635284498,305.2825552079112,305.2825552079112
North 24 Parganas,2017,Winter,2901.6391161574,2736.1976727494707,165.44144340792946,165.44144340792946
North 24 Parganas,2018,Winter,3296.3716894913064,2775.7485003541606,520.6231891371458,520.6231891371458
North 24 Parganas,2019,Winter,2541.430552524691,2849.090202547559,-307.65965002286794,307.65965002286794
Paschim Bardhaman,2017,Autumn,2866.6666666666665,3242.0676449080433,-375.40097824137683,375.40097824137683
Paschim Bardhaman,2018,Autumn,3130.0,3245.852254778889,-115.85225477888889,115.85225477888889
Paschim Bardhaman,2019,Autumn,2953.846153846154,3372.3215682638265,-418.4754144176727,418.4754144176727
Paschim Bardhaman,2017,Summer,3519.582245430809,3648.4077205792073,-128.82547514839825,128.82547514839825
Paschim Bardhaman,2018,Summer,3582.52427184466,3788.8253747264043,-206.30110288174455,206.30110288174455
Paschim Bardhaman,2019,Summer,3291.187739463601,3850.244470904134,-559.056731440533,559.056731440533
Paschim Bardhaman,2017,Winter,3193.391183271588,3736.3390760097177,-542.9478927381297,542.9478927381297
Paschim Bardhaman,2018,Winter,2634.8269130041426,3681.241099962504,-1046.4141869583614,1046.4141869583614
Paschim Bardhaman,2019,Winter,3090.6047702266965,3466.166893336866,-375.5621231101695,375.5621231101695
Paschim Medinipur,2017,Autumn,2422.748633355712,2609.1151410557604,-186.36650770004826,186.36650770004826
Paschim Medinipur,2018,Autumn,2618.3175370129466,2645.923176313073,-27.605639300126313,27.605639300126313
Paschim Medinipur,2019,Autumn,2392.876280535855,2735.6411924953863,-342.7649119595312,342.7649119595312
Paschim Medinipur,2017,Summer,3774.666736643224,3624.342715217659,150.32402142556475,150.32402142556475
Paschim Medinipur,2018,Summer,3787.32865404893,3695.1959448351763,92.13270921375351,92.13270921375351
Paschim Medinipur,2019,Summer,3361.3770882572776,3841.985229470206,-480.60814121292833,480.60814121292833
Paschim Medinipur,2017,Winter,3054.1586597750934,2992.5960068763807,61.56265289871271,61.56265289871271
Paschim Medinipur,2018,Winter,3120.516232776068,3075.640343449595,44.87588932647304,44.87588932647304
Paschim Medinipur,2019,Winter,2697.923368457476,3168.6473477835348,-470.7239793260587,470.7239793260587
Purba Bardhaman,2017,Autumn,3028.234649122807,2960.1378010056173,68.09684811718944,68.09684811718944
Purba Bardhaman,2018,Autumn,3053.6926558321334,2958.4364379104563,95.25621792167703,95.25621792167703
Purba Bardhaman,2019,Autumn,1104.6420141620772,2980.5503145306348,-1875.9083003685575,1875.9083003685575
Purba Bardhaman,2017,Summer,3565.89225250595,3163.787328736042,402.10492376990805,402.10492376990805
Purba Bardhaman,2018,Summer,3584.4873344544885,3318.8884688586522,265.5988655958363,265.5988655958363
Purba Bardhaman,2019,Summer,3874.7911820514273,3413.7388164680588,461.05236558336856,461.05236558336856
Purba Bardhaman,2017,Winter,2862.0753426960628,3158.8805637889373,-296.8052210928745,296.8052210928745
Purba Bardhaman,2018,Winter,3220.2820123014267,3011.9106363151595,208.37137598626714,208.37137598626714
Purba Bardhaman,2019,Winter,3551.106442194876,3080.6850615396083,470.4213806552675,470.4213806552675
Purba Medinipur,2017,Autumn,1501.0917913465428,2257.104112045886,-756.012320699343,756.012320699343
Purba Medinipur,2018,Autumn,1457.773181661496,2150.48732105356,-692.7141393920642,692.7141393920642
Purba Medinipur,2019,Autumn,1723.786448324839,2082.108196756174,-358.321748431335,358.321748431335
Purba Medinipur,2017,Summer,3651.5506547208815,3480.5964301669683,170.95422455391326,170.95422455391326
Purba Medinipur,2018,Summer,3798.802435271292,3570.1700423096177,228.6323929616742,228.6323929616742
Purba Medinipur,2019,Summer,4043.043511679745,3633.8281635755166,409.21534810422827,409.21534810422827
Purba Medinipur,2017,Winter,2426.1730383577265,2418.237863203676,7.935175154050285,7.935175154050285
Purba Medinipur,2018,Winter,2858.9473430707912,2499.7005827294633,359.2467603413279,359.2467603413279
Purba Medinipur,2019,Winter,1991.1475462824544,2598.733651405155,-607.5861051227005,607.5861051227005
Purulia,2017,Autumn,2305.555555555555,2138.2438172163934,167.31173833916182,167.31173833916182
Purulia,2018,Autumn,2520.1465201465203,2147.089527045057,373.0569931014634,373.0569931014634
Purulia,2019,Autumn,2315.028901734104,2259.50159077947,55.527310954633776,55.527310954633776
Purulia,2017,Summer,2285.185185185185,2521.857576497684,-236.6723913124988,236.6723913124988
Purulia,2018,Summer,3026.4550264550267,2570.292275741283,456.16275071374366,456.16275071374366
Purulia,2019,Summer,3022.058823529412,2752.1140148883687,269.94480864104344,269.94480864104344
Purulia,2017,Winter,2751.759575427928,2483.830597102449,267.9289783254794,267.9289783254794
Purulia,2018,Winter,2186.8644128063265,2674.2462241713065,-487.38181136497997,487.38181136497997
Purulia,2019,Winter,2780.790600460034,2562.9847969455495,217.80580351448452,217.80580351448452
South 24 Parganas,2017,Autumn,2607.9085278704147,2581.970783783218,25.937744087196734,25.937744087196734
South 24 Parganas,2018,Autumn,2812.820512820513,2651.3167977624157,161.50371505809744,161.50371505809744
South 24 Parganas,2019,Autumn,3006.93374422188,2713.8202410318904,293.1135031899894,293.1135031899894
South 24 Parganas,2017,Summer,3590.4907201936658,3585.352123729334,5.13859646433184,5.13859646433184
South 24 Parganas,2018,Summer,3609.582516110956,3605.8041111172033,3.7784049937527016,3.7784049937527016
South 24 Parganas,2019,Summer,3932.264003965725,3602.690793791963,329.5732101737617,329.5732101737617
South 24 Parganas,2017,Winter,2375.1524379973184,2502.7017924742063,-127.54935447688786,127.54935447688786
South 24 Parganas,2018,Winter,2477.8218074907327,2536.8735504417473,-59.0517429510146,59.0517429510146
South 24 Parganas,2019,Winter,2041.5969721018253,2619.2513104643735,-577.6543383625483,577.6543383625483
Uttar Dinajpur,2017,Autumn,2544.791666666667,2228.866971510927,315.92469515573976,315.92469515573976
Uttar Dinajpur,2018,Autumn,2842.6666666666665,2303.8027375139436,538.8639291527229,538.8639291527229
Uttar Dinajpur,2019,Autumn,2674.8111950244333,2450.0515925775485,224.75960244688486,224.75960244688486
Uttar Dinajpur,2017,Summer,3284.0840190558683,3166.1686849142084,117.91533414165997,117.91533414165997
Uttar Dinajpur,2018,Summer,3306.114659406092,3275.921991644102,30.192667761989924,30.192667761989924
Uttar Dinajpur,2019,Summer,3237.374379849892,3362.36536014815,-124.99098029825791,124.99098029825791
Uttar Dinajpur,2017,Winter,2032.573397293243,2710.654077905555,-678.0806806123119,678.0806806123119
Uttar Dinajpur,2018,Winter,2837.502707085066,2602.1261063433344,235.37660074173164,235.37660074173164
Uttar Dinajpur,2019,Winter,3052.2926539306177,2784.2284283904833,268.06422554013443,268.06422554013443
