District,Year,Season,Rice_Yield_kg_ha,Predicted_Yield,Residual,Absolute_Error
Alipurduar,2017,Autumn,2237.1491643014824,2204.1567,32.992426020232415,32.992426020232415
Alipurduar,2018,Autumn,1725.9555555555555,2165.3037,-439.3481553819445,439.3481553819445
Alipurduar,2019,Autumn,1968.058968058968,1936.6283,31.43067216053055,31.43067216053055
Alipurduar,2017,Summer,3027.475845410628,2837.4182,190.05763252000315,190.05763252000315
Alipurduar,2018,Summer,3106.607713092606,2629.818,476.789597858231,476.789597858231
Alipurduar,2019,Summer,3063.606557377049,2679.5146,384.09190893954883,384.09190893954883
Alipurduar,2017,Winter,2182.439940527428,2014.9708,167.4691153321155,167.4691153321155
Alipurduar,2018,Winter,2129.055941265661,2169.732,-40.675992328088796,40.675992328088796
Alipurduar,2019,Winter,2412.1656159482027,2074.89,337.2757233700777,337.2757233700777
Bankura,2017,Autumn,2614.808849305983,2796.785,-181.97606280339187,181.97606280339187
Bankura,2018,Autumn,2791.8465423148978,2885.4048,-93.55824284135224,93.55824284135224
Bankura,2019,Autumn,2488.1791787639986,2794.097,-305.9177450641264,305.9177450641264
Bankura,2017,Summer,3407.332347040107,3006.796,400.5364486026069,400.5364486026069
Bankura,2018,Summer,2906.018958444388,3228.7107,-322.69173491498714,322.69173491498714
Bankura,2019,Summer,2888.014931342488,3198.0164,-310.0014260793869,310.0014260793869
Bankura,2017,Winter,2731.587524907532,2755.71,-24.122436029967957,24.122436029967957
Bankura,2018,Winter,2300.1402834737223,2841.6392,-541.4988766825277,541.4988766825277
Bankura,2019,Winter,2534.434132896258,2747.1067,-212.67255655686722,212.67255655686722
Birbhum,2017,Autumn,2879.6280642434485,2832.2822,47.345837680948534,47.345837680948534
Birbhum,2018,Autumn,3126.875112958612,2895.2295,231.64562077111214,231.64562077111214
Birbhum,2019,Autumn,2950.187348468151,3047.291,-97.10366715684904,97.10366715684904
Birbhum,2017,Summer,3388.6283837354176,3444.6548,-56.02640142083237,56.02640142083237
Birbhum,2018,Summer,3484.397263062301,3448.7603,35.637009156051136,35.637009156051136
Birbhum,2019,Summer,3819.359262997179,3501.6482,317.71106963780403,317.71106963780403
Birbhum,2017,Winter,3215.610664789689,3238.073,-22.462333257185946,22.462333257185946
Birbhum,2018,Winter,3002.9062749831487,3223.771,-220.8647211106013,220.8647211106013
Birbhum,2019,Winter,3358.251187162273,3140.7378,217.5133941935228,217.5133941935228
Cooch Behar,2017,Autumn,1785.4497930734046,1779.951,5.498743268717135,5.498743268717135
Cooch Behar,2018,Autumn,2128.7800560554656,1986.705,142.0751000007781,142.0751000007781
Cooch Behar,2019,Autumn,1821.7399728734745,2076.9744,-255.23439236090053,255.23439236090053
Cooch Behar,2017,Summer,3810.020572760209,3376.4575,433.5630532289588,433.5630532289588
Cooch Behar,2018,Summer,3804.753315229241,3493.0493,311.7039988229908,311.7039988229908
Cooch Behar,2019,Summer,3774.292343387471,3480.6846,293.6077730749712,293.6077730749712
Cooch Behar,2017,Winter,2471.412180672957,2353.068,118.34406543858222,118.34406543858222
Cooch Behar,2018,Winter,2741.604736768996,2409.5051,332.0996098158712,332.0996098158712
Cooch Behar,2019,Winter,2927.0013724200926,2347.2458,579.7555228107176,579.7555228107176
Dakshin Dinajpur,2017,Autumn,2545.0733752620545,2003.1106,541.9627795589295,541.9627795589295
Dakshin Dinajpur,2018,Autumn,2843.042071197411,2008.0137,835.0283993224111,835.0283993224111
Dakshin Dinajpur,2019,Autumn,2674.2209631728047,2125.601,548.6198889540547,548.6198889540547
Dakshin Dinajpur,2017,Summer,3296.6830466830465,3249.7332,46.94989238617154,46.94989238617154
Dakshin Dinajpur,2018,Summer,3386.6452835690334,3230.5276,156.11769567840838,156.11769567840838
Dakshin Dinajpur,2019,Summer,3264.052878368454,3164.1145,99.938376415329,99.938376415329
Dakshin Dinajpur,2017,Winter,2907.1066331430807,2823.9836,83.12299056495567,83.12299056495567
Dakshin Dinajpur,2018,Winter,3049.3969963592235,2824.69,224.70705495297352,224.70705495297352
Dakshin Dinajpur,2019,Winter,3116.3946997887965,2873.2488,243.14592049192152,243.14592049192152
Darjeeling,2017,Autumn,1964.221364221364,2164.2742,-200.05280570051104,200.05280570051104
Darjeeling,2018,Autumn,2132.211538461538,2164.2832,-32.07166466346189,32.07166466346189
Darjeeling,2019,Autumn,2060.27768371148,2120.8354,-60.55776550726978,60.55776550726978
Darjeeling,2017,Summer,2401.639344262295,2368.213,33.4264536372948,33.4264536372948
Darjeeling,2018,Summer,3067.421027817067,2354.0,713.4210278170672,713.4210278170672
Darjeeling,2019,Summer,2789.8289828982897,2572.9314,216.89758641391472,216.89758641391472
Darjeeling,2017,Winter,2373.906738568904,2315.8938,58.012939740779075,58.012939740779075
Darjeeling,2018,Winter,2358.275779947606,2314.4617,43.814110025731225,43.814110025731225
Darjeeling,2019,Winter,2667.402177110915,2360.6824,306.7198040640401,306.7198040640401
Hooghly,2017,Autumn,2662.5724217844727,2811.5764,-149.00399423115232,149.00399423115232
Hooghly,2018,Autumn,3287.84,2842.3486,445.49136718750015,445.49136718750015
Hooghly,2019,Autumn,2449.718655316693,3003.127,-553.408297808307,553.408297808307
Hooghly,2017,Summer,3565.6128862874702,3377.4617,188.15121636559525,188.15121636559525
Hooghly,2018,Summer,3569.9672780267824,3440.204,129.76317646428242,129.76317646428242
Hooghly,2019,Summer,3684.0507054357945,3456.6152,227.4354710607945,227.4354710607945
Hooghly,2017,Winter,3132.889459329376,3062.8657,70.02373667312622,70.02373667312622
Hooghly,2018,Winter,3163.105547188755,3193.2957,-30.190107108120174,30.190107108120174
Hooghly,2019,Winter,3233.403331640108,3208.4087,24.994640233857808,24.994640233857808
Howrah,2017,Autumn,2046.9341408024225,1903.0653,143.86883318523496,143.86883318523496
Howrah,2018,Autumn,2743.243243243244,2035.767,707.4762754698063,707.4762754698063
Howrah,2019,Autumn,2743.096234309623,2343.9778,399.118451106498,399.118451106498
Howrah,2017,Summer,3424.53596287703,3188.5312,236.00471287703022,236.00471287703022
Howrah,2018,Summer,3452.7016444792484,3238.9524,213.74925190112344,213.74925190112344
Howrah,2019,Summer,3746.1307538358906,3182.8516,563.2791913358906,563.2791913358906
Howrah,2017,Winter,2412.1543701558185,1826.6003,585.5540283589435,585.5540283589435
Howrah,2018,Winter,2772.9334572542275,2074.4077,698.5257424104775,698.5257424104775
Howrah,2019,Winter,2220.40632941606,2462.0027,-241.5963561308149,241.5963561308149
Jalpaiguri,2017,Autumn,2177.594442032132,2465.7673,-288.17289195224294,288.17289195224294
Jalpaiguri,2018,Autumn,2692.247191011236,2215.23,477.0172105424858,477.0172105424858
Jalpaiguri,2019,Autumn,2379.170230966638,2338.4949,40.67535791976297,40.67535791976297
Jalpaiguri,2017,Summer,2652.937884723,2629.7397,23.198138629250025,23.198138629250025
Jalpaiguri,2018,Summer,2804.0584769801444,2626.1416,177.9168754176444,177.9168754176444
Jalpaiguri,2019,Summer,2990.415863398513,2686.3943,304.021576289138,304.021576289138
Jalpaiguri,2017,Winter,2514.7591279823155,2316.9075,197.85165727919048,197.85165727919048
Jalpaiguri,2018,Winter,2794.311095069081,2306.393,487.91802866283115,487.91802866283115
Jalpaiguri,2019,Winter,2645.1819371602705,2449.212,195.97002309777054,195.97002309777054
Jhargram,2017,Autumn,2396.1303918931035,2899.0696,-502.9391881850215,502.9391881850215
Jhargram,2018,Autumn,2818.254925613189,2454.4314,363.8235291288138,363.8235291288138
Jhargram,2019,Autumn,2461.2137203166226,2839.2273,-378.0135746052524,378.0135746052524
Jhargram,2017,Summer,3339.221639525256,3377.5618,-38.340128052869204,38.340128052869204
Jhargram,2018,Summer,3354.272517321016,3231.7034,122.56914818039104,122.56914818039104
Jhargram,2019,Summer,3631.116407239145,3051.2656,579.8507822391448,579.8507822391448
Jhargram,2017,Winter,2896.4732196349405,2767.5208,128.9524676818155,128.9524676818155
Jhargram,2018,Winter,2873.594634124721,2957.7415,-84.14682095340413,84.14682095340413
Jhargram,2019,Winter,3097.3059081221004,2943.037,154.2687987471004,154.2687987471004
Kalimpong,2017,Winter,1927.0315091210607,1892.9945,34.03700228512321,34.03700228512321
Kalimpong,2018,Winter,1763.678451178451,1928.4031,-164.72462499342396,164.72462499342396
Kalimpong,2019,Winter,1611.404435058078,1771.5355,-160.13108740285952,160.13108740285952
Maldah,2017,Autumn,2544.654939106901,2413.9055,130.7494215287761,130.7494215287761
Maldah,2018,Autumn,3191.317365269461,2481.5854,709.7319160507109,709.7319160507109
Maldah,2019,Autumn,2674.953959484346,2745.5898,-70.63588426565411,70.63588426565411
Maldah,2017,Summer,3988.604890401203,3592.5408,396.0641189168282,396.0641189168282
Maldah,2018,Summer,4479.398909787359,3913.9504,565.4484703342341,565.4484703342341
Maldah,2019,Summer,3463.8943747212843,3796.5754,-332.6810647318407,332.6810647318407
Maldah,2017,Winter,2506.258796145935,3138.9768,-632.7180104946901,632.7180104946901
Maldah,2018,Winter,2702.5980160604627,2945.767,-243.16907378328733,243.16907378328733
Maldah,2019,Winter,3161.4640327132406,2945.7803,215.6837592757406,215.6837592757406
Murshidabad,2017,Autumn,2544.669395995738,2460.0925,84.57686669886289,84.57686669886289
Murshidabad,2018,Autumn,2696.6925954515764,2637.0098,59.68282982657638,59.68282982657638
Murshidabad,2019,Autumn,2730.171073094868,2652.661,77.510184422993,77.510184422993
Murshidabad,2017,Summer,3851.059622576624,3568.6724,282.38725929537395,282.38725929537395
Murshidabad,2018,Summer,3228.849519532411,3716.6716,-487.8221113269642,487.8221113269642
Murshidabad,2019,Summer,3311.877271862452,3492.9287,-181.05143907504817,181.05143907504817
Murshidabad,2017,Winter,2934.394762549487,3102.9724,-168.57764955988796,168.57764955988796
Murshidabad,2018,Winter,2921.823998816426,3079.1174,-157.29343282419904,157.29343282419904
Murshidabad,2019,Winter,2963.43696277074,3071.5354,-108.09843761988486,108.09843761988486
Nadia,2017,Autumn,2841.13821763891,2474.017,367.1211277951602,367.1211277951602
Nadia,2018,Autumn,2633.061049011178,2646.6206,-13.559556457571944,13.559556457571944
Nadia,2019,Autumn,2547.111663242391,2646.1606,-99.04898128885907,99.04898128885907
Nadia,2017,Summer,3621.1501139144375,3637.105,-15.954866554312503,15.954866554312503
Nadia,2018,Summer,3729.5660948536834,3661.615,67.95110461930835,67.95110461930835
Nadia,2019,Summer,3818.406857311757,3684.7354,133.671505749257,133.671505749257
Nadia,2017,Winter,3267.9502690975846,2894.987,372.9632085507096,372.9632085507096
Nadia,2018,Winter,3193.514301714938,3093.9648,99.54945796493803,99.54945796493803
Nadia,2019,Winter,3279.3286521664672,3164.6667,114.66190411959224,114.66190411959224
North 24 Parganas,2017,Autumn,2933.785895156511,2655.63,278.15601234401083,278.15601234401083
North 24 Parganas,2018,Autumn,2879.7953964194376,2857.2651,22.530259700687566,22.530259700687566
North 24 Parganas,2019,Autumn,3016.387297167033,2840.9817,175.405607713908,175.405607713908
North 24 Parganas,2017,Summer,3439.86643986644,3412.995,26.871322678940032,26.871322678940032
North 24 Parganas,2018,Summer,3578.04779960933,3369.1162,208.93158867183,208.93158867183
North 24 Parganas,2019,Summer,3769.215718736361,3314.311,454.90468358011094,454.90468358011094
North 24 Parganas,2017,Winter,2901.6391161574,2700.4011,201.23799311052517,201.23799311052517
North 24 Parganas,2018,Winter,3296.3716894913064,2934.481,361.89073246005637,361.89073246005637
North 24 Parganas,2019,Winter,2541.430552524691,2993.032,-451.60142989718406,451.60142989718406
Paschim Bardhaman,2017,Autumn,2866.6666666666665,2903.4006,-36.733968098958485,36.733968098958485
Paschim Bardhaman,2018,Autumn,3130.0,2802.2004,327.799560546875,327.799560546875
Paschim Bardhaman,2019,Autumn,2953.846153846154,2976.0222,-22.17606295072119,22.17606295072119
Paschim Bardhaman,2017,Summer,3519.582245430809,3188.6316,330.95065363393405,330.95065363393405
Paschim Bardhaman,2018,Summer,3582.52427184466,3140.9326,441.5916546571598,441.5916546571598
Paschim Bardhaman,2019,Summer,3291.187739463601,3238.6057,52.58202657297579,52.58202657297579
Paschim Bardhaman,2017,Winter,3193.391183271588,3128.1965,65.19465006846303,65.19465006846303
Paschim Bardhaman,2018,Winter,2634.8269130041426,3088.6074,-453.7805088708574,453.7805088708574
Paschim Bardhaman,2019,Winter,3090.6047702266965,2961.5186,129.08621553919647,129.08621553919647
Paschim Medinipur,2017,Autumn,2422.748633355712,2502.7388,-79.99013617553783,79.99013617553783
Paschim Medinipur,2018,Autumn,2618.3175370129466,2513.8274,104.49014443482156,104.49014443482156
Paschim Medinipur,2019,Autumn,2392.876280535855,2538.236,-145.35980344851987,145.35980344851987
Paschim Medinipur,2017,Summer,3774.666736643224,3514.7227,259.9440803932239,259.9440803932239
Paschim Medinipur,2018,Summer,3787.32865404893,3416.5466,370.7820231895548,370.7820231895548
Paschim Medinipur,2019,Summer,3361.3770882572776,3455.1099,-93.73277502397241,93.73277502397241
Paschim Medinipur,2017,Winter,3054.1586597750934,2808.596,245.56271250946838,245.56271250946838
Paschim Medinipur,2018,Winter,3120.516232776068,3038.0525,82.46374254169314,82.46374254169314
Paschim Medinipur,2019,Winter,2697.923368457476,3189.1418,-491.21847724564896,491.21847724564896
Purba Bardhaman,2017,Autumn,3028.234649122807,2968.0063,60.228301466556786,60.228301466556786
Purba Bardhaman,2018,Autumn,3053.6926558321334,3087.0767,-33.38400432411663,33.38400432411663
Purba Bardhaman,2019,Autumn,1104.6420141620772,3009.555,-1904.9129174785478,1904.9129174785478
Purba Bardhaman,2017,Summer,3565.89225250595,2866.8628,699.0294595372002,699.0294595372002
Purba Bardhaman,2018,Summer,3584.4873344544885,3367.9106,216.57668992323852,216.57668992323852
Purba Bardhaman,2019,Summer,3874.7911820514273,3294.048,580.7430863483023,580.7430863483023
Purba Bardhaman,2017,Winter,2862.0753426960628,3177.3447,-315.26938386643724,315.26938386643724
Purba Bardhaman,2018,Winter,3220.2820123014267,3082.401,137.88113339517668,137.88113339517668
Purba Bardhaman,2019,Winter,3551.106442194876,3119.1978,431.90868828862585,431.90868828862585
Purba Medinipur,2017,Autumn,1501.0917913465428,2028.3408,-527.2490289659572,527.2490289659572
Purba Medinipur,2018,Autumn,1457.773181661496,2213.5344,-755.761242166629,755.761242166629
Purba Medinipur,2019,Autumn,1723.786448324839,2115.091,-391.30461612828594,391.30461612828594
Purba Medinipur,2017,Summer,3651.5506547208815,3366.7751,284.77550823650654,284.77550823650654
Purba Medinipur,2018,Summer,3798.802435271292,3450.7195,348.08295284941687,348.08295284941687
Purba Medinipur,2019,Summer,4043.043511679745,3404.7898,638.2537167578698,638.2537167578698
Purba Medinipur,2017,Winter,2426.1730383577265,2237.3052,188.86786257647645,188.86786257647645
Purba Medinipur,2018,Winter,2858.9473430707912,2354.1191,504.82820244579125,504.82820244579125
Purba Medinipur,2019,Winter,1991.1475462824544,2604.87,-613.7225709050456,613.7225709050456
Purulia,2017,Autumn,2305.555555555555,2053.4417,252.1139051649302,252.1139051649302
Purulia,2018,Autumn,2520.1465201465203,2269.211,250.9355826465203,250.9355826465203
Purulia,2019,Autumn,2315.028901734104,2254.391,60.63778845285378,60.63778845285378
Purulia,2017,Summer,2285.185185185185,2182.8328,102.35242151331022,102.35242151331022
Purulia,2018,Summer,3026.4550264550267,2127.9539,898.5011690331517,898.5011690331517
Purulia,2019,Summer,3022.058823529412,2380.0898,641.9689797794122,641.9689797794122
Purulia,2017,Winter,2751.759575427928,2298.5598,453.1997609748032,453.1997609748032
Purulia,2018,Winter,2186.8644128063265,2551.2065,-364.3421301624235,364.3421301624235
Purulia,2019,Winter,2780.790600460034,2364.9663,415.82429186628406,415.82429186628406
South 24 Parganas,2017,Autumn,2607.9085278704147,2152.7651,455.1433911516647,455.1433911516647
South 24 Parganas,2018,Autumn,2812.820512820513,2453.3682,359.45234875801316,359.45234875801316
South 24 Parganas,2019,Autumn,3006.93374422188,2698.8035,308.1302774250048,308.1302774250048
South 24 Parganas,2017,Summer,3590.4907201936658,3406.1,184.39062253741577,184.39062253741577
South 24 Parganas,2018,Summer,3609.582516110956,3416.4763,193.10619775158102,193.10619775158102
South 24 Parganas,2019,Summer,3932.264003965725,3463.4453,468.8186914657249,468.8186914657249
South 24 Parganas,2017,Winter,2375.1524379973184,2192.9172,182.23520166919343,182.23520166919343
South 24 Parganas,2018,Winter,2477.8218074907327,2349.8079,128.01394616260768,128.01394616260768
South 24 Parganas,2019,Winter,2041.5969721018253,2483.6016,-442.00459039817474,442.00459039817474
Uttar Dinajpur,2017,Autumn,2544.791666666667,2130.244,414.54777018229197,414.54777018229197
Uttar Dinajpur,2018,Autumn,2842.6666666666665,2133.519,709.1476236979165,709.1476236979165
Uttar Dinajpur,2019,Autumn,2674.8111950244333,2482.9197,191.89151729005835,191.89151729005835
Uttar Dinajpur,2017,Summer,3284.0840190558683,3041.3286,242.75540577461834,242.75540577461834
Uttar Dinajpur,2018,Summer,3306.114659406092,3116.6296,189.48502073421696,189.48502073421696
Uttar Dinajpur,2019,Summer,3237.374379849892,3177.0828,60.29161617801719,60.29161617801719
Uttar Dinajpur,2017,Winter,2032.573397293243,2594.4175,-561.844083175507,561.844083175507
Uttar Dinajpur,2018,Winter,2837.502707085066,2523.9307,313.57204302256605,313.57204302256605
Uttar Dinajpur,2019,Winter,3052.2926539306177,2546.5027,505.7899683837427,505.7899683837427
