State_Name,District,Year,Season,Crop,Rice_Yield_kg_ha,Yield_lag1,Yield_lag2,Area_lag1,Area_lag2,Precip_lag1,T2M_lag1,RH2M_lag1,NDVI_lag1,Yield_hist_mean,Mandi_Arrivals_Total_lag1,Mandi_Arrivals_Mean_lag1,Mandi_Price_Mean_lag1,Mandi_Price_Min_lag1,Mandi_Price_Max_lag1,Mandi_Price_Vol_lag1,Mandi_Obs_Count_lag1,Mandi_Price_Range_lag1,Mandi_Arrivals_Total_lag2,Mandi_Arrivals_Mean_lag2,Mandi_Price_Mean_lag2,Mandi_Price_Min_lag2,Mandi_Price_Max_lag2,Mandi_Price_Vol_lag2,Mandi_Obs_Count_lag2,Mandi_Price_Range_lag2,Predicted,Residual
West Bengal,Alipurduar,2017,Autumn,Rice,2237.1491643014824,2195.977978284141,,13078.0,,2368.18,28.01771241830065,84.5956862745098,0.7400036645361878,2195.977978284141,,,,,,,,,,,,,,,,,2071.3122291128466,165.83693518863583
West Bengal,Bankura,2017,Autumn,Rice,2614.808849305983,2694.8249965864097,2964.882070548946,21971.0,19164.0,1389.1,29.279869281045748,77.3659477124183,0.5497626915051587,2639.417583396641,6795.0,21.70926517571885,2402.667731629393,2220.0,2550.0,119.7232043262002,313.0,330.0,21485.0,61.21082621082621,2190.3703703703704,1950.0,2350.0,105.38164453685071,351.0,400.0,2785.766849501113,-170.9580001951299
West Bengal,Birbhum,2017,Autumn,Rice,2879.6280642434485,2924.807197943445,3251.644736842105,6224.0,2432.0,1253.81,29.721633986928104,75.9470588235294,0.5662499220779593,2581.8672794821427,61190.9,191.82100313479623,2135.3918495297808,1850.0,2530.0,225.71323724574128,319.0,680.0,55596.34,184.70544850498337,1967.2259136212624,1700.0,3400.0,168.15774972600116,301.0,1700.0,2829.656807634182,49.971256609266675
West Bengal,Cooch Behar,2017,Autumn,Rice,1785.4497930734046,1812.5413998675203,1780.362389813908,4529.0,4084.0,2368.18,28.01771241830065,84.5956862745098,0.6887730079585921,1541.6198317989124,28726.8,64.40986547085201,2347.085201793722,2200.0,2450.0,65.7918194828055,446.0,250.0,18974.7,38.96242299794661,2456.8377823408623,1850.0,4300.0,467.1676767931824,487.0,2450.0,1966.0358240632274,-180.5860309898228
West Bengal,Dakshin Dinajpur,2017,Autumn,Rice,2545.0733752620545,2512.19512195122,1788.8324873096446,902.0,985.0,1358.09,29.496339869281044,79.83320261437908,0.6144502084733771,1849.7016657222907,,,,,,,,,1718.0,24.89855072463768,1989.1304347826087,1900.0,2000.0,30.761852351610777,69.0,100.0,2157.898031132665,387.1753441293895
West Bengal,Darjeeling,2017,Autumn,Rice,1964.221364221364,2269.3982074263763,2346.7041389882475,3905.0,3914.0,1583.15,22.203398692810456,84.95196078431373,0.7649984351768896,1642.0987344005976,9826.2,42.90917030567686,2961.353711790393,1900.0,4900.0,439.94856332794177,229.0,3000.0,280.85,1.7888535031847137,2453.8853503184714,2150.0,2800.0,229.9070316050529,157.0,650.0,2067.8806950178414,-103.65933079647743
West Bengal,Hooghly,2017,Autumn,Rice,2662.5724217844727,2806.15606341363,2572.759937121042,9714.0,8906.0,1381.12,29.464771241830064,80.01594771241831,0.6193498051909542,2470.457794322568,20489.0,49.490338164251206,2551.557971014493,2150.0,2875.0,241.8377986260616,414.0,725.0,23651.5,55.65058823529412,2230.8,1650.0,2650.0,329.9168277119966,425.0,1000.0,2777.3113622832993,-114.73894049882665
West Bengal,Howrah,2017,Autumn,Rice,2046.9341408024225,890.1734104046243,2403.300330033004,1730.0,1515.0,1406.39,29.299738562091505,81.40320261437908,0.5595270199784115,2110.2158241398,4136.8,12.385628742514973,2325.598802395209,2100.0,2500.0,91.4289339789729,334.0,400.0,5473.4,17.71326860841424,2357.928802588997,2100.0,2600.0,144.29715949784293,309.0,500.0,2026.530828289177,20.40331251324551
West Bengal,Jalpaiguri,2017,Autumn,Rice,2177.594442032132,2473.446938959517,2490.712981150281,11091.0,29019.0,2361.36,28.52019607843137,82.67764705882354,0.7056681731089335,1646.6078719544469,4554.7,20.424663677130045,2683.542600896861,2120.0,3950.0,654.3658003398909,223.0,1830.0,15291.0,38.908396946564885,2854.41475826972,1960.0,3800.0,681.120148445465,393.0,1840.0,2108.0816528120886,69.51278922004349
West Bengal,Jhargram,2017,Autumn,Rice,2396.1303918931035,2948.6293737463784,,8974.0,,1313.97,29.260261437908493,78.269477124183,0.5598903790770406,2948.6293737463784,,,,,,,,,,,,,,,,,3202.9367241442596,-806.8063322511562
West Bengal,Maldah,2017,Autumn,Rice,2544.654939106901,2512.2873345935727,2437.5,2116.0,3568.0,1224.66,30.034444444444446,76.5067320261438,0.5694278285790988,1901.737744772768,40218.5,128.49361022364218,2660.8626198083066,2100.0,3200.0,424.5399738534933,313.0,1100.0,471398.5,834.333628318584,2323.380530973451,1800.0,2900.0,362.6509057034312,565.0,1100.0,2066.6462078021837,478.00873130471746
West Bengal,Murshidabad,2017,Autumn,Rice,2544.669395995738,2535.127397652448,2703.481169474728,17465.0,16144.0,1248.7,29.857124183006537,77.36483660130719,0.5865651600598103,2087.271433992211,14064.4,38.638461538461534,2359.4917582417584,2210.0,2600.0,104.6169844265687,364.0,390.0,12364.5,35.83913043478261,2241.7391304347825,2030.0,2350.0,100.48655645563494,345.0,320.0,2574.832697462853,-30.16330146711516
West Bengal,Nadia,2017,Autumn,Rice,2841.13821763891,2662.3394159175955,2468.266742731403,51842.0,49081.0,1628.68,29.1281045751634,82.46928104575163,0.6258654752842467,2212.9225611297297,5679.3,15.226005361930296,3006.4879356568363,2200.0,3400.0,415.5340494171671,373.0,1200.0,5887.5,15.7,2907.6,700.0,3400.0,374.5437152755423,375.0,2700.0,2670.7629652028954,170.37525243601476
West Bengal,North 24 Parganas,2017,Autumn,Rice,2933.785895156511,2690.405244338498,2772.0932827493866,20136.0,17924.0,1939.37,28.836601307189543,84.72477124183006,0.5532374809305078,2437.619393552899,6701.0,56.78813559322034,2535.169491525424,2300.0,3900.0,206.0318332836821,118.0,1600.0,9371.5,62.47666666666667,2377.0666666666666,1870.0,3200.0,155.6822899096067,150.0,1330.0,2600.407689883243,333.37820527326767
West Bengal,Paschim Bardhaman,2017,Autumn,Rice,2866.6666666666665,2925.0773993808048,,1615.0,,1369.52,29.47215686274509,75.75352941176472,0.489775140612486,2925.0773993808048,,,,,,,,,,,,,,,,,3242.0676449080356,-375.4009782413691
West Bengal,Paschim Medinipur,2017,Autumn,Rice,2422.748633355712,2539.552311912226,2690.603889457523,40832.0,48850.0,1348.37,29.45313725490196,79.34875816993464,0.5878623671896496,2131.9384315140887,10466.0,23.94965675057208,2598.604118993135,2180.0,3400.0,338.6489905349408,437.0,1220.0,11088.0,27.789473684210527,2280.4135338345864,1800.0,3200.0,346.7833406379447,399.0,1400.0,2609.1151410557586,-186.36650770004644
West Bengal,Purba Bardhaman,2017,Autumn,Rice,3028.234649122807,3091.21730707136,3232.4608126616954,12388.0,13142.0,1381.12,29.464771241830064,80.01594771241831,0.5671030409878008,2878.2584089913166,,,,,,,,,,,,,,,,,2960.137801005613,68.09684811719399
West Bengal,Purba Medinipur,2017,Autumn,Rice,1501.0917913465428,2253.345872820661,2047.965846308388,13823.0,11946.0,1519.34,29.324509803921565,80.88202614379085,0.5395511026881765,2002.1844248871807,12765.2,29.82523364485981,2555.8995327102803,2300.0,2750.0,132.0725501417768,428.0,450.0,8401.0,25.76993865030675,2432.6687116564417,1800.0,2700.0,226.57705920169616,326.0,900.0,2257.104112045885,-756.0123206993421
West Bengal,Purulia,2017,Autumn,Rice,2305.555555555555,2545.774647887324,2710.382513661202,284.0,183.0,1445.37,29.109673202614378,74.55130718954248,0.4822409706107595,1645.157596363389,2090.82,9.334017857142856,2410.0,2250.0,2500.0,63.82431042241616,224.0,250.0,3876.5,22.15142857142857,2167.057142857143,2030.0,2360.0,92.38877838298414,175.0,330.0,2138.2438172163934,167.31173833916182
West Bengal,South 24 Parganas,2017,Autumn,Rice,2607.9085278704147,2578.936215299852,1637.3326722855725,4719.0,4034.0,1629.14,29.1856862745098,82.6256862745098,0.5404309630261227,2262.1441591385133,3932.6,12.936184210526315,3062.0131578947367,2250.0,3900.0,546.4793708792635,304.0,1650.0,3802.2,12.548514851485148,3100.1650165016504,1800.0,4000.0,830.3284512274635,303.0,2200.0,2581.9707837832175,25.93774408719719
West Bengal,Uttar Dinajpur,2017,Autumn,Rice,2544.791666666667,2512.5,2346.617238183503,640.0,1079.0,1462.83,29.723529411764705,78.239477124183,0.675704058942878,1569.4984597554744,2804.2,11.445714285714285,2612.1020408163267,2350.0,2800.0,148.52336639287057,245.0,450.0,2192.5,8.840725806451612,2524.697580645161,2050.0,2950.0,321.2456922854171,248.0,900.0,2228.8669715109286,315.9246951557384
West Bengal,Alipurduar,2017,Summer,Rice,3027.475845410628,2832.699619771863,,3156.0,,1182.07,28.226147540983607,59.950901639344266,0.613169544140605,2832.699619771863,,,,,,,,,,,,,,,,,2624.8060361309667,402.6698092796614
West Bengal,Bankura,2017,Summer,Rice,3407.332347040107,3254.169745001903,3085.4404517199537,44667.0,40379.0,309.48,31.35032786885246,53.34516393442623,0.3878719186616124,2855.84081032803,13584.0,30.663656884875845,2266.3205417607223,1900.0,2580.0,206.57354635140103,443.0,680.0,14791.0,38.41818181818182,2211.181818181818,1900.0,2550.0,177.7279000027672,385.0,650.0,3197.3325553523987,209.99979168770824
West Bengal,Birbhum,2017,Summer,Rice,3388.6283837354176,3428.3176063067367,3464.1830673637533,66976.0,73066.0,265.9,31.847377049180327,47.57688524590164,0.4103341417145923,3238.2699320270576,71198.55,179.34143576826196,2046.2468513853903,1740.0,2450.0,218.5091115715973,397.0,710.0,151512.86,295.9235546875,2106.93359375,1800.0,2550.0,212.8473251884955,512.0,750.0,3360.5570508219485,28.071332913469178
West Bengal,Cooch Behar,2017,Summer,Rice,3810.020572760209,3446.654872368849,3408.6856485475987,55394.0,55632.0,1182.07,28.226147540983607,59.950901639344266,0.5519831892614137,2781.3353117966067,67570.7,74.82912513842746,2465.891472868217,1950.0,5200.0,461.7395256410057,903.0,3250.0,45402.95,47.89340717299578,2451.2974683544303,1900.0,3400.0,382.6493043095999,948.0,1500.0,3328.3411680060626,481.67940475414616
West Bengal,Dakshin Dinajpur,2017,Summer,Rice,3296.6830466830465,3404.258813225312,3377.602858259365,18268.0,17913.0,457.46,30.797295081967214,53.47672131147541,0.4151008530308976,3017.692291875739,5866.3,18.505678233438488,2391.561514195584,1800.0,3300.0,446.6055237349976,317.0,1500.0,3483.0,26.18796992481203,1954.5112781954888,1900.0,2000.0,49.79451967858023,133.0,100.0,3189.5220712242817,107.16097545876482
West Bengal,Darjeeling,2017,Summer,Rice,2401.639344262295,2410.5741429161503,2320.302648171501,2421.0,1586.0,643.49,21.775245901639344,56.478524590163936,0.630598042424619,2329.1408569941905,56114.3,152.4845108695652,3127.038043478261,1800.0,8100.0,1007.3347782624104,368.0,6300.0,354.87,1.7143478260869565,2564.2512077294687,2200.0,2700.0,163.99826747246738,207.0,500.0,2484.192949187661,-82.55360492536602
West Bengal,Hooghly,2017,Summer,Rice,3565.6128862874702,3336.7408806982417,3289.903291082668,70921.0,80551.0,343.95,31.20655737704918,60.33795081967213,0.51219717396264,2975.0907520427954,29606.4,46.47786499215071,2414.86656200942,1750.0,2850.0,297.508293996142,637.0,1100.0,36099.0,55.112977099236645,2365.1908396946565,1750.0,3000.0,394.75314770421096,655.0,1250.0,3476.541210495963,89.07167579150746
West Bengal,Howrah,2017,Summer,Rice,3424.53596287703,3242.71499644634,3070.8473999951425,39396.0,41173.0,338.28,30.8583606557377,65.08590163934426,0.5319329885142629,2822.965842092043,8099.8,15.758365758754865,2188.52140077821,1900.0,2600.0,170.4384682838303,514.0,700.0,7612.7,16.094503171247357,2298.414376321353,1900.0,2600.0,191.89791812138984,473.0,700.0,3242.1357820882768,182.40018078875346
West Bengal,Jalpaiguri,2017,Summer,Rice,2652.937884723,2554.990649836372,2506.0723569267484,17112.0,23467.0,1010.26,29.36967213114754,53.465,0.5774111572873468,2310.559783945152,8050.1,17.127872340425533,2658.234042553192,2000.0,3900.0,602.0415414254728,470.0,1900.0,22661.4,37.14983606557377,2750.5,2000.0,3650.0,604.2592698410458,610.0,1650.0,2639.9617972371784,12.976087485821608
West Bengal,Jhargram,2017,Summer,Rice,3339.221639525256,3541.1050214782995,,6751.0,,322.33,31.485819672131147,55.52819672131148,0.4026830752532968,3541.1050214782995,,,,,,,,,,,,,,,,,3798.59059020714,-459.36895068188414
West Bengal,Maldah,2017,Summer,Rice,3988.604890401203,4039.537956438181,3940.374251991933,49952.0,60494.0,370.98,31.73795081967213,47.097131147540985,0.4527443650110231,3641.2450960330993,74590.9,121.88055555555556,2517.65522875817,1800.0,3200.0,514.4349390060522,612.0,1400.0,365784.0,738.9575757575758,2369.4949494949497,1800.0,3500.0,402.8963302261062,495.0,1700.0,3558.6853167295517,429.9195736716515
West Bengal,Murshidabad,2017,Summer,Rice,3851.059622576624,3698.808020208399,3651.9842657966688,126680.0,140077.0,314.49,31.712295081967213,51.59008196721312,0.4775936324148321,3452.5482626417115,22781.5,37.224673202614376,2241.903594771242,1700.0,2380.0,83.93900552346079,612.0,680.0,29271.9,49.78214285714286,2331.9557823129253,2040.0,2550.0,119.2820005552252,588.0,510.0,3785.219673220402,65.83994935622195
West Bengal,Nadia,2017,Summer,Rice,3621.1501139144375,3792.4652283430073,3620.845444549681,82179.0,91857.0,481.79,30.74377049180328,61.286147540983606,0.527140519614781,3522.931974827328,8391.3,13.939036544850495,2862.4169435215945,950.0,3400.0,460.22594166668665,602.0,2450.0,10227.2,14.995894428152493,2978.5190615835777,1950.0,3400.0,351.9565707343914,682.0,1450.0,3950.4986053892344,-329.3484914747969
West Bengal,North 24 Parganas,2017,Summer,Rice,3439.86643986644,3454.8696889877788,3313.367108877814,61123.0,72439.0,526.42,30.237704918032787,69.19918032786885,0.4815362442403292,3184.080631841592,8450.0,54.87012987012987,2383.116883116883,2150.0,2700.0,151.81050916682196,154.0,550.0,26606.0,66.84924623115577,2243.2286432160804,1850.0,2600.0,285.7824391078578,398.0,750.0,3508.732110577006,-68.86567071056606
West Bengal,Paschim Bardhaman,2017,Summer,Rice,3519.582245430809,3296.7032967032965,,364.0,,286.59000000000003,31.61975409836065,48.73622950819672,0.338170061907992,3296.7032967032965,,,,,,,,,,,,,,,,,3648.4077205792014,-128.82547514839234
West Bengal,Paschim Medinipur,2017,Summer,Rice,3774.666736643224,3612.7099791553537,3315.0869042607683,171267.0,197171.0,315.52,31.209016393442624,61.030901639344265,0.4826026401888084,3073.7517614942653,14915.8,23.90352564102564,2413.790064102564,1890.0,3300.0,320.6420662801047,624.0,1410.0,14988.0,30.09638554216868,2247.590361445783,450.0,3150.0,285.4778493725289,498.0,2700.0,3624.342715217665,150.32402142555884
West Bengal,Purba Bardhaman,2017,Summer,Rice,3565.89225250595,2328.7172185588493,3309.011309740971,125719.0,148014.0,343.95,31.20655737704918,60.33795081967213,0.4442038856962827,3225.9515258756664,,,,,,,,,,,,,,,,,3163.7873287360408,402.1049237699094
West Bengal,Purba Medinipur,2017,Summer,Rice,3651.5506547208815,3487.526418300112,3278.7273933856927,144786.0,155209.0,401.52,30.59352459016393,66.97762295081966,0.4757429797969971,3163.185199733617,15310.2,26.95457746478873,2354.6654929577467,1800.0,2600.0,164.02744449067308,568.0,800.0,17079.8,31.33908256880734,2235.045871559633,1900.0,2600.0,193.8210204427308,545.0,700.0,3480.5964301669674,170.95422455391417
West Bengal,Purulia,2017,Summer,Rice,2285.185185185185,2560.4395604395604,1218.9922480620155,182.0,516.0,247.77,31.52040983606557,43.47196721311475,0.3004861668093043,2212.144448361506,3530.1,9.59266304347826,2251.7391304347825,2100.0,2500.0,112.41087243324652,368.0,400.0,7139.86,22.594493670886077,2292.784810126582,1100.0,2420.0,116.5638916985032,316.0,1320.0,2521.8575764976868,-236.67239131250153
West Bengal,South 24 Parganas,2017,Summer,Rice,3590.4907201936658,3482.8669629218166,3310.902497514184,57608.0,68388.0,399.63,30.041967213114752,71.82122950819672,0.4772648859866337,3000.911218136211,7271.0,15.022727272727272,2889.0495867768595,1850.0,3800.0,612.3419436239487,484.0,1950.0,5775.3,11.346365422396858,2844.891944990177,2000.0,3800.0,592.5915973866463,509.0,1800.0,3585.3521237293385,5.138596464327293
West Bengal,Uttar Dinajpur,2017,Summer,Rice,3284.0840190558683,2938.036036481376,3299.1348791409746,40459.0,42653.0,475.61,31.34139344262295,46.66573770491804,0.514684601642297,2929.401933088979,3388.8,8.08782816229117,2421.8377088305488,2150.0,2900.0,216.11170780243145,419.0,750.0,6311.5,14.95616113744076,2358.4715639810424,2100.0,2650.0,177.95078691142115,422.0,550.0,3166.1686849142043,117.91533414166406
West Bengal,Alipurduar,2017,Winter,Rice,2182.439940527428,1985.0883448221216,,63105.0,,2155.9,26.53568306010929,85.20426229508196,0.7180314292689223,1985.0883448221216,,,,,,,,,,,,,,,,,2061.882368209944,120.55757231748385
West Bengal,Bankura,2017,Winter,Rice,2731.587524907532,2753.894493030398,2687.869930580928,309989.0,301070.0,1300.84,26.47726775956284,81.76792349726776,0.6234823658716128,2700.225467641315,12115.0,35.218023255813954,2283.779069767442,2000.0,2600.0,193.95745986435523,344.0,600.0,14924.0,59.45816733067729,2191.2749003984063,1600.0,2400.0,154.0232713828988,251.0,800.0,2874.1778932802313,-142.59036837269923
West Bengal,Birbhum,2017,Winter,Rice,3215.610664789689,3231.1716150012026,3332.093674964662,328427.0,324014.0,1171.94,26.948633879781426,80.95863387978142,0.6442943652773679,2923.9404890275614,51788.65,163.3711356466877,2110.0,1850.0,2530.0,227.5419004396692,317.0,680.0,55641.85,165.1093471810089,1905.5489614243324,1750.0,2150.0,118.71551431759848,337.0,400.0,3180.9183714739474,34.69229331574161
West Bengal,Cooch Behar,2017,Winter,Rice,2471.412180672957,2402.7396350631548,2496.4667417513742,210831.0,210429.0,2155.9,26.53568306010929,85.20426229508196,0.633608232281181,1853.4432051184613,29449.2,66.778231292517,2281.0657596371884,550.0,2450.0,114.21072124656354,441.0,1900.0,33293.6,70.23966244725739,2440.4008438818564,1850.0,3150.0,492.2444472571762,474.0,1300.0,2410.939136749496,60.47304392346132
West Bengal,Dakshin Dinajpur,2017,Winter,Rice,2907.1066331430807,2923.95340933667,2956.9626720691067,161835.0,168319.0,1254.47,27.33448087431694,83.06562841530055,0.6549653807612987,2407.365521947559,,,,,,,,,4513.0,29.49673202614379,2208.0718954248364,1820.0,2900.0,449.9496039700791,153.0,1080.0,2815.613332159897,91.49330098318387
West Bengal,Darjeeling,2017,Winter,Rice,2373.906738568904,2169.034226332348,2365.136192514948,20978.0,27094.0,1492.7,20.78300546448088,85.70398907103825,0.7808464311586449,1881.499173483931,15443.4,41.62641509433962,2961.3207547169814,2500.0,3700.0,407.8203527064228,371.0,1200.0,7770.4,28.051985559566784,2826.101083032491,2200.0,3700.0,454.2177108784225,277.0,1500.0,2386.795868168419,-12.889129599514945
West Bengal,Hooghly,2017,Winter,Rice,3132.889459329376,3076.203100933285,3100.2689143513103,186331.0,188164.0,1287.76,26.978852459016395,83.84349726775956,0.6391274961555586,2735.405805442853,17628.8,41.67565011820331,2676.997635933806,1900.0,3100.0,298.24143738035656,423.0,1200.0,19642.0,45.67906976744186,2304.558139534884,1800.0,2700.0,252.57815632026396,430.0,900.0,3128.377801525974,4.511657803402159
West Bengal,Howrah,2017,Winter,Rice,2412.1543701558185,2277.3707964483256,1313.9161806436891,74669.0,70127.0,1359.92,26.97054644808743,84.27431693989071,0.6209921998563609,1828.074871203844,2622.8,11.403478260869566,2401.521739130435,2200.0,2500.0,87.59193277304902,230.0,300.0,4309.2,18.41538461538461,2306.837606837607,1900.0,2600.0,194.44054034555296,234.0,700.0,2205.6272081950583,206.52716196076017
West Bengal,Jalpaiguri,2017,Winter,Rice,2514.7591279823155,2410.507284909072,2535.091222277189,103433.0,167777.0,2182.55,26.8424043715847,84.37934426229508,0.6760627136458963,1819.6635886704248,4420.1,19.557964601769918,2594.601769911505,2000.0,3950.0,638.2525245954051,226.0,1950.0,8301.1,20.64950248756219,2590.9825870646764,1875.0,3775.0,610.5653054463023,402.0,1900.0,2331.092717814151,183.66641016816448
West Bengal,Jhargram,2017,Winter,Rice,2896.4732196349405,2748.337956959241,,121838.0,,1268.61,26.50814207650273,82.36218579234973,0.6462838887419496,2748.337956959241,,,,,,,,,,,,,,,,,3161.4827166680207,-265.00949703308015
West Bengal,Kalimpong,2017,Winter,Rice,1927.0315091210607,1903.266331658292,,4776.0,,1861.07,21.290819672131143,86.95633879781421,0.8190078417889315,1903.266331658292,,,,,,,,,,,,,,,,,1692.8122591950087,234.21924992605204
West Bengal,Maldah,2017,Winter,Rice,2506.258796145935,3194.5543258032058,3220.8548858652875,145106.0,142288.0,1118.88,27.55256830601093,80.9960655737705,0.597424039561944,2592.7578649976613,35149.8,140.0390438247012,2751.593625498008,2200.0,3500.0,471.8447310283365,251.0,1300.0,246584.8,420.79317406143343,2367.286689419795,1750.0,2950.0,438.3313070757055,586.0,1200.0,3041.5136974755023,-535.2549013295675
West Bengal,Murshidabad,2017,Winter,Rice,2934.394762549487,3127.1783334775464,3095.813453041354,231140.0,226774.0,1158.59,27.300382513661205,81.90775956284153,0.5938850550554774,2571.992078381642,19009.1,34.562,2359.4636363636364,2215.0,3325.0,100.9239354750896,550.0,1110.0,16186.1,40.364339152119705,2204.551122194514,1980.0,2380.0,124.63515958584,401.0,400.0,3118.3300611752506,-183.9352986257636
West Bengal,Nadia,2017,Winter,Rice,3267.9502690975846,3085.106844795589,3007.86992275624,92143.0,96189.0,1504.45,27.022513661202183,84.85841530054645,0.599630819538326,2409.8854585873423,8090.85,18.685565819861434,2833.487297921478,2200.0,3600.0,499.5123413096927,433.0,1400.0,7643.2,18.11184834123223,2853.436018957346,1850.0,3400.0,426.699529846017,422.0,1550.0,3005.7081754595856,262.242093637999
West Bengal,North 24 Parganas,2017,Winter,Rice,2901.6391161574,2799.426874017124,2784.995641175882,143075.0,139946.0,1841.42,26.870109289617485,86.11803278688525,0.5585049300771249,2448.7091616473544,8901.1,53.3,2495.059880239521,1200.0,2650.0,114.76926567929183,167.0,1450.0,8330.0,63.10606060606061,2356.439393939394,2200.0,2600.0,147.93815798820407,132.0,400.0,2736.197672749463,165.4414434079372
West Bengal,Paschim Bardhaman,2017,Winter,Rice,3193.391183271588,3406.979613998717,,40518.0,,1279.67,26.561857923497268,80.99612021857924,0.5823286280124543,3406.979613998717,,,,,,,,,,,,,,,,,3736.339076009707,-542.9478927381188
West Bengal,Paschim Medinipur,2017,Winter,Rice,3054.1586597750934,2790.182643443513,2796.961772025253,368368.0,473763.0,1312.83,26.851967213114754,83.1355737704918,0.6533564932879709,2424.140859388809,9378.0,21.809302325581395,2504.139534883721,460.0,3350.0,353.6629228546784,430.0,2890.0,12320.0,24.590818363273453,2331.5868263473053,1800.0,3200.0,347.3799460908877,501.0,1400.0,2992.596006876377,61.56265289871635
West Bengal,Purba Bardhaman,2017,Winter,Rice,2862.0753426960628,3330.36148986168,3395.9148560926105,355335.0,417317.0,1287.76,26.978852459016395,83.84349726775956,0.6501481316005014,2918.711504669452,,,,,,,,,,,,,,,,,3158.8805637889363,-296.8052210928736
West Bengal,Purba Medinipur,2017,Winter,Rice,2426.1730383577265,2272.242928038707,2293.5062224844187,249259.0,249177.0,1490.57,27.12666666666667,82.73448087431694,0.6480878959273646,1937.5151161619167,14127.4,26.25910780669145,2421.6542750929366,1900.0,2750.0,197.1407710334513,538.0,850.0,12632.4,26.20829875518672,2296.8879668049794,1700.0,2600.0,260.4383476998243,482.0,900.0,2418.2378632036757,7.935175154050739
West Bengal,Purulia,2017,Winter,Rice,2751.759575427928,2347.109292168293,1839.56821279888,276351.0,271430.0,1377.11,25.976010928961745,80.62071038251366,0.5893683870074609,2182.5036459864723,2192.1,7.430847457627118,2328.7796610169494,500.0,2520.0,201.61052806610996,295.0,2020.0,3597.7,15.77938596491228,2221.0745614035086,750.0,2500.0,146.42527123032016,228.0,1750.0,2483.8305971024492,267.92897832547897
West Bengal,South 24 Parganas,2017,Winter,Rice,2375.1524379973184,2287.4957253671105,2158.693597551434,295347.0,319534.0,1606.78,27.39464480874317,82.96743169398907,0.606204903485133,2022.9898012502065,4728.8,16.0843537414966,2887.074829931973,1900.0,3700.0,612.5002872569963,294.0,1800.0,3793.4,13.79418181818182,2970.7272727272725,1850.0,4000.0,838.6029713735511,275.0,2150.0,2502.7017924742077,-127.54935447688922
West Bengal,Uttar Dinajpur,2017,Winter,Rice,2032.573397293243,2677.265958447972,2673.0004130704174,180641.0,183988.0,1314.62,27.278907103825137,82.75459016393442,0.6583666984605546,2132.93349758033,7203.5,22.58150470219436,2472.9310344827586,2150.0,2750.0,157.79618733744732,319.0,600.0,3606.5,10.765671641791045,2467.582089552239,2050.0,2820.0,257.6958675596054,335.0,770.0,2710.654077905554,-678.080680612311
West Bengal,Alipurduar,2018,Autumn,Rice,1725.9555555555555,2237.1491643014824,2195.977978284141,12684.0,13078.0,2149.75,27.81143790849673,86.11856209150326,0.734825552120603,2216.5635712928115,,,,,,,,,,,,,,,,,2077.6675680892463,-351.71201253369077
West Bengal,Bankura,2018,Autumn,Rice,2791.8465423148978,2614.808849305983,2694.8249965864097,21109.0,21971.0,1643.25,29.33477124183007,79.1345751633987,0.6140724735320083,2638.245738916133,11910.0,29.775,2618.15,2450.0,2850.0,103.72547872795492,400.0,400.0,6795.0,21.70926517571885,2402.667731629393,2220.0,2550.0,119.7232043262002,313.0,330.0,2791.8563653094193,-0.009822994521528017
West Bengal,Birbhum,2018,Autumn,Rice,3126.875112958612,2879.6280642434485,2924.807197943445,5915.0,6224.0,1421.58,29.57398692810457,78.9581045751634,0.6048013257922423,2596.046364470777,44482.7,143.49258064516127,2573.709677419354,2410.0,4200.0,151.2775570228289,310.0,1790.0,61190.9,191.82100313479623,2135.3918495297808,1850.0,2530.0,225.71323724574128,319.0,680.0,2910.2676035260743,216.60750943253788
West Bengal,Cooch Behar,2018,Autumn,Rice,2128.7800560554656,1785.4497930734046,1812.5413998675203,4591.0,4529.0,2149.75,27.81143790849673,86.11856209150326,0.6723717110565482,1553.2307823357933,21199.4,115.84371584699454,2675.136612021858,2350.0,2800.0,173.9074464073667,183.0,450.0,28726.8,64.40986547085201,2347.085201793722,2200.0,2450.0,65.7918194828055,446.0,250.0,1935.597365186059,193.18269086940654
West Bengal,Dakshin Dinajpur,2018,Autumn,Rice,2843.042071197411,2545.0733752620545,2512.19512195122,954.0,902.0,1492.37,28.93418300653595,84.84071895424836,0.6395515449917688,1882.8146042718035,,,,,,,,,,,,,,,,,2232.125181284626,610.9168899127853
West Bengal,Darjeeling,2018,Autumn,Rice,2132.211538461538,1964.221364221364,2269.3982074263763,3885.0,3905.0,1436.04,22.32496732026144,84.93862745098039,0.7764447549958632,1657.4379072492052,18687.5,140.50751879699249,3145.8646616541355,2600.0,3700.0,496.5809278540682,133.0,1100.0,9826.2,42.90917030567686,2961.353711790393,1900.0,4900.0,439.94856332794177,229.0,3000.0,2049.8903248151437,82.32121364639443
West Bengal,Hooghly,2018,Autumn,Rice,3287.84,2662.5724217844727,2806.15606341363,8630.0,9714.0,1520.04,29.531503267973854,81.14640522875817,0.6635994809139916,2479.6061099159915,18894.9,44.66879432624114,2844.917257683215,2400.0,3400.0,306.3760509678908,423.0,1000.0,20489.0,49.490338164251206,2551.557971014493,2150.0,2875.0,241.8377986260616,414.0,725.0,2799.79685706079,488.04314293921016
West Bengal,Howrah,2018,Autumn,Rice,2743.243243243244,2046.9341408024225,890.1734104046243,1321.0,1730.0,1527.61,29.40450980392157,82.13934640522875,0.5872571450722655,2107.202410647544,2969.8,8.633139534883721,2715.436046511628,2500.0,2900.0,105.52568108007912,344.0,400.0,4136.8,12.385628742514973,2325.598802395209,2100.0,2500.0,91.4289339789729,334.0,400.0,2181.5689974697398,561.674245773504
West Bengal,Jalpaiguri,2018,Autumn,Rice,2692.247191011236,2177.594442032132,2473.446938959517,11515.0,11091.0,2141.97,28.246078431372545,84.9862091503268,0.6988377845208535,1671.892946720051,3964.9,19.62821782178218,2881.7574257425745,2250.0,3950.0,619.7668519816386,202.0,1700.0,4554.7,20.424663677130045,2683.542600896861,2120.0,3950.0,654.3658003398909,223.0,1830.0,2010.1773732204792,682.0698177907566
West Bengal,Jhargram,2018,Autumn,Rice,2818.254925613189,2396.1303918931035,2948.6293737463784,44604.0,8974.0,1494.97,29.38248366013072,79.34437908496733,0.6252595150485785,2672.379882819741,,,,,,,,,,,,,,,,,2966.859329154022,-148.60440354083312
West Bengal,Maldah,2018,Autumn,Rice,3191.317365269461,2544.654939106901,2512.2873345935727,2956.0,2116.0,1189.44,29.676601307189543,80.27333333333333,0.5807192896611303,1932.3528492648693,21247.4,65.5783950617284,3191.820987654321,2400.0,3700.0,417.369862987604,324.0,1300.0,40218.5,128.49361022364218,2660.8626198083066,2100.0,3200.0,424.5399738534933,313.0,1100.0,2615.2754644265274,576.0419008429335
West Bengal,Murshidabad,2018,Autumn,Rice,2696.6925954515764,2544.669395995738,2535.127397652448,17831.0,17465.0,1252.79,29.497254901960783,81.07202614379085,0.6147288709007213,2109.052289325712,15942.7,40.46370558375634,2602.258883248731,1480.0,3425.0,179.61465392076275,394.0,1945.0,14064.4,38.638461538461534,2359.4917582417584,2210.0,2600.0,104.6169844265687,364.0,390.0,2643.79451605093,52.898079400646566
West Bengal,Nadia,2018,Autumn,Rice,2633.061049011178,2841.13821763891,2662.3394159175955,51976.0,51842.0,1666.12,28.82725490196078,85.47712418300654,0.6651572972093031,2242.837592392072,7571.44,17.486004618937642,3250.461893764434,2400.0,3600.0,309.7748122563263,433.0,1200.0,5679.3,15.226005361930296,3006.4879356568363,2200.0,3400.0,415.5340494171671,373.0,1200.0,2756.3150820181677,-123.25403300698963
West Bengal,North 24 Parganas,2018,Autumn,Rice,2879.7953964194376,2933.785895156511,2690.405244338498,18561.0,20136.0,2004.05,28.9840522875817,84.8297385620915,0.5555561227706208,2461.246369819738,5917.0,47.71774193548387,2629.6370967741937,2450.0,3100.0,125.19768658590324,124.0,650.0,6701.0,56.78813559322034,2535.169491525424,2300.0,3900.0,206.0318332836821,118.0,1600.0,2633.7235828323082,246.07181358712933
West Bengal,Paschim Bardhaman,2018,Autumn,Rice,3130.0,2866.6666666666665,2925.0773993808048,15.0,1615.0,1626.6,29.471241830065363,78.08738562091504,0.5515299519659994,2895.872033023736,,,,,,,,,,,,,,,,,3245.85225477888,-115.8522547788798
West Bengal,Paschim Medinipur,2018,Autumn,Rice,2618.3175370129466,2422.748633355712,2539.552311912226,10427.0,40832.0,1524.09,29.41333333333333,81.30803921568626,0.6221743402887914,2145.7865363636897,10062.8,20.00556660039761,2768.6679920477136,2400.0,3700.0,359.74483972741245,503.0,1300.0,10466.0,23.94965675057208,2598.604118993135,2180.0,3400.0,338.6489905349408,437.0,1220.0,2645.923176313069,-27.60563930012222
West Bengal,Purba Bardhaman,2018,Autumn,Rice,3053.6926558321334,3028.234649122807,3091.21730707136,14592.0,12388.0,1520.04,29.531503267973854,81.14640522875817,0.6245438027620507,2885.400134711864,,,,,,,,,,,,,,,,,2958.43643791045,95.2562179216834
West Bengal,Purba Medinipur,2018,Autumn,Rice,1457.773181661496,1501.0917913465428,2253.345872820661,12365.0,13823.0,1590.34,29.3124183006536,82.45941176470589,0.5678701159096462,1977.1297932101493,8052.0,20.75257731958763,2609.0438144329896,2400.0,2800.0,120.34346040783396,388.0,400.0,12765.2,29.82523364485981,2555.8995327102803,2300.0,2750.0,132.0725501417768,428.0,450.0,2150.487321053558,-692.714139392062
West Bengal,Purulia,2018,Autumn,Rice,2520.1465201465203,2305.555555555555,2545.774647887324,252.0,284.0,1650.72,29.17137254901961,76.23849673202614,0.5733414296335015,1676.6051182296828,1473.93,7.22514705882353,2483.4803921568628,2250.0,2940.0,193.9145477533536,204.0,690.0,2090.82,9.334017857142856,2410.0,2250.0,2500.0,63.82431042241616,224.0,250.0,2147.089527045056,373.0569931014643
West Bengal,South 24 Parganas,2018,Autumn,Rice,2812.820512820513,2607.9085278704147,2578.936215299852,4198.0,4719.0,1704.96,29.30281045751634,83.16084967320262,0.5594310426510808,2278.609129078128,5160.7,17.202333333333332,3148.5,2450.0,3900.0,492.8479281356053,300.0,1450.0,3932.6,12.936184210526315,3062.0131578947367,2250.0,3900.0,546.4793708792635,304.0,1650.0,2651.3167977624144,161.5037150580988
West Bengal,Uttar Dinajpur,2018,Autumn,Rice,2842.6666666666665,2544.791666666667,2512.5,960.0,640.0,1365.28,29.482875816993463,81.24967320261439,0.6520427133675132,1615.9409934179118,3908.0,15.632,2907.4,2750.0,3200.0,82.35514238899513,250.0,450.0,2804.2,11.445714285714285,2612.1020408163267,2350.0,2800.0,148.52336639287057,245.0,450.0,2303.802737513946,538.8639291527206
West Bengal,Alipurduar,2018,Summer,Rice,3106.607713092606,3027.475845410628,2832.699619771863,3312.0,3156.0,1001.97,26.82049180327869,68.24311475409836,0.6302544315388113,2930.0877325912456,,,,,,,,,,,,,,,,,2760.930526241027,345.6771868515789
West Bengal,Bankura,2018,Summer,Rice,2906.018958444388,3407.332347040107,3254.169745001903,49343.0,44667.0,460.98,30.107622950819675,58.42631147540984,0.4470516601264032,2882.102312076224,19405.0,30.607255520504733,2381.6246056782334,2050.0,2600.0,163.87115240662766,634.0,550.0,13584.0,30.663656884875845,2266.3205417607223,1900.0,2580.0,206.57354635140103,443.0,680.0,3301.302339452938,-395.28338100855035
West Bengal,Birbhum,2018,Summer,Rice,3484.397263062301,3388.6283837354176,3428.3176063067367,88290.0,66976.0,405.36,30.467704918032787,53.91262295081968,0.4514025797525048,3245.429858298885,70628.15,148.3784663865546,2369.044117647059,2100.0,2610.0,134.91080931707495,476.0,510.0,71198.55,179.34143576826196,2046.2468513853903,1740.0,2450.0,218.5091115715973,397.0,710.0,3418.0057159015914,66.3915471607097
West Bengal,Cooch Behar,2018,Summer,Rice,3804.753315229241,3810.020572760209,3446.654872368849,54927.0,55394.0,1001.97,26.82049180327869,68.24311475409836,0.586633398729423,2830.320324223445,39750.8,70.85704099821747,2233.0213903743315,1225.0,2500.0,265.3548962619804,561.0,1275.0,67570.7,74.82912513842746,2465.891472868217,1950.0,5200.0,461.7395256410057,903.0,3250.0,3355.6195636530106,449.1337515762302
West Bengal,Dakshin Dinajpur,2018,Summer,Rice,3386.6452835690334,3296.6830466830465,3404.258813225312,24420.0,18268.0,677.27,28.575983606557376,66.55213114754098,0.5300789596379794,3030.9775659141824,,,,,,,,,5866.3,18.505678233438488,2391.561514195584,1800.0,3300.0,446.6055237349976,317.0,1500.0,3287.137496838472,99.50778673056129
West Bengal,Darjeeling,2018,Summer,Rice,3067.421027817067,2401.639344262295,2410.5741429161503,2318.0,2421.0,528.18,20.706147540983608,63.19844262295082,0.6629195707803028,2332.593165911719,27501.3,68.41119402985075,3037.5621890547263,1950.0,3700.0,431.8458062344455,402.0,1750.0,56114.3,152.4845108695652,3127.038043478261,1800.0,8100.0,1007.3347782624104,368.0,6300.0,2548.468730778011,518.9522970390562
West Bengal,Hooghly,2018,Summer,Rice,3569.9672780267824,3565.6128862874702,3336.7408806982417,64751.0,70921.0,425.99,30.32639344262295,61.966065573770486,0.5232501932828489,3003.210853673494,29392.0,46.21383647798742,2715.4088050314467,2100.0,3250.0,336.7169977180693,636.0,1150.0,29606.4,46.47786499215071,2414.86656200942,1750.0,2850.0,297.508293996142,637.0,1100.0,3524.269344380373,45.69793364640964
West Bengal,Howrah,2018,Summer,Rice,3452.7016444792484,3424.53596287703,3242.71499644634,34480.0,39396.0,412.67,29.932704918032787,66.89270491803279,0.5299344186991066,2851.6120383198995,5127.0,9.673584905660377,2521.754716981132,2200.0,2800.0,145.47145253700995,530.0,600.0,8099.8,15.758365758754865,2188.52140077821,1900.0,2600.0,170.4384682838303,514.0,700.0,3299.7015215789297,153.00012290031873
West Bengal,Jalpaiguri,2018,Summer,Rice,2804.0584769801444,2652.937884723,2554.990649836372,17870.0,17112.0,869.1899999999999,27.68729508196721,63.54147540983607,0.5919794952033456,2326.8635030298115,9392.0,20.068376068376068,2779.594017094017,2060.0,4000.0,665.6934734272968,468.0,1940.0,8050.1,17.127872340425533,2658.234042553192,2000.0,3900.0,602.0415414254728,470.0,1900.0,2656.365447900871,147.6930290792734
West Bengal,Jhargram,2018,Summer,Rice,3354.272517321016,3339.221639525256,3541.1050214782995,14492.0,6751.0,436.45,30.251311475409835,60.81983606557377,0.4530995882420705,3440.1633305017776,,,,,,,,,,,,,,,,,3764.046087179525,-409.77356985850884
West Bengal,Maldah,2018,Summer,Rice,4479.398909787359,3988.604890401203,4039.537956438181,63185.0,49952.0,446.96,29.790081967213112,58.03581967213115,0.5054717648985898,3657.786038622056,34869.1,69.73819999999999,2999.1,1550.0,3700.0,578.7089060970039,500.0,2150.0,74590.9,121.88055555555556,2517.65522875817,1800.0,3200.0,514.4349390060522,612.0,1400.0,4021.0101386691304,458.38877111822876
West Bengal,Murshidabad,2018,Summer,Rice,3228.849519532411,3851.059622576624,3698.808020208399,116315.0,126680.0,472.59,30.147131147540986,58.45877049180328,0.5039574992045746,3471.524994067184,25576.8,37.89155555555556,2439.555555555556,740.0,3250.0,123.36657797726286,675.0,2510.0,22781.5,37.224673202614376,2241.903594771242,1700.0,2380.0,83.93900552346079,612.0,680.0,3882.7375758839753,-653.8880563515645
West Bengal,Nadia,2018,Summer,Rice,3729.5660948536834,3621.1501139144375,3792.4652283430073,94808.0,82179.0,670.88,29.365573770491803,66.42991803278689,0.5571178626571581,3527.609029069571,11903.83,15.6013499344692,3155.8322411533422,2400.0,3700.0,342.21094192824586,763.0,1300.0,8391.3,13.939036544850495,2862.4169435215945,950.0,3400.0,460.22594166668665,602.0,2450.0,3919.519071936026,-189.95297708234284
West Bengal,North 24 Parganas,2018,Summer,Rice,3578.04779960933,3439.86643986644,3454.8696889877788,63492.0,61123.0,578.54,29.37155737704918,70.44647540983605,0.4795456967227217,3196.260908414204,11260.0,48.95652173913044,2552.282608695652,2450.0,2800.0,105.51240392395246,230.0,350.0,8450.0,54.87012987012987,2383.116883116883,2150.0,2700.0,151.81050916682196,154.0,550.0,3413.798848923883,164.2489506854472
West Bengal,Paschim Bardhaman,2018,Summer,Rice,3582.52427184466,3519.582245430809,3296.7032967032965,383.0,364.0,464.97,30.299672131147545,54.40114754098361,0.4020557027997617,3408.1427710670528,,,,,,,,,,,,,,,,,3788.8253747264,-206.30110288174
West Bengal,Paschim Medinipur,2018,Summer,Rice,3787.32865404893,3774.666736643224,3612.7099791553537,190540.0,171267.0,441.22,29.822868852459017,66.32327868852458,0.5088944123994433,3107.128665072787,13016.3,21.373234811165844,2599.2446633825944,2100.0,3600.0,302.3005338049264,609.0,1500.0,14915.8,23.90352564102564,2413.790064102564,1890.0,3300.0,320.6420662801047,624.0,1410.0,3695.1959448351777,92.13270921375215
West Bengal,Purba Bardhaman,2018,Summer,Rice,3584.4873344544885,3565.89225250595,2328.7172185588493,149145.0,125719.0,425.99,30.32639344262295,61.966065573770486,0.5029167576341426,3242.139179524728,,,,,,,,,,,,,,,,,3318.8884688586504,265.5988655958381
West Bengal,Purba Medinipur,2018,Summer,Rice,3798.802435271292,3651.5506547208815,3487.526418300112,137845.0,144786.0,487.54,29.370163934426227,71.79180327868853,0.5145754674003122,3187.6034724829806,18159.6,29.4320907617504,2425.6077795786064,2000.0,2650.0,132.84106485122916,617.0,650.0,15310.2,26.95457746478873,2354.6654929577467,1800.0,2600.0,164.02744449067308,568.0,800.0,3570.1700423096204,228.63239296167148
West Bengal,Purulia,2018,Summer,Rice,3026.4550264550267,2285.185185185185,2560.4395604395604,270.0,182.0,415.7,30.27622950819672,49.00196721311475,0.3723701326193748,2215.622578686443,2820.26,8.443892215568862,2398.74251497006,2300.0,2600.0,80.05388306044473,334.0,300.0,3530.1,9.59266304347826,2251.7391304347825,2100.0,2500.0,112.41087243324652,368.0,400.0,2570.2922757412834,456.1627507137432
West Bengal,South 24 Parganas,2018,Summer,Rice,3609.582516110956,3590.4907201936658,3482.8669629218166,79312.0,57608.0,473.1,29.18901639344262,73.83303278688524,0.5001314432340952,3028.986432519899,7826.9,16.54735729386892,2842.5369978858357,1900.0,3700.0,513.9333111508333,473.0,1800.0,7271.0,15.022727272727272,2889.0495867768595,1850.0,3800.0,612.3419436239487,484.0,1950.0,3605.8041111172097,3.778404993746335
West Bengal,Uttar Dinajpur,2018,Summer,Rice,3306.114659406092,3284.0840190558683,2938.036036481376,46180.0,40459.0,518.22,29.31688524590164,59.07852459016394,0.5785021747594161,2946.29155623026,7141.5,17.46088019559902,2587.897310513448,2150.0,2850.0,177.6072700375744,409.0,700.0,3388.8,8.08782816229117,2421.8377088305488,2150.0,2900.0,216.11170780243145,419.0,750.0,3275.9219916440998,30.192667761992197
West Bengal,Alipurduar,2018,Winter,Rice,2129.055941265661,2182.439940527428,1985.0883448221216,63895.0,63105.0,2012.31,26.365027322404373,85.77896174863388,0.7250778378911213,2083.764142674775,,,,,,,,,,,,,,,,,2128.8285031526157,0.22743811304553674
West Bengal,Bankura,2018,Winter,Rice,2300.1402834737223,2731.587524907532,2753.894493030398,314162.0,309989.0,1784.63,26.834644808743167,82.96677595628415,0.646106526879187,2701.718898939706,13936.5,34.754364089775564,2695.211970074813,1580.0,2850.0,117.63510299378731,401.0,1270.0,12115.0,35.218023255813954,2283.779069767442,2000.0,2600.0,193.95745986435523,344.0,600.0,2935.851341840145,-635.7110583664225
West Bengal,Birbhum,2018,Winter,Rice,3002.9062749831487,3215.610664789689,3231.1716150012026,329608.0,328427.0,1542.3,27.09,82.9675956284153,0.6362002247417711,2937.829545016234,64860.0,162.15,2701.825,1500.0,2950.0,105.004687208903,400.0,1450.0,51788.65,163.3711356466877,2110.0,1850.0,2530.0,227.5419004396692,317.0,680.0,3232.0645155428965,-229.1582405597478
West Bengal,Cooch Behar,2018,Winter,Rice,2741.604736768996,2471.412180672957,2402.7396350631548,213535.0,210831.0,2012.31,26.365027322404373,85.77896174863388,0.6434432095169745,1882.8702991924847,28985.9,92.90352564102564,2765.544871794872,2375.0,5800.0,454.2036859534998,312.0,3425.0,29449.2,66.778231292517,2281.0657596371884,550.0,2450.0,114.21072124656354,441.0,1900.0,2478.939912010664,262.6648247583321
West Bengal,Dakshin Dinajpur,2018,Winter,Rice,3049.3969963592235,2907.1066331430807,2923.95340933667,163467.0,161835.0,1531.38,27.13174863387978,85.89814207650274,0.6115360692733116,2431.1627177187743,,,,,,,,,,,,,,,,,2700.5857371398592,348.8112592193643
West Bengal,Darjeeling,2018,Winter,Rice,2358.275779947606,2373.906738568904,2169.034226332348,22067.0,20978.0,1321.76,20.840437158469943,85.0175956284153,0.7811794569098188,1904.947152773692,33080.3,91.13030303030304,3066.501377410468,2240.0,3700.0,409.2853789312995,363.0,1460.0,15443.4,41.62641509433962,2961.3207547169814,2500.0,3700.0,407.8203527064228,371.0,1200.0,2473.713403163517,-115.43762321591066
West Bengal,Hooghly,2018,Winter,Rice,3163.105547188755,3132.889459329376,3076.203100933285,186990.0,186331.0,1703.95,27.144863387978145,85.13737704918033,0.6698011340722794,2754.3335984850683,16316.1,36.99795918367347,3046.8253968253966,2400.0,3500.0,316.98349381874,441.0,1100.0,17628.8,41.67565011820331,2676.997635933806,1900.0,3100.0,298.24143738035656,423.0,1200.0,3173.6412652077615,-10.535718019006708
West Bengal,Howrah,2018,Winter,Rice,2772.9334572542275,2412.1543701558185,2277.3707964483256,74574.0,74669.0,1741.42,27.23715846994536,85.0536612021858,0.6383230526575073,1855.888180677748,1888.8,8.357522123893805,2823.1858407079644,2730.0,2900.0,57.06550601196079,226.0,170.0,2622.8,11.403478260869566,2401.521739130435,2200.0,2500.0,87.59193277304902,230.0,300.0,2321.9548556772506,450.97860157697687
West Bengal,Jalpaiguri,2018,Winter,Rice,2794.311095069081,2514.7591279823155,2410.507284909072,104952.0,103433.0,2016.37,26.74306010928961,84.97688524590164,0.6805319305607656,1852.7633762567048,7097.9,20.16448863636364,3005.610795454545,2400.0,3950.0,494.902199550167,352.0,1550.0,4420.1,19.557964601769918,2594.601769911505,2000.0,3950.0,638.2525245954051,226.0,1950.0,2321.2463091847635,473.06478588431764
West Bengal,Jhargram,2018,Winter,Rice,2873.594634124721,2896.4732196349405,2748.337956959241,125185.0,121838.0,1627.12,26.92087431693989,83.16989071038252,0.6784431086717927,2822.4055882970906,,,,,,,,,,,,,,,,,3266.923934201738,-393.32930007701725
West Bengal,Kalimpong,2018,Winter,Rice,1763.678451178451,1927.0315091210607,1903.266331658292,4824.0,4776.0,1654.23,21.285901639344264,86.33633879781421,0.8255658292357,1915.1489203896765,,,,,,,,,,,,,,,,,1657.26224457621,106.41620660224112
West Bengal,Maldah,2018,Winter,Rice,2702.5980160604627,2506.258796145935,3194.5543258032058,147792.0,145106.0,1234.31,27.50344262295082,83.14459016393442,0.5728116936404344,2588.638861719008,21904.1,66.3760606060606,3324.3636363636365,2500.0,3600.0,337.00142218110346,330.0,1100.0,35149.8,140.0390438247012,2751.593625498008,2200.0,3500.0,471.8447310283365,251.0,1300.0,3088.3404131389816,-385.74239707851893
West Bengal,Murshidabad,2018,Winter,Rice,2921.823998816426,2934.394762549487,3127.1783334775464,233396.0,231140.0,1321.25,27.27983606557377,84.11180327868853,0.5980084174979623,2589.249349056301,24739.7,46.590772128060266,2679.0866290018835,1450.0,3450.0,168.50050117536978,531.0,2000.0,19009.1,34.562,2359.4636363636364,2215.0,3325.0,100.9239354750896,550.0,1110.0,3158.042955857689,-236.2189570412629
West Bengal,Nadia,2018,Winter,Rice,3193.514301714938,3267.9502690975846,3085.106844795589,95876.0,92143.0,1817.22,26.96857923497268,86.65786885245902,0.6307584023582183,2450.7456876592587,7332.43,15.14964876033058,3428.586776859504,1000.0,4000.0,362.1225652849531,484.0,3000.0,8090.85,18.685565819861434,2833.487297921478,2200.0,3600.0,499.5123413096927,433.0,1400.0,3125.221581492029,68.29272022290888
West Bengal,North 24 Parganas,2018,Winter,Rice,3296.3716894913064,2901.6391161574,2799.426874017124,143736.0,143075.0,2368.16,27.07114754098361,86.50568306010929,0.5736779937138321,2470.2772547192617,6653.5,45.88620689655173,2810.862068965517,2500.0,3100.0,194.33857270987687,145.0,600.0,8901.1,53.3,2495.059880239521,1200.0,2650.0,114.76926567929183,167.0,1450.0,2775.7485003541574,520.623189137149
West Bengal,Paschim Bardhaman,2018,Winter,Rice,2634.8269130041426,3193.391183271588,3406.979613998717,40219.0,40518.0,1765.0,26.90092896174864,82.29945355191256,0.5933022634727504,3300.1853986351525,,,,,,,,,,,,,,,,,3681.241099962491,-1046.4141869583482
West Bengal,Paschim Medinipur,2018,Winter,Rice,3120.516232776068,3054.1586597750934,2790.182643443513,368953.0,368368.0,1665.88,27.12273224043716,84.50142076502732,0.684810042553219,2454.141707026252,9281.6,18.750707070707072,2791.070707070707,750.0,3700.0,335.9864698851063,495.0,2950.0,9378.0,21.809302325581395,2504.139534883721,460.0,3350.0,353.6629228546784,430.0,2890.0,3075.640343449595,44.87588932647304
West Bengal,Purba Bardhaman,2018,Winter,Rice,3220.2820123014267,2862.0753426960628,3330.36148986168,356876.0,355335.0,1703.95,27.144863387978145,85.13737704918033,0.6579459401805693,2916.0145445754806,,,,,,,,,,,,,,,,,3011.910636315154,208.3713759862726
West Bengal,Purba Medinipur,2018,Winter,Rice,2858.9473430707912,2426.1730383577265,2272.242928038707,250823.0,249259.0,1750.67,27.4448087431694,83.82721311475409,0.6683668725149209,1961.948012271708,10222.0,20.86122448979592,2683.265306122449,2400.0,3000.0,132.79114334521162,490.0,600.0,14127.4,26.25910780669145,2421.6542750929366,1900.0,2750.0,197.1407710334513,538.0,850.0,2499.7005827294606,359.2467603413306
West Bengal,Purulia,2018,Winter,Rice,2186.8644128063265,2751.759575427928,2347.109292168293,272651.0,276351.0,1761.07,26.447868852459017,81.08114754098361,0.6283400613856343,2209.6110711979704,1896.05,6.996494464944649,2625.6826568265683,2450.0,2940.0,130.09894679573546,271.0,490.0,2192.1,7.430847457627118,2328.7796610169494,500.0,2520.0,201.61052806610996,295.0,2020.0,2674.24622417131,-487.3818113649836
West Bengal,South 24 Parganas,2018,Winter,Rice,2477.8218074907327,2375.1524379973184,2287.4957253671105,296842.0,295347.0,1970.85,27.69568306010929,83.56699453551913,0.635242150141213,2039.7594506191167,7621.5,18.9589552238806,3405.223880597015,2500.0,4300.0,634.9033933046754,402.0,1800.0,4728.8,16.0843537414966,2887.074829931973,1900.0,3700.0,612.5002872569963,294.0,1800.0,2536.873550441744,-59.05174295101142
West Bengal,Uttar Dinajpur,2018,Winter,Rice,2837.502707085066,2032.573397293243,2677.265958447972,181989.0,180641.0,1370.72,27.327049180327872,84.10267759562842,0.6435734358401265,2128.1544451857067,7831.0,23.44610778443114,3212.574850299401,2900.0,3500.0,116.3404142085014,334.0,600.0,7203.5,22.58150470219436,2472.9310344827586,2150.0,2750.0,157.79618733744732,319.0,600.0,2602.1261063433312,235.37660074173482
West Bengal,Alipurduar,2019,Autumn,Rice,1968.058968058968,1725.9555555555555,2237.1491643014824,11250.0,12684.0,2067.64,27.8040522875817,85.50562091503268,0.7287378568906568,2053.02756604706,,,,,,,,,,,,,,,,,1894.9661668146407,73.09280124432735
West Bengal,Bankura,2019,Autumn,Rice,2488.1791787639986,2791.8465423148978,2614.808849305983,24554.0,21109.0,1128.09,29.264444444444443,77.9449019607843,0.6084482859733905,2645.227593616077,10407.4,27.605835543766577,2670.583554376658,1560.0,2800.0,116.98644695594167,377.0,1240.0,11910.0,29.775,2618.15,2450.0,2850.0,103.72547872795492,400.0,400.0,2908.6547159136207,-420.47553714962214
West Bengal,Birbhum,2019,Autumn,Rice,2950.187348468151,3126.875112958612,2879.6280642434485,5533.0,5915.0,976.11,29.63202614379085,77.20084967320261,0.5807119146545683,2620.174943947496,34841.5,154.16592920353983,2563.495575221239,2440.0,2800.0,113.86031394408398,226.0,360.0,44482.7,143.49258064516127,2573.709677419354,2410.0,4200.0,151.2775570228289,310.0,1790.0,2965.393182944005,-15.205834475853862
West Bengal,Cooch Behar,2019,Autumn,Rice,1821.7399728734745,2128.7800560554656,1785.4497930734046,6779.0,4591.0,2067.64,27.8040522875817,85.50562091503268,0.672567613499007,1579.3921129594144,24131.1,91.40568181818182,2810.151515151515,2700.0,2900.0,87.32274690464763,264.0,200.0,21199.4,115.84371584699454,2675.136612021858,2350.0,2800.0,173.9074464073667,183.0,450.0,1972.7528610517918,-151.01288817831733
West Bengal,Dakshin Dinajpur,2019,Autumn,Rice,2674.2209631728047,2843.042071197411,2545.0733752620545,618.0,954.0,1150.86,28.79176470588236,85.14993464052287,0.6619208218340433,1926.461307313876,,,,,,,,,,,,,,,,,2359.358221246538,314.8627419262666
West Bengal,Darjeeling,2019,Autumn,Rice,2060.27768371148,2132.211538461538,1964.221364221364,3328.0,3885.0,1398.3,22.140392156862745,86.05392156862744,0.7607078235899334,1679.018526849766,23777.15,79.25716666666668,3403.6666666666665,2700.0,4800.0,683.5280468703661,300.0,2100.0,18687.5,140.50751879699249,3145.8646616541355,2600.0,3700.0,496.5809278540682,133.0,1100.0,2063.514388566744,-3.2367048552637243
West Bengal,Hooghly,2019,Autumn,Rice,2449.718655316693,3287.84,2662.5724217844727,6250.0,8630.0,1086.32,29.377581699346408,80.7718954248366,0.6330537731918582,2516.344014010719,20617.4,46.33123595505619,2857.9775280898875,2350.0,3400.0,367.8497899446787,445.0,1050.0,18894.9,44.66879432624114,2844.917257683215,2400.0,3400.0,306.3760509678908,423.0,1000.0,2974.3497783504677,-524.6311230337747
West Bengal,Howrah,2019,Autumn,Rice,2743.096234309623,2743.243243243244,2046.9341408024225,1110.0,1321.0,1213.89,29.216274509803924,82.1970588235294,0.601625464672769,2136.113357583712,3206.4,8.906666666666666,2900.833333333333,2800.0,3000.0,70.60719541639106,360.0,200.0,2969.8,8.633139534883721,2715.436046511628,2500.0,2900.0,105.52568108007912,344.0,400.0,2490.6511175823666,252.4451167272564
West Bengal,Jalpaiguri,2019,Autumn,Rice,2379.170230966638,2692.247191011236,2177.594442032132,8900.0,11515.0,2069.16,28.111045751633984,85.12647058823529,0.7017493344351448,1718.272685096923,9356.0,20.562637362637364,3291.868131868132,2550.0,5300.0,776.7263167414565,455.0,2750.0,3964.9,19.62821782178218,2881.7574257425745,2250.0,3950.0,619.7668519816386,202.0,1700.0,2161.9903001148728,217.17993085176522
West Bengal,Jhargram,2019,Autumn,Rice,2461.2137203166226,2818.254925613189,2396.1303918931035,12435.0,44604.0,1138.31,29.280915032679736,78.52065359477125,0.6198451126059776,2721.004897084224,,,,,,,,,,,,,,,,,3091.172738792546,-629.9590184759236
West Bengal,Maldah,2019,Autumn,Rice,2674.953959484346,3191.317365269461,2544.654939106901,6680.0,2956.0,957.28,29.417581699346407,80.86588235294117,0.6054909611698813,1989.57850908326,18938.1,54.57665706051873,3341.3544668587897,2600.0,3800.0,399.5266831162804,347.0,1200.0,21247.4,65.5783950617284,3191.820987654321,2400.0,3700.0,417.369862987604,324.0,1300.0,2864.668945644091,-189.71498615974497
West Bengal,Murshidabad,2019,Autumn,Rice,2730.171073094868,2696.6925954515764,2544.669395995738,16841.0,17831.0,931.39,29.600718954248364,79.36718954248366,0.5825391264849766,2135.7632123314334,19751.2,46.80379146919432,2749.5142180094786,1220.0,2990.0,150.2288469242824,422.0,1770.0,15942.7,40.46370558375634,2602.258883248731,1480.0,3425.0,179.61465392076275,394.0,1945.0,2752.0026550812195,-21.831581986351466
West Bengal,Nadia,2019,Autumn,Rice,2547.111663242391,2633.061049011178,2841.13821763891,41868.0,51976.0,1185.4,28.81045751633987,84.70647058823529,0.6275894649973344,2260.5750222383945,7645.9,13.92695810564663,3402.6047358834244,2400.0,4300.0,510.6561101409103,549.0,1900.0,7571.44,17.486004618937642,3250.461893764434,2400.0,3600.0,309.7748122563263,433.0,1200.0,2800.267380519817,-253.155717277426
West Bengal,North 24 Parganas,2019,Autumn,Rice,3016.387297167033,2879.7953964194376,2933.785895156511,19550.0,18561.0,1514.84,28.79,85.21496732026144,0.5530841285775981,2480.2713255742697,,,,,,,,,5917.0,47.71774193548387,2629.6370967741937,2450.0,3100.0,125.19768658590324,124.0,650.0,2621.948260055224,394.43903711180883
West Bengal,Paschim Bardhaman,2019,Autumn,Rice,2953.846153846154,3130.0,2866.6666666666665,100.0,15.0,1100.93,29.41143790849673,76.79712418300655,0.5435916906539148,2973.9146886824906,,,,,,,,,,,,,,,,,3372.321568263821,-418.47541441766725
West Bengal,Paschim Medinipur,2019,Autumn,Rice,2392.876280535855,2618.3175370129466,2422.748633355712,32286.0,10427.0,1184.25,29.320653594771244,80.58039215686274,0.6250572130910372,2167.2652182113834,7358.25,18.44172932330827,2944.4611528822056,1600.0,4100.0,435.0193756092388,399.0,2500.0,10062.8,20.00556660039761,2768.6679920477136,2400.0,3700.0,359.74483972741245,503.0,1300.0,2735.641192495383,-342.76491195952804
West Bengal,Purba Bardhaman,2019,Autumn,Rice,1104.6420141620772,3053.6926558321334,3028.234649122807,14583.0,14592.0,1086.32,29.377581699346408,80.7718954248366,0.5728275716626875,2893.049794762785,,,,,,,,,,,,,,,,,2980.5503145306325,-1875.9083003685553
West Bengal,Purba Medinipur,2019,Autumn,Rice,1723.786448324839,1457.773181661496,1501.0917913465428,11604.0,12365.0,1369.17,29.23457516339869,81.99137254901962,0.5719174858461507,1952.3985259935469,8888.0,26.141176470588235,2855.4117647058824,2600.0,3080.0,164.38355709584826,340.0,480.0,8052.0,20.75257731958763,2609.0438144329896,2400.0,2800.0,120.34346040783396,388.0,400.0,2082.1081967561718,-358.3217484313327
West Bengal,Purulia,2019,Autumn,Rice,2315.028901734104,2520.1465201465203,2305.555555555555,546.0,252.0,1150.04,29.079019607843136,75.20503267973857,0.5778793208668965,1714.9479092259028,1479.03,6.458646288209607,2628.187772925764,1600.0,2720.0,91.97928174809594,229.0,1120.0,1473.93,7.22514705882353,2483.4803921568628,2250.0,2940.0,193.9145477533536,204.0,690.0,2259.5015907794686,55.52731095463514
West Bengal,South 24 Parganas,2019,Autumn,Rice,3006.93374422188,2812.820512820513,2607.9085278704147,4290.0,4198.0,1505.8,29.154640522875816,83.25444444444445,0.5891669835796873,2302.891464702782,4800.0,20.338983050847457,3541.313559322034,2550.0,4450.0,753.5580645055293,236.0,1900.0,5160.7,17.202333333333332,3148.5,2450.0,3900.0,492.8479281356053,300.0,1450.0,2713.820241031891,293.11350318998893
West Bengal,Uttar Dinajpur,2019,Autumn,Rice,2674.8111950244333,2842.6666666666665,2544.791666666667,1875.0,960.0,1091.49,29.153660130718954,82.18614379084967,0.679162172987016,1671.7012512928557,3446.0,13.784,3340.8,3150.0,3450.0,73.32712642589759,250.0,300.0,3908.0,15.632,2907.4,2750.0,3200.0,82.35514238899513,250.0,450.0,2450.0515925775526,224.75960244688076
West Bengal,Alipurduar,2019,Summer,Rice,3063.606557377049,3106.607713092606,3027.475845410628,4071.0,3312.0,1106.99,26.520573770491804,68.38950819672131,0.6096677539171915,2988.9277260916992,,,,,,,,,,,,,,,,,2790.0372210461046,273.5693363309442
West Bengal,Bankura,2019,Summer,Rice,2888.014931342488,2906.018958444388,3407.332347040107,43147.0,49343.0,419.6,29.09795081967213,62.11434426229508,0.4796156960930968,2883.189432365686,19420.0,31.577235772357724,2695.8861788617887,1570.0,2850.0,95.42884547179024,615.0,1280.0,19405.0,30.607255520504733,2381.6246056782334,2050.0,2600.0,163.87115240662766,634.0,550.0,3329.7038516165144,-441.68892027402626
West Bengal,Birbhum,2019,Summer,Rice,3819.359262997179,3484.397263062301,3388.6283837354176,63867.0,88290.0,352.45,29.63311475409836,56.6255737704918,0.4581811296225163,3256.2920130608577,72774.5,157.1803455723542,2577.6889848812093,2440.0,2880.0,131.9404563149749,463.0,440.0,70628.15,148.3784663865546,2369.044117647059,2100.0,2610.0,134.91080931707495,476.0,510.0,3504.45132235874,314.90794063843896
West Bengal,Cooch Behar,2019,Summer,Rice,3774.292343387471,3804.753315229241,3810.020572760209,50449.0,54927.0,1106.99,26.520573770491804,68.38950819672131,0.5691467760744078,2874.6127329055266,37965.6,88.08723897911833,2799.0951276102087,1575.0,3000.0,189.51282155660104,431.0,1425.0,39750.8,70.85704099821747,2233.0213903743315,1225.0,2500.0,265.3548962619804,561.0,1275.0,3336.7388816664397,437.55346172103145
West Bengal,Dakshin Dinajpur,2019,Summer,Rice,3264.052878368454,3386.6452835690334,3296.6830466830465,27436.0,24420.0,718.7,27.913114754098363,69.63754098360656,0.5031478736805501,3047.144280353039,,,,,,,,,,,,,,,,,3125.157197457647,138.8956809108072
West Bengal,Darjeeling,2019,Summer,Rice,2789.8289828982897,3067.421027817067,2401.639344262295,2121.0,2318.0,547.13,20.24418032786885,65.8445081967213,0.6527374598126541,2365.994432361962,42699.2,80.56452830188678,3238.3396226415093,2050.0,5600.0,590.53584789751,530.0,3550.0,27501.3,68.41119402985075,3037.5621890547263,1950.0,3700.0,431.8458062344455,402.0,1750.0,2789.7137508445267,0.11523205376306578
West Bengal,Hooghly,2019,Summer,Rice,3684.0507054357945,3569.9672780267824,3565.6128862874702,72734.0,64751.0,426.58,29.47204918032787,64.25770491803279,0.5453874019316525,3028.9725093259167,29939.8,44.2896449704142,3042.3076923076924,2400.0,3600.0,425.3190523551653,676.0,1200.0,29392.0,46.21383647798742,2715.4088050314467,2100.0,3250.0,336.7169977180693,636.0,1150.0,3556.9569491275433,127.09375630825116
West Bengal,Howrah,2019,Summer,Rice,3746.1307538358906,3452.7016444792484,3424.53596287703,38310.0,34480.0,471.4,29.39803278688525,67.82877049180328,0.5360101168326232,2878.9342931453243,4313.4,8.375533980582524,2900.776699029126,2800.0,3000.0,70.84384813006831,515.0,200.0,5127.0,9.673584905660377,2521.754716981132,2200.0,2800.0,145.47145253700995,530.0,600.0,3354.981957859209,391.1487959766814
West Bengal,Jalpaiguri,2019,Summer,Rice,2990.415863398513,2804.0584769801444,2652.937884723,18332.0,17870.0,982.92,27.23729508196721,64.72868852459015,0.5790574068028235,2348.554183663917,14040.2,20.831157270029674,3202.5,2400.0,5300.0,789.291642191831,674.0,2900.0,9392.0,20.068376068376068,2779.594017094017,2060.0,4000.0,665.6934734272968,468.0,1940.0,2726.7077149454635,263.7081484530495
West Bengal,Jhargram,2019,Summer,Rice,3631.116407239145,3354.272517321016,3339.221639525256,12990.0,14492.0,423.78,29.40254098360656,63.01344262295082,0.4949062603117447,3411.533059441524,,,,,,,,,,,,,,,,,3740.428918847645,-109.31251160850024
West Bengal,Maldah,2019,Summer,Rice,3463.8943747212843,4479.398909787359,3988.604890401203,61089.0,63185.0,483.75,28.924180327868854,61.69450819672132,0.5296148866041039,3695.132078220479,29592.9,60.39367346938776,3390.5102040816328,2700.0,3900.0,372.43566976932055,490.0,1200.0,34869.1,69.73819999999999,2999.1,1550.0,3700.0,578.7089060970039,500.0,2150.0,4229.62409381235,-765.7297190910658
West Bengal,Murshidabad,2019,Summer,Rice,3311.877271862452,3228.849519532411,3851.059622576624,121132.0,116315.0,407.08,29.514262295081966,59.70688524590164,0.4950212986212188,3460.494290679239,33600.6,48.980466472303206,2750.6268221574346,1150.0,3480.0,141.6033344615039,686.0,2330.0,25576.8,37.89155555555556,2439.555555555556,740.0,3250.0,123.36657797726286,675.0,2510.0,3811.000955004788,-499.1236831423362
West Bengal,Nadia,2019,Summer,Rice,3818.406857311757,3729.5660948536834,3621.1501139144375,93154.0,94808.0,628.34,28.636639344262296,68.27680327868853,0.5471438805005676,3536.788895696122,10945.87,16.096867647058826,3568.029411764706,1470.0,4500.0,516.2562917584759,680.0,3030.0,11903.83,15.6013499344692,3155.8322411533422,2400.0,3700.0,342.21094192824586,763.0,1300.0,3973.8063589015883,-155.3995015898313
West Bengal,North 24 Parganas,2019,Summer,Rice,3769.215718736361,3578.04779960933,3439.86643986644,69624.0,63492.0,654.29,29.142704918032784,69.55967213114755,0.481474469357613,3213.6148580139825,377.6,34.32727272727273,3068.181818181818,3000.0,3150.0,51.34553180524707,11.0,150.0,11260.0,48.95652173913044,2552.282608695652,2450.0,2800.0,105.51240392395246,230.0,350.0,3463.9331635284516,305.28255520790935
West Bengal,Paschim Bardhaman,2019,Summer,Rice,3291.187739463601,3582.52427184466,3519.582245430809,515.0,383.0,407.68,29.375,58.05631147540984,0.4102123326739163,3466.2699379929218,,,,,,,,,,,,,,,,,3850.244470904132,-559.0567314405312
West Bengal,Paschim Medinipur,2019,Summer,Rice,3361.3770882572776,3787.32865404893,3774.666736643224,187778.0,190540.0,435.16,29.030409836065573,68.6411475409836,0.5461309628176828,3138.046846389884,12200.9,17.04036312849162,2927.835195530726,1220.0,6900.0,394.4168831282512,716.0,5680.0,13016.3,21.373234811165844,2599.2446633825944,2100.0,3600.0,302.3005338049264,609.0,1500.0,3841.985229470209,-480.6081412129315
West Bengal,Purba Bardhaman,2019,Summer,Rice,3874.7911820514273,3584.4873344544885,3565.89225250595,152224.0,149145.0,426.58,29.47204918032787,64.25770491803279,0.5013578780199779,3257.7004592942617,,,,,,,,,,,,,,,,,3413.7388164680615,461.0523655833658
West Bengal,Purba Medinipur,2019,Summer,Rice,4043.043511679745,3798.802435271292,3651.5506547208815,149470.0,137845.0,526.0,29.021803278688523,72.12245901639345,0.5160968843500305,3216.70818499671,16031.6,23.785756676557863,2824.3026706231453,2500.0,3200.0,179.8807688946126,674.0,700.0,18159.6,29.4320907617504,2425.6077795786064,2000.0,2650.0,132.84106485122916,617.0,650.0,3633.828163575519,409.215348104226
West Bengal,Purulia,2019,Summer,Rice,3022.058823529412,3026.4550264550267,2285.185185185185,378.0,270.0,379.67,29.49590163934426,52.20680327868852,0.3952286467088873,2252.4785990395603,2389.55,6.807834757834758,2675.840455840456,800.0,2940.0,129.32712747720743,351.0,2140.0,2820.26,8.443892215568862,2398.74251497006,2300.0,2600.0,80.05388306044473,334.0,300.0,2752.1140148883665,269.9448086410457
West Bengal,South 24 Parganas,2019,Summer,Rice,3932.264003965725,3609.582516110956,3590.4907201936658,71380.0,79312.0,588.15,29.06860655737705,72.9739344262295,0.4969413628414441,3055.37716359222,8906.2,20.76037296037296,3459.920745920746,2550.0,4400.0,691.7584144659816,429.0,1850.0,7826.9,16.54735729386892,2842.5369978858357,1900.0,3700.0,513.9333111508333,473.0,1800.0,3602.6907937919696,329.57321017375534
West Bengal,Uttar Dinajpur,2019,Summer,Rice,3237.374379849892,3306.114659406092,3284.0840190558683,39299.0,46180.0,543.8,28.5644262295082,62.23590163934426,0.5884867994524318,2962.647151829161,8117.0,19.234597156398102,3244.78672985782,2850.0,3500.0,120.50498265575004,422.0,650.0,7141.5,17.46088019559902,2587.897310513448,2150.0,2850.0,177.6072700375744,409.0,700.0,3362.365360148151,-124.99098029825882
West Bengal,Alipurduar,2019,Winter,Rice,2412.1656159482027,2129.055941265661,2182.439940527428,62655.0,63895.0,1732.6,26.264863387978146,82.94584699453551,0.7165230839395281,2098.861408871737,,,,,,,,,,,,,,,,,2136.354721128753,275.81089481944946
West Bengal,Bankura,2019,Winter,Rice,2534.434132896258,2300.1402834737223,2731.587524907532,316502.0,314162.0,1110.98,26.93918032786885,79.40010928961749,0.6170343616391187,2683.465325509434,10603.5,27.54155844155844,2688.961038961039,2450.0,2850.0,100.2027166078067,385.0,400.0,13936.5,34.754364089775564,2695.211970074813,1580.0,2850.0,117.63510299378731,401.0,1270.0,2918.398028881111,-383.963895984853
West Bengal,Birbhum,2019,Winter,Rice,3358.251187162273,3002.9062749831487,3215.610664789689,318965.0,329608.0,954.1,27.31737704918033,78.08180327868853,0.612201641336389,2940.787578196549,56885.0,168.79821958456972,2468.367952522255,1750.0,2650.0,74.85705373384636,337.0,900.0,64860.0,162.15,2701.825,1500.0,2950.0,105.004687208903,400.0,1450.0,3257.697585224898,100.55360193737488
West Bengal,Cooch Behar,2019,Winter,Rice,2927.0013724200926,2741.604736768996,2471.412180672957,230368.0,213535.0,1732.6,26.264863387978146,82.94584699453551,0.627379292363407,1921.90368271869,29260.1,99.86382252559729,2676.279863481229,1600.0,2900.0,137.8981787753934,293.0,1300.0,28985.9,92.90352564102564,2765.544871794872,2375.0,5800.0,454.2036859534998,312.0,3425.0,2430.590575302146,496.41079711794646
West Bengal,Dakshin Dinajpur,2019,Winter,Rice,3116.3946997887965,3049.3969963592235,2907.1066331430807,158208.0,163467.0,948.9,27.30808743169399,81.92956284153006,0.6423358066136406,2459.2642758387947,,,,,,,,,,,,,,,,,2789.7045871848914,326.69011260390516
West Bengal,Darjeeling,2019,Winter,Rice,2667.402177110915,2358.275779947606,2373.906738568904,20995.0,22067.0,1236.58,20.496284153005465,82.88715846994536,0.7643429978942933,1925.5529994634148,29083.5,87.8655589123867,3285.045317220544,2700.0,5600.0,621.9433724594118,331.0,2900.0,33080.3,91.13030303030304,3066.501377410468,2240.0,3700.0,409.2853789312995,363.0,1460.0,2479.9939773191745,187.40819979174057
West Bengal,Hooghly,2019,Winter,Rice,3233.403331640108,3163.105547188755,3132.889459329376,191232.0,186990.0,1057.03,27.281857923497267,81.48535519125683,0.6352825334946033,2772.914141607964,16488.7,36.31872246696035,2896.751101321586,2250.0,3200.0,302.08375983631134,454.0,950.0,16316.1,36.99795918367347,3046.8253968253966,2400.0,3500.0,316.98349381874,441.0,1100.0,3230.4534472838845,2.949884356223265
West Bengal,Howrah,2019,Winter,Rice,2220.40632941606,2772.9334572542275,2412.1543701558185,72089.0,74574.0,1206.7,27.327868852459016,82.11606557377048,0.6129486309596647,1897.5720568857687,1964.3,8.730222222222222,2901.333333333333,2800.0,3000.0,72.25945316308822,225.0,200.0,1888.8,8.357522123893805,2823.1858407079644,2730.0,2900.0,57.06550601196079,226.0,170.0,2465.105660230476,-244.69933081441604
West Bengal,Jalpaiguri,2019,Winter,Rice,2645.1819371602705,2794.311095069081,2514.7591279823155,99738.0,104952.0,1781.55,26.601530054644808,82.0755737704918,0.6709487261987108,1895.5609998390864,8539.0,20.42822966507177,3053.1100478468898,2550.0,5400.0,565.2315519191139,418.0,2850.0,7097.9,20.16448863636364,3005.610795454545,2400.0,3950.0,494.902199550167,352.0,1550.0,2493.129589634787,152.05234752548358
West Bengal,Jhargram,2019,Winter,Rice,3097.3059081221004,2873.594634124721,2896.4732196349405,135374.0,125185.0,1147.38,27.030983606557378,79.9515300546448,0.6363008570650609,2839.468603572968,,,,,,,,,,,,,,,,,3287.096180327816,-189.7902722057156
West Bengal,Kalimpong,2019,Winter,Rice,1611.404435058078,1763.678451178451,1927.0315091210607,4752.0,4824.0,1640.4,20.92087431693989,84.65836065573771,0.8147575655156079,1864.658763985935,,,,,,,,,,,,,,,,,1565.0465673984622,46.35786765961575
West Bengal,Maldah,2019,Winter,Rice,3161.4640327132406,2702.5980160604627,2506.258796145935,137605.0,147792.0,841.78,27.739562841530056,78.18857923497268,0.5926735385049552,2593.818823279983,17091.82,54.78147435897436,3367.4679487179487,2600.0,3900.0,459.91156594186367,312.0,1300.0,21904.1,66.3760606060606,3324.3636363636365,2500.0,3600.0,337.00142218110346,330.0,1100.0,3155.181747571336,6.282285141904595
West Bengal,Murshidabad,2019,Winter,Rice,2963.43696277074,2921.823998816426,2934.394762549487,216294.0,233396.0,885.34,27.6451912568306,78.73939890710382,0.5759462811455659,2604.366378590852,34409.4,58.61908006814311,2654.165247018739,2400.0,3680.0,171.97825568482327,587.0,1280.0,24739.7,46.590772128060266,2679.0866290018835,1450.0,3450.0,168.50050117536978,531.0,2000.0,3195.0592020583604,-231.62223928762023
West Bengal,Nadia,2019,Winter,Rice,3279.3286521664672,3193.514301714938,3267.9502690975846,94639.0,95876.0,1074.46,27.27262295081968,82.23688524590165,0.6025551196980832,2484.5078973890622,9730.5,16.57666098807496,3409.9574105621805,2400.0,4100.0,431.6753890688626,587.0,1700.0,7332.43,15.14964876033058,3428.586776859504,1000.0,4000.0,362.1225652849531,484.0,3000.0,3256.9809055252645,22.347746641202775
West Bengal,North 24 Parganas,2019,Winter,Rice,2541.430552524691,3296.3716894913064,2901.6391161574,142463.0,143736.0,1447.41,27.241420765027325,83.43983606557377,0.5496675972354896,2507.8270017543546,,,,,,,,,6653.5,45.88620689655173,2810.862068965517,2500.0,3100.0,194.33857270987687,145.0,600.0,2849.090202547566,-307.6596500228752
West Bengal,Paschim Bardhaman,2019,Winter,Rice,3090.6047702266965,2634.8269130041426,3193.391183271588,42002.0,40219.0,1076.99,26.96306010928961,78.66191256830601,0.5564568261547745,3078.399236758149,,,,,,,,,,,,,,,,,3466.16689333686,-375.5621231101636
West Bengal,Paschim Medinipur,2019,Winter,Rice,2697.923368457476,3120.516232776068,3054.1586597750934,360690.0,368953.0,1195.12,27.26857923497268,81.03628415300547,0.6455845789129263,2484.431458196698,8771.0,18.781584582441116,2858.340471092077,1000.0,4200.0,453.3932363292747,467.0,3200.0,9281.6,18.750707070707072,2791.070707070707,750.0,3700.0,335.9864698851063,495.0,2950.0,3168.6473477835407,-470.72397932606464
West Bengal,Purba Bardhaman,2019,Winter,Rice,3551.106442194876,3220.2820123014267,2862.0753426960628,358495.0,356876.0,1057.03,27.281857923497267,81.48535519125683,0.6136735991701688,2929.8448840175693,,,,,,,,,,,,,,,,,3080.685061539607,470.4213806552689
West Bengal,Purba Medinipur,2019,Winter,Rice,1991.1475462824544,2858.9473430707912,2426.1730383577265,249141.0,250823.0,1375.52,27.628196721311475,80.64262295081967,0.6220906997550267,2004.6622661192832,11014.9,27.67562814070352,2683.0150753768844,2400.0,3080.0,174.8290414285351,398.0,680.0,10222.0,20.86122448979592,2683.265306122449,2400.0,3000.0,132.79114334521162,490.0,600.0,2598.733651405155,-607.5861051227005
West Bengal,Purulia,2019,Winter,Rice,2780.790600460034,2186.8644128063265,2751.759575427928,281236.0,272651.0,1121.55,26.438251366120216,77.94333333333333,0.6040766269067056,2208.5771321801685,1812.34,5.922679738562091,2613.4803921568628,800.0,2680.0,190.12867413682253,306.0,1880.0,1896.05,6.996494464944649,2625.6826568265683,2450.0,2940.0,130.09894679573546,271.0,490.0,2562.9847969455454,217.80580351448862
West Bengal,South 24 Parganas,2019,Winter,Rice,2041.5969721018253,2477.8218074907327,2375.1524379973184,328566.0,296842.0,1502.47,27.83612021857924,80.8303825136612,0.612991383665218,2059.6713759314625,7337.0,20.962857142857143,3405.714285714286,1850.0,4450.0,835.4837855732403,350.0,2600.0,7621.5,18.9589552238806,3405.223880597015,2500.0,4300.0,634.9033933046754,402.0,1800.0,2619.2513104643745,-577.6543383625492
West Bengal,Uttar Dinajpur,2019,Winter,Rice,3052.2926539306177,2837.502707085066,2032.573397293243,180083.0,181989.0,942.52,27.41049180327869,79.91994535519126,0.6378666766184103,2160.397547999314,7490.0,22.835365853658537,3400.4573170731705,3150.0,3550.0,84.36543856689238,328.0,400.0,7831.0,23.44610778443114,3212.574850299401,2900.0,3500.0,116.3404142085014,334.0,600.0,2784.228428390483,268.0642255401349
