State_Name,District,Year,Season,Crop,Rice_Yield_kg_ha,Yield_lag1,Yield_lag2,Area_lag1,Area_lag2,Precip_lag1,T2M_lag1,RH2M_lag1,NDVI_lag1,Yield_hist_mean,Predicted,Residual
West Bengal,Alipurduar,2017,Autumn,Rice,2237.1491643014824,2195.977978284141,,13078.0,,2368.18,28.01771241830065,84.5956862745098,0.7400036645361878,2195.977978284141,2263.4795788731462,-26.330414571663823
West Bengal,Bankura,2017,Autumn,Rice,2614.808849305983,2694.8249965864097,2964.882070548946,21971.0,19164.0,1389.1,29.279869281045748,77.3659477124183,0.5497626915051587,2639.417583396641,2733.35701852455,-118.54816921856673
West Bengal,Birbhum,2017,Autumn,Rice,2879.6280642434485,2924.807197943445,3251.644736842105,6224.0,2432.0,1253.81,29.721633986928104,75.9470588235294,0.5662499220779593,2581.8672794821427,2876.16964711831,3.458417125138567
West Bengal,Cooch Behar,2017,Autumn,Rice,1785.4497930734046,1812.5413998675203,1780.362389813908,4529.0,4084.0,2368.18,28.01771241830065,84.5956862745098,0.6887730079585921,1541.6198317989124,1902.1248230704405,-116.67502999703584
West Bengal,Dakshin Dinajpur,2017,Autumn,Rice,2545.0733752620545,2512.19512195122,1788.8324873096446,902.0,985.0,1358.09,29.496339869281044,79.83320261437908,0.6144502084733771,1849.7016657222907,2238.4575573617035,306.615817900351
West Bengal,Darjeeling,2017,Autumn,Rice,1964.221364221364,2269.3982074263763,2346.7041389882475,3905.0,3914.0,1583.15,22.203398692810456,84.95196078431373,0.7649984351768896,1642.0987344005976,2054.93664043441,-90.71527621304608
West Bengal,Hooghly,2017,Autumn,Rice,2662.5724217844727,2806.15606341363,2572.759937121042,9714.0,8906.0,1381.12,29.464771241830064,80.01594771241831,0.6193498051909542,2470.457794322568,2686.906767654541,-24.33434587006832
West Bengal,Howrah,2017,Autumn,Rice,2046.9341408024225,890.1734104046243,2403.300330033004,1730.0,1515.0,1406.39,29.299738562091505,81.40320261437908,0.5595270199784115,2110.2158241398,1777.6002876934124,269.3338531090101
West Bengal,Jalpaiguri,2017,Autumn,Rice,2177.594442032132,2473.446938959517,2490.712981150281,11091.0,29019.0,2361.36,28.52019607843137,82.67764705882354,0.7056681731089335,1646.6078719544469,2165.9535146222206,11.640927409911455
West Bengal,Jhargram,2017,Autumn,Rice,2396.1303918931035,2948.6293737463784,,8974.0,,1313.97,29.260261437908493,78.269477124183,0.5598903790770406,2948.6293737463784,3249.56798705834,-853.4375951652364
West Bengal,Maldah,2017,Autumn,Rice,2544.654939106901,2512.2873345935727,2437.5,2116.0,3568.0,1224.66,30.034444444444446,76.5067320261438,0.5694278285790988,1901.737744772768,2453.429104768513,91.22583433838827
West Bengal,Murshidabad,2017,Autumn,Rice,2544.669395995738,2535.127397652448,2703.481169474728,17465.0,16144.0,1248.7,29.857124183006537,77.36483660130719,0.5865651600598103,2087.271433992211,2502.47604598297,42.19335001276795
West Bengal,Nadia,2017,Autumn,Rice,2841.13821763891,2662.3394159175955,2468.266742731403,51842.0,49081.0,1628.68,29.1281045751634,82.46928104575163,0.6258654752842467,2212.9225611297297,2525.0299877588604,316.10822988004975
West Bengal,North 24 Parganas,2017,Autumn,Rice,2933.785895156511,2690.405244338498,2772.0932827493866,20136.0,17924.0,1939.37,28.836601307189543,84.72477124183006,0.5532374809305078,2437.619393552899,2606.2733992336,327.51249592291106
West Bengal,Paschim Bardhaman,2017,Autumn,Rice,2866.6666666666665,2925.0773993808048,,1615.0,,1369.52,29.47215686274509,75.75352941176472,0.489775140612486,2925.0773993808048,3266.6601698901295,-399.993503223463
West Bengal,Paschim Medinipur,2017,Autumn,Rice,2422.748633355712,2539.552311912226,2690.603889457523,40832.0,48850.0,1348.37,29.45313725490196,79.34875816993464,0.5878623671896496,2131.9384315140887,2503.090299617707,-80.34166626199476
West Bengal,Purba Bardhaman,2017,Autumn,Rice,3028.234649122807,3091.21730707136,3232.4608126616954,12388.0,13142.0,1381.12,29.464771241830064,80.01594771241831,0.5671030409878008,2878.2584089913166,3035.961148279835,-7.726499157028229
West Bengal,Purba Medinipur,2017,Autumn,Rice,1501.0917913465428,2253.345872820661,2047.965846308388,13823.0,11946.0,1519.34,29.324509803921565,80.88202614379085,0.5395511026881765,2002.1844248871807,2122.435481413832,-621.3436900672891
West Bengal,Purulia,2017,Autumn,Rice,2305.555555555555,2545.774647887324,2710.382513661202,284.0,183.0,1445.37,29.109673202614378,74.55130718954248,0.4822409706107595,1645.157596363389,2136.8642606107614,168.69129494479375
West Bengal,South 24 Parganas,2017,Autumn,Rice,2607.9085278704147,2578.936215299852,1637.3326722855725,4719.0,4034.0,1629.14,29.1856862745098,82.6256862745098,0.5404309630261227,2262.1441591385133,2331.9814460331518,275.9270818372629
West Bengal,Uttar Dinajpur,2017,Autumn,Rice,2544.791666666667,2512.5,2346.617238183503,640.0,1079.0,1462.83,29.723529411764705,78.239477124183,0.675704058942878,1569.4984597554744,2218.228260505426,326.5634061612409
West Bengal,Alipurduar,2017,Summer,Rice,3027.475845410628,2832.699619771863,,3156.0,,1182.07,28.226147540983607,59.950901639344266,0.613169544140605,2832.699619771863,2761.995306483771,265.4805389268572
West Bengal,Bankura,2017,Summer,Rice,3407.332347040107,3254.169745001903,3085.4404517199537,44667.0,40379.0,309.48,31.35032786885246,53.34516393442623,0.3878719186616124,2855.84081032803,3094.7193919425627,312.6129550975443
West Bengal,Birbhum,2017,Summer,Rice,3388.6283837354176,3428.3176063067367,3464.1830673637533,66976.0,73066.0,265.9,31.847377049180327,47.57688524590164,0.4103341417145923,3238.2699320270576,3398.1921509735653,-9.563767238147648
West Bengal,Cooch Behar,2017,Summer,Rice,3810.020572760209,3446.654872368849,3408.6856485475987,55394.0,55632.0,1182.07,28.226147540983607,59.950901639344266,0.5519831892614137,2781.3353117966067,3095.009815434661,715.0107573255477
West Bengal,Dakshin Dinajpur,2017,Summer,Rice,3296.6830466830465,3404.258813225312,3377.602858259365,18268.0,17913.0,457.46,30.797295081967214,53.47672131147541,0.4151008530308976,3017.692291875739,3193.9705263570677,102.71252032597886
West Bengal,Darjeeling,2017,Summer,Rice,2401.639344262295,2410.5741429161503,2320.302648171501,2421.0,1586.0,643.49,21.775245901639344,56.478524590163936,0.630598042424619,2329.1408569941905,2356.521093472366,45.11825078992888
West Bengal,Hooghly,2017,Summer,Rice,3565.6128862874702,3336.7408806982417,3289.903291082668,70921.0,80551.0,343.95,31.20655737704918,60.33795081967213,0.51219717396264,2975.0907520427954,3287.1947432804773,278.418143006993
West Bengal,Howrah,2017,Summer,Rice,3424.53596287703,3242.71499644634,3070.8473999951425,39396.0,41173.0,338.28,30.8583606557377,65.08590163934426,0.5319329885142629,2822.965842092043,3053.3379250041703,371.1980378728599
West Bengal,Jalpaiguri,2017,Summer,Rice,2652.937884723,2554.990649836372,2506.0723569267484,17112.0,23467.0,1010.26,29.36967213114754,53.465,0.5774111572873468,2310.559783945152,2520.72498039805,132.21290432495016
West Bengal,Jhargram,2017,Summer,Rice,3339.221639525256,3541.1050214782995,,6751.0,,322.33,31.485819672131147,55.52819672131148,0.4026830752532968,3541.1050214782995,3805.3933664443243,-466.17172691906853
West Bengal,Maldah,2017,Summer,Rice,3988.604890401203,4039.537956438181,3940.374251991933,49952.0,60494.0,370.98,31.73795081967213,47.097131147540985,0.4527443650110231,3641.2450960330993,3898.6362603292755,89.96863007192769
West Bengal,Murshidabad,2017,Summer,Rice,3851.059622576624,3698.808020208399,3651.9842657966688,126680.0,140077.0,314.49,31.712295081967213,51.59008196721312,0.4775936324148321,3452.5482626417115,3633.0721016416037,217.98752093502026
West Bengal,Nadia,2017,Summer,Rice,3621.1501139144375,3792.4652283430073,3620.845444549681,82179.0,91857.0,481.79,30.74377049180328,61.286147540983606,0.527140519614781,3522.931974827328,3707.055597004164,-85.90548308972666
West Bengal,North 24 Parganas,2017,Summer,Rice,3439.86643986644,3454.8696889877788,3313.367108877814,61123.0,72439.0,526.42,30.237704918032787,69.19918032786885,0.4815362442403292,3184.080631841592,3414.588700176941,25.277739689498958
West Bengal,Paschim Bardhaman,2017,Summer,Rice,3519.582245430809,3296.7032967032965,,364.0,,286.59000000000003,31.61975409836065,48.73622950819672,0.338170061907992,3296.7032967032965,3638.4329663820918,-118.85072095128271
West Bengal,Paschim Medinipur,2017,Summer,Rice,3774.666736643224,3612.7099791553537,3315.0869042607683,171267.0,197171.0,315.52,31.209016393442624,61.030901639344265,0.4826026401888084,3073.7517614942653,3420.8416321326567,353.82510451056714
West Bengal,Purba Bardhaman,2017,Summer,Rice,3565.89225250595,2328.7172185588493,3309.011309740971,125719.0,148014.0,343.95,31.20655737704918,60.33795081967213,0.4442038856962827,3225.9515258756664,3106.2557166945444,459.6365358114058
West Bengal,Purba Medinipur,2017,Summer,Rice,3651.5506547208815,3487.526418300112,3278.7273933856927,144786.0,155209.0,401.52,30.59352459016393,66.97762295081966,0.4757429797969971,3163.185199733617,3290.866606021723,360.68404869915867
West Bengal,Purulia,2017,Summer,Rice,2285.185185185185,2560.4395604395604,1218.9922480620155,182.0,516.0,247.77,31.52040983606557,43.47196721311475,0.3004861668093043,2212.144448361506,2285.4426185468383,-0.25743336165305664
West Bengal,South 24 Parganas,2017,Summer,Rice,3590.4907201936658,3482.8669629218166,3310.902497514184,57608.0,68388.0,399.63,30.041967213114752,71.82122950819672,0.4772648859866337,3000.911218136211,3305.226161936205,285.264558257461
West Bengal,Uttar Dinajpur,2017,Summer,Rice,3284.0840190558683,2938.036036481376,3299.1348791409746,40459.0,42653.0,475.61,31.34139344262295,46.66573770491804,0.514684601642297,2929.401933088979,3071.4312008065294,212.6528182493389
West Bengal,Alipurduar,2017,Winter,Rice,2182.439940527428,1985.0883448221216,,63105.0,,2155.9,26.53568306010929,85.20426229508196,0.7180314292689223,1985.0883448221216,2229.4990742348764,-47.05913370744838
West Bengal,Bankura,2017,Winter,Rice,2731.587524907532,2753.894493030398,2687.869930580928,309989.0,301070.0,1300.84,26.47726775956284,81.76792349726776,0.6234823658716128,2700.225467641315,2815.579007012011,-83.99148210447902
West Bengal,Birbhum,2017,Winter,Rice,3215.610664789689,3231.1716150012026,3332.093674964662,328427.0,324014.0,1171.94,26.948633879781426,80.95863387978142,0.6442943652773679,2923.9404890275614,3191.1063974388576,24.50426735083147
West Bengal,Cooch Behar,2017,Winter,Rice,2471.412180672957,2402.7396350631548,2496.4667417513742,210831.0,210429.0,2155.9,26.53568306010929,85.20426229508196,0.633608232281181,1853.4432051184613,2330.2725520472122,141.139628625745
West Bengal,Dakshin Dinajpur,2017,Winter,Rice,2907.1066331430807,2923.95340933667,2956.9626720691067,161835.0,168319.0,1254.47,27.33448087431694,83.06562841530055,0.6549653807612987,2407.365521947559,2867.360400562036,39.74623258104475
West Bengal,Darjeeling,2017,Winter,Rice,2373.906738568904,2169.034226332348,2365.136192514948,20978.0,27094.0,1492.7,20.78300546448088,85.70398907103825,0.7808464311586449,1881.499173483931,2330.707656957613,43.19908161129115
West Bengal,Hooghly,2017,Winter,Rice,3132.889459329376,3076.203100933285,3100.2689143513103,186331.0,188164.0,1287.76,26.978852459016395,83.84349726775956,0.6391274961555586,2735.405805442853,3028.145836519869,104.74362280950709
West Bengal,Howrah,2017,Winter,Rice,2412.1543701558185,2277.3707964483256,1313.9161806436891,74669.0,70127.0,1359.92,26.97054644808743,84.27431693989071,0.6209921998563609,1828.074871203844,2069.8992883795167,342.2550817763017
West Bengal,Jalpaiguri,2017,Winter,Rice,2514.7591279823155,2410.507284909072,2535.091222277189,103433.0,167777.0,2182.55,26.8424043715847,84.37934426229508,0.6760627136458963,1819.6635886704248,2362.399371926542,152.3597560557737
West Bengal,Jhargram,2017,Winter,Rice,2896.4732196349405,2748.337956959241,,121838.0,,1268.61,26.50814207650273,82.36218579234973,0.6462838887419496,2748.337956959241,3214.8611498194714,-318.3879301845309
West Bengal,Kalimpong,2017,Winter,Rice,1927.0315091210607,1903.266331658292,,4776.0,,1861.07,21.290819672131143,86.95633879781421,0.8190078417889315,1903.266331658292,1844.1016268868627,82.92988223419798
West Bengal,Maldah,2017,Winter,Rice,2506.258796145935,3194.5543258032058,3220.8548858652875,145106.0,142288.0,1118.88,27.55256830601093,80.9960655737705,0.597424039561944,2592.7578649976613,3150.9000329464625,-644.6412368005276
West Bengal,Murshidabad,2017,Winter,Rice,2934.394762549487,3127.1783334775464,3095.813453041354,231140.0,226774.0,1158.59,27.300382513661205,81.90775956284153,0.5938850550554774,2571.992078381642,2984.296491181464,-49.901728631976766
West Bengal,Nadia,2017,Winter,Rice,3267.9502690975846,3085.106844795589,3007.86992275624,92143.0,96189.0,1504.45,27.022513661202183,84.85841530054645,0.599630819538326,2409.8854585873423,2908.941555279725,359.00871381785964
West Bengal,North 24 Parganas,2017,Winter,Rice,2901.6391161574,2799.426874017124,2784.995641175882,143075.0,139946.0,1841.42,26.870109289617485,86.11803278688525,0.5585049300771249,2448.7091616473544,2751.683507009399,149.95560914800126
West Bengal,Paschim Bardhaman,2017,Winter,Rice,3193.391183271588,3406.979613998717,,40518.0,,1279.67,26.561857923497268,80.99612021857924,0.5823286280124543,3406.979613998717,3791.8552860774394,-598.4641028058513
West Bengal,Paschim Medinipur,2017,Winter,Rice,3054.1586597750934,2790.182643443513,2796.961772025253,368368.0,473763.0,1312.83,26.851967213114754,83.1355737704918,0.6533564932879709,2424.140859388809,2815.0307524514096,239.12790732368376
West Bengal,Purba Bardhaman,2017,Winter,Rice,2862.0753426960628,3330.36148986168,3395.9148560926105,355335.0,417317.0,1287.76,26.978852459016395,83.84349726775956,0.6501481316005014,2918.711504669452,3240.7245628952655,-378.6492201992028
West Bengal,Purba Medinipur,2017,Winter,Rice,2426.1730383577265,2272.242928038707,2293.5062224844187,249259.0,249177.0,1490.57,27.12666666666667,82.73448087431694,0.6480878959273646,1937.5151161619167,2275.0342325132847,151.13880584444178
West Bengal,Purulia,2017,Winter,Rice,2751.759575427928,2347.109292168293,1839.56821279888,276351.0,271430.0,1377.11,25.976010928961745,80.62071038251366,0.5893683870074609,2182.5036459864723,2319.2681022041884,432.49147322373983
West Bengal,South 24 Parganas,2017,Winter,Rice,2375.1524379973184,2287.4957253671105,2158.693597551434,295347.0,319534.0,1606.78,27.39464480874317,82.96743169398907,0.606204903485133,2022.9898012502065,2315.6394536530725,59.51298434424598
West Bengal,Uttar Dinajpur,2017,Winter,Rice,2032.573397293243,2677.265958447972,2673.0004130704174,180641.0,183988.0,1314.62,27.278907103825137,82.75459016393442,0.6583666984605546,2132.93349758033,2612.23069005486,-579.6572927616171
West Bengal,Alipurduar,2018,Autumn,Rice,1725.9555555555555,2237.1491643014824,2195.977978284141,12684.0,13078.0,2149.75,27.81143790849673,86.11856209150326,0.734825552120603,2216.5635712928115,2224.703777655236,-498.74822209968056
West Bengal,Bankura,2018,Autumn,Rice,2791.8465423148978,2614.808849305983,2694.8249965864097,21109.0,21971.0,1643.25,29.33477124183007,79.1345751633987,0.6140724735320083,2638.245738916133,2750.230656790073,41.615885524824535
West Bengal,Birbhum,2018,Autumn,Rice,3126.875112958612,2879.6280642434485,2924.807197943445,5915.0,6224.0,1421.58,29.57398692810457,78.9581045751634,0.6048013257922423,2596.046364470777,2876.579267324968,250.29584563364415
West Bengal,Cooch Behar,2018,Autumn,Rice,2128.7800560554656,1785.4497930734046,1812.5413998675203,4591.0,4529.0,2149.75,27.81143790849673,86.11856209150326,0.6723717110565482,1553.2307823357933,1890.6985034703023,238.0815525851633
West Bengal,Dakshin Dinajpur,2018,Autumn,Rice,2843.042071197411,2545.0733752620545,2512.19512195122,954.0,902.0,1492.37,28.93418300653595,84.84071895424836,0.6395515449917688,1882.8146042718035,2367.359833475236,475.68223772217516
West Bengal,Darjeeling,2018,Autumn,Rice,2132.211538461538,1964.221364221364,2269.3982074263763,3885.0,3905.0,1436.04,22.32496732026144,84.93862745098039,0.7764447549958632,1657.4379072492052,1989.961699509009,142.24983895252922
West Bengal,Hooghly,2018,Autumn,Rice,3287.84,2662.5724217844727,2806.15606341363,8630.0,9714.0,1520.04,29.531503267973854,81.14640522875817,0.6635994809139916,2479.6061099159915,2730.0534592644926,557.7865407355075
West Bengal,Howrah,2018,Autumn,Rice,2743.243243243244,2046.9341408024225,890.1734104046243,1321.0,1730.0,1527.61,29.40450980392157,82.13934640522875,0.5872571450722655,2107.202410647544,1947.6936598619247,795.549583381319
West Bengal,Jalpaiguri,2018,Autumn,Rice,2692.247191011236,2177.594442032132,2473.446938959517,11515.0,11091.0,2141.97,28.246078431372545,84.9862091503268,0.6988377845208535,1671.892946720051,2082.8854082331677,609.3617827780681
West Bengal,Jhargram,2018,Autumn,Rice,2818.254925613189,2396.1303918931035,2948.6293737463784,44604.0,8974.0,1494.97,29.38248366013072,79.34437908496733,0.6252595150485785,2672.379882819741,3045.657961358068,-227.40303574487916
West Bengal,Maldah,2018,Autumn,Rice,3191.317365269461,2544.654939106901,2512.2873345935727,2956.0,2116.0,1189.44,29.676601307189543,80.27333333333333,0.5807192896611303,1932.3528492648693,2497.718641877944,693.5987233915171
West Bengal,Murshidabad,2018,Autumn,Rice,2696.6925954515764,2544.669395995738,2535.127397652448,17831.0,17465.0,1252.79,29.497254901960783,81.07202614379085,0.6147288709007213,2109.052289325712,2523.994441449485,172.69815400209154
West Bengal,Nadia,2018,Autumn,Rice,2633.061049011178,2841.13821763891,2662.3394159175955,51976.0,51842.0,1666.12,28.82725490196078,85.47712418300654,0.6651572972093031,2242.837592392072,2648.6488577898085,-15.58780877863046
West Bengal,North 24 Parganas,2018,Autumn,Rice,2879.7953964194376,2933.785895156511,2690.405244338498,18561.0,20136.0,2004.05,28.9840522875817,84.8297385620915,0.5555561227706208,2461.246369819738,2685.936306483091,193.85908993634666
West Bengal,Paschim Bardhaman,2018,Autumn,Rice,3130.0,2866.6666666666665,2925.0773993808048,15.0,1615.0,1626.6,29.471241830065363,78.08738562091504,0.5515299519659994,2895.872033023736,3330.126535158275,-200.12653515827515
West Bengal,Paschim Medinipur,2018,Autumn,Rice,2618.3175370129466,2422.748633355712,2539.552311912226,10427.0,40832.0,1524.09,29.41333333333333,81.30803921568626,0.6221743402887914,2145.7865363636897,2520.9549459557425,97.3625910572041
West Bengal,Purba Bardhaman,2018,Autumn,Rice,3053.6926558321334,3028.234649122807,3091.21730707136,14592.0,12388.0,1520.04,29.531503267973854,81.14640522875817,0.6245438027620507,2885.400134711864,3064.6976988410916,-11.005043008958182
West Bengal,Purba Medinipur,2018,Autumn,Rice,1457.773181661496,1501.0917913465428,2253.345872820661,12365.0,13823.0,1590.34,29.3124183006536,82.45941176470589,0.5678701159096462,1977.1297932101493,1966.6091736880223,-508.83599202652636
West Bengal,Purulia,2018,Autumn,Rice,2520.1465201465203,2305.555555555555,2545.774647887324,252.0,284.0,1650.72,29.17137254901961,76.23849673202614,0.5733414296335015,1676.6051182296828,2160.9145542806127,359.23196586590757
West Bengal,South 24 Parganas,2018,Autumn,Rice,2812.820512820513,2607.9085278704147,2578.936215299852,4198.0,4719.0,1704.96,29.30281045751634,83.16084967320262,0.5594310426510808,2278.609129078128,2485.394552453954,327.42596036655914
West Bengal,Uttar Dinajpur,2018,Autumn,Rice,2842.6666666666665,2544.791666666667,2512.5,960.0,640.0,1365.28,29.482875816993463,81.24967320261439,0.6520427133675132,1615.9409934179118,2251.907149154508,590.7595175121587
West Bengal,Alipurduar,2018,Summer,Rice,3106.607713092606,3027.475845410628,2832.699619771863,3312.0,3156.0,1001.97,26.82049180327869,68.24311475409836,0.6302544315388113,2930.0877325912456,2863.18739284268,243.42032024992614
West Bengal,Bankura,2018,Summer,Rice,2906.018958444388,3407.332347040107,3254.169745001903,49343.0,44667.0,460.98,30.107622950819675,58.42631147540984,0.4470516601264032,2882.102312076224,3178.5519290423053,-272.5329705979175
West Bengal,Birbhum,2018,Summer,Rice,3484.397263062301,3388.6283837354176,3428.3176063067367,88290.0,66976.0,405.36,30.467704918032787,53.91262295081968,0.4514025797525048,3245.429858298885,3360.9758195142313,123.42144354806987
West Bengal,Cooch Behar,2018,Summer,Rice,3804.753315229241,3810.020572760209,3446.654872368849,54927.0,55394.0,1001.97,26.82049180327869,68.24311475409836,0.586633398729423,2830.320324223445,3227.995488128933,576.7578271003076
West Bengal,Dakshin Dinajpur,2018,Summer,Rice,3386.6452835690334,3296.6830466830465,3404.258813225312,24420.0,18268.0,677.27,28.575983606557376,66.55213114754098,0.5300789596379794,3030.9775659141824,3225.696270065552,160.94901350348118
West Bengal,Darjeeling,2018,Summer,Rice,3067.421027817067,2401.639344262295,2410.5741429161503,2318.0,2421.0,528.18,20.706147540983608,63.19844262295082,0.6629195707803028,2332.593165911719,2379.964222861919,687.4568049551481
West Bengal,Hooghly,2018,Summer,Rice,3569.9672780267824,3565.6128862874702,3336.7408806982417,64751.0,70921.0,425.99,30.32639344262295,61.966065573770486,0.5232501932828489,3003.210853673494,3337.0070917163043,232.9601863104781
West Bengal,Howrah,2018,Summer,Rice,3452.7016444792484,3424.53596287703,3242.71499644634,34480.0,39396.0,412.67,29.932704918032787,66.89270491803279,0.5299344186991066,2851.6120383198995,3094.2570249366336,358.4446195426149
West Bengal,Jalpaiguri,2018,Summer,Rice,2804.0584769801444,2652.937884723,2554.990649836372,17870.0,17112.0,869.1899999999999,27.68729508196721,63.54147540983607,0.5919794952033456,2326.8635030298115,2540.0311466881813,264.02733029196315
West Bengal,Jhargram,2018,Summer,Rice,3354.272517321016,3339.221639525256,3541.1050214782995,14492.0,6751.0,436.45,30.251311475409835,60.81983606557377,0.4530995882420705,3440.1633305017776,3804.5337751074303,-450.26125778641426
West Bengal,Maldah,2018,Summer,Rice,4479.398909787359,3988.604890401203,4039.537956438181,63185.0,49952.0,446.96,29.790081967213112,58.03581967213115,0.5054717648985898,3657.786038622056,3891.9433149126617,587.4555948746975
West Bengal,Murshidabad,2018,Summer,Rice,3228.849519532411,3851.059622576624,3698.808020208399,116315.0,126680.0,472.59,30.147131147540986,58.45877049180328,0.5039574992045746,3471.524994067184,3666.1848819638053,-437.3353624313945
West Bengal,Nadia,2018,Summer,Rice,3729.5660948536834,3621.1501139144375,3792.4652283430073,94808.0,82179.0,670.88,29.365573770491803,66.42991803278689,0.5571178626571581,3527.609029069571,3644.5273027619,85.03879209178331
West Bengal,North 24 Parganas,2018,Summer,Rice,3578.04779960933,3439.86643986644,3454.8696889877788,63492.0,61123.0,578.54,29.37155737704918,70.44647540983605,0.4795456967227217,3196.260908414204,3380.601106014383,197.4466935949472
West Bengal,Paschim Bardhaman,2018,Summer,Rice,3582.52427184466,3519.582245430809,3296.7032967032965,383.0,364.0,464.97,30.299672131147545,54.40114754098361,0.4020557027997617,3408.1427710670528,3831.946257481269,-249.4219856366094
West Bengal,Paschim Medinipur,2018,Summer,Rice,3787.32865404893,3774.666736643224,3612.7099791553537,190540.0,171267.0,441.22,29.822868852459017,66.32327868852458,0.5088944123994433,3107.128665072787,3462.1200885474072,325.20856550152257
West Bengal,Purba Bardhaman,2018,Summer,Rice,3584.4873344544885,3565.89225250595,2328.7172185588493,149145.0,125719.0,425.99,30.32639344262295,61.966065573770486,0.5029167576341426,3242.139179524728,3317.416754049711,267.0705804047775
West Bengal,Purba Medinipur,2018,Summer,Rice,3798.802435271292,3651.5506547208815,3487.526418300112,137845.0,144786.0,487.54,29.370163934426227,71.79180327868853,0.5145754674003122,3187.6034724829806,3366.872570957337,431.929864313955
West Bengal,Purulia,2018,Summer,Rice,3026.4550264550267,2285.185185185185,2560.4395604395604,270.0,182.0,415.7,30.27622950819672,49.00196721311475,0.3723701326193748,2215.622578686443,2396.80752801339,629.6474984416368
West Bengal,South 24 Parganas,2018,Summer,Rice,3609.582516110956,3590.4907201936658,3482.8669629218166,79312.0,57608.0,473.1,29.18901639344262,73.83303278688524,0.5001314432340952,3028.986432519899,3327.053631921865,282.52888418909106
West Bengal,Uttar Dinajpur,2018,Summer,Rice,3306.114659406092,3284.0840190558683,2938.036036481376,46180.0,40459.0,518.22,29.31688524590164,59.07852459016394,0.5785021747594161,2946.29155623026,3145.0273186335116,161.08734077258032
West Bengal,Alipurduar,2018,Winter,Rice,2129.055941265661,2182.439940527428,1985.0883448221216,63895.0,63105.0,2012.31,26.365027322404373,85.77896174863388,0.7250778378911213,2083.764142674775,2270.743205281021,-141.6872640153597
West Bengal,Bankura,2018,Winter,Rice,2300.1402834737223,2731.587524907532,2753.894493030398,314162.0,309989.0,1784.63,26.834644808743167,82.96677595628415,0.646106526879187,2701.718898939706,2857.7938971216977,-557.6536136479754
West Bengal,Birbhum,2018,Winter,Rice,3002.9062749831487,3215.610664789689,3231.1716150012026,329608.0,328427.0,1542.3,27.09,82.9675956284153,0.6362002247417711,2937.829545016234,3187.9220451379097,-185.01577015476096
West Bengal,Cooch Behar,2018,Winter,Rice,2741.604736768996,2471.412180672957,2402.7396350631548,213535.0,210831.0,2012.31,26.365027322404373,85.77896174863388,0.6434432095169745,1882.8702991924847,2354.745932185715,386.8588045832812
West Bengal,Dakshin Dinajpur,2018,Winter,Rice,3049.3969963592235,2907.1066331430807,2923.95340933667,163467.0,161835.0,1531.38,27.13174863387978,85.89814207650274,0.6115360692733116,2431.1627177187743,2825.329564425176,224.06743193404736
West Bengal,Darjeeling,2018,Winter,Rice,2358.275779947606,2373.906738568904,2169.034226332348,22067.0,20978.0,1321.76,20.840437158469943,85.0175956284153,0.7811794569098188,1904.947152773692,2372.934259642442,-14.658479694835933
West Bengal,Hooghly,2018,Winter,Rice,3163.105547188755,3132.889459329376,3076.203100933285,186990.0,186331.0,1703.95,27.144863387978145,85.13737704918033,0.6698011340722794,2754.3335984850683,3085.7238435398026,77.38170364895223
West Bengal,Howrah,2018,Winter,Rice,2772.9334572542275,2412.1543701558185,2277.3707964483256,74574.0,74669.0,1741.42,27.23715846994536,85.0536612021858,0.6383230526575073,1855.888180677748,2263.6293341683363,509.3041230858912
West Bengal,Jalpaiguri,2018,Winter,Rice,2794.311095069081,2514.7591279823155,2410.507284909072,104952.0,103433.0,2016.37,26.74306010928961,84.97688524590164,0.6805319305607656,1852.7633762567048,2366.1714235043537,428.13967156472745
West Bengal,Jhargram,2018,Winter,Rice,2873.594634124721,2896.4732196349405,2748.337956959241,125185.0,121838.0,1627.12,26.92087431693989,83.16989071038252,0.6784431086717927,2822.4055882970906,3394.305216631174,-520.7105825064532
West Bengal,Kalimpong,2018,Winter,Rice,1763.678451178451,1927.0315091210607,1903.266331658292,4824.0,4776.0,1654.23,21.285901639344264,86.33633879781421,0.8255658292357,1915.1489203896765,1766.8138880074985,-3.1354368290474213
West Bengal,Maldah,2018,Winter,Rice,2702.5980160604627,2506.258796145935,3194.5543258032058,147792.0,145106.0,1234.31,27.50344262295082,83.14459016393442,0.5728116936404344,2588.638861719008,2942.623065480283,-240.02504941982033
West Bengal,Murshidabad,2018,Winter,Rice,2921.823998816426,2934.394762549487,3127.1783334775464,233396.0,231140.0,1321.25,27.27983606557377,84.11180327868853,0.5980084174979623,2589.249349056301,2956.391731995801,-34.567733179374954
West Bengal,Nadia,2018,Winter,Rice,3193.514301714938,3267.9502690975846,3085.106844795589,95876.0,92143.0,1817.22,26.96857923497268,86.65786885245902,0.6307584023582183,2450.7456876592587,3012.0289565605335,181.4853451544045
West Bengal,North 24 Parganas,2018,Winter,Rice,3296.3716894913064,2901.6391161574,2799.426874017124,143736.0,143075.0,2368.16,27.07114754098361,86.50568306010929,0.5736779937138321,2470.2772547192617,2809.2882229305474,487.083466560759
West Bengal,Paschim Bardhaman,2018,Winter,Rice,2634.8269130041426,3193.391183271588,3406.979613998717,40219.0,40518.0,1765.0,26.90092896174864,82.29945355191256,0.5933022634727504,3300.1853986351525,3812.8028617271048,-1177.9759487229621
West Bengal,Paschim Medinipur,2018,Winter,Rice,3120.516232776068,3054.1586597750934,2790.182643443513,368953.0,368368.0,1665.88,27.12273224043716,84.50142076502732,0.684810042553219,2454.141707026252,2898.057587148458,222.45864562761017
West Bengal,Purba Bardhaman,2018,Winter,Rice,3220.2820123014267,2862.0753426960628,3330.36148986168,356876.0,355335.0,1703.95,27.144863387978145,85.13737704918033,0.6579459401805693,2916.0145445754806,3091.4269637052867,128.85504859614002
West Bengal,Purba Medinipur,2018,Winter,Rice,2858.9473430707912,2426.1730383577265,2272.242928038707,250823.0,249259.0,1750.67,27.4448087431694,83.82721311475409,0.6683668725149209,1961.948012271708,2362.9363168595314,496.01102621125983
West Bengal,Purulia,2018,Winter,Rice,2186.8644128063265,2751.759575427928,2347.109292168293,272651.0,276351.0,1761.07,26.447868852459017,81.08114754098361,0.6283400613856343,2209.6110711979704,2565.699119092101,-378.83470628577425
West Bengal,South 24 Parganas,2018,Winter,Rice,2477.8218074907327,2375.1524379973184,2287.4957253671105,296842.0,295347.0,1970.85,27.69568306010929,83.56699453551913,0.635242150141213,2039.7594506191167,2390.869864347472,86.9519431432609
West Bengal,Uttar Dinajpur,2018,Winter,Rice,2837.502707085066,2032.573397293243,2677.265958447972,181989.0,180641.0,1370.72,27.327049180327872,84.10267759562842,0.6435734358401265,2128.1544451857067,2428.439817355716,409.06288972935
West Bengal,Alipurduar,2019,Autumn,Rice,1968.058968058968,1725.9555555555555,2237.1491643014824,11250.0,12684.0,2067.64,27.8040522875817,85.50562091503268,0.7287378568906568,2053.02756604706,2009.8868687001107,-41.827900641142605
West Bengal,Bankura,2019,Autumn,Rice,2488.1791787639986,2791.8465423148978,2614.808849305983,24554.0,21109.0,1128.09,29.264444444444443,77.9449019607843,0.6084482859733905,2645.227593616077,2782.3672835184343,-294.1881047544357
West Bengal,Birbhum,2019,Autumn,Rice,2950.187348468151,3126.875112958612,2879.6280642434485,5533.0,5915.0,976.11,29.63202614379085,77.20084967320261,0.5807119146545683,2620.174943947496,2928.435134596359,21.75221387179181
West Bengal,Cooch Behar,2019,Autumn,Rice,1821.7399728734745,2128.7800560554656,1785.4497930734046,6779.0,4591.0,2067.64,27.8040522875817,85.50562091503268,0.672567613499007,1579.3921129594144,1988.490583096628,-166.75061022315344
West Bengal,Dakshin Dinajpur,2019,Autumn,Rice,2674.2209631728047,2843.042071197411,2545.0733752620545,618.0,954.0,1150.86,28.79176470588236,85.14993464052287,0.6619208218340433,1926.461307313876,2493.7516331753936,180.46932999741102
West Bengal,Darjeeling,2019,Autumn,Rice,2060.27768371148,2132.211538461538,1964.221364221364,3328.0,3885.0,1398.3,22.140392156862745,86.05392156862744,0.7607078235899334,1679.018526849766,1992.3865392861408,67.89114442533946
West Bengal,Hooghly,2019,Autumn,Rice,2449.718655316693,3287.84,2662.5724217844727,6250.0,8630.0,1086.32,29.377581699346408,80.7718954248366,0.6330537731918582,2516.344014010719,2870.6876223022355,-420.96896698554247
West Bengal,Howrah,2019,Autumn,Rice,2743.096234309623,2743.243243243244,2046.9341408024225,1110.0,1321.0,1213.89,29.216274509803924,82.1970588235294,0.601625464672769,2136.113357583712,2296.237315749814,446.8589185598089
West Bengal,Jalpaiguri,2019,Autumn,Rice,2379.170230966638,2692.247191011236,2177.594442032132,8900.0,11515.0,2069.16,28.111045751633984,85.12647058823529,0.7017493344351448,1718.272685096923,2208.806502013748,170.36372895289014
West Bengal,Jhargram,2019,Autumn,Rice,2461.2137203166226,2818.254925613189,2396.1303918931035,12435.0,44604.0,1138.31,29.280915032679736,78.52065359477125,0.6198451126059776,2721.004897084224,3152.465295356501,-691.2515750398784
West Bengal,Maldah,2019,Autumn,Rice,2674.953959484346,3191.317365269461,2544.654939106901,6680.0,2956.0,957.28,29.417581699346407,80.86588235294117,0.6054909611698813,1989.57850908326,2717.1510905337955,-42.19713104944958
West Bengal,Murshidabad,2019,Autumn,Rice,2730.171073094868,2696.6925954515764,2544.669395995738,16841.0,17831.0,931.39,29.600718954248364,79.36718954248366,0.5825391264849766,2135.7632123314334,2551.233231912672,178.93784118219583
West Bengal,Nadia,2019,Autumn,Rice,2547.111663242391,2633.061049011178,2841.13821763891,41868.0,51976.0,1185.4,28.81045751633987,84.70647058823529,0.6275894649973344,2260.5750222383945,2598.6373842755743,-51.525721033183345
West Bengal,North 24 Parganas,2019,Autumn,Rice,3016.387297167033,2879.7953964194376,2933.785895156511,19550.0,18561.0,1514.84,28.79,85.21496732026144,0.5530841285775981,2480.2713255742697,2705.6359021973567,310.7513949696763
West Bengal,Paschim Bardhaman,2019,Autumn,Rice,2953.846153846154,3130.0,2866.6666666666665,100.0,15.0,1100.93,29.41143790849673,76.79712418300655,0.5435916906539148,2973.9146886824906,3420.702796126515,-466.85664228036103
West Bengal,Paschim Medinipur,2019,Autumn,Rice,2392.876280535855,2618.3175370129466,2422.748633355712,32286.0,10427.0,1184.25,29.320653594771244,80.58039215686274,0.6250572130910372,2167.2652182113834,2536.9550561507526,-144.0787756148975
West Bengal,Purba Bardhaman,2019,Autumn,Rice,1104.6420141620772,3053.6926558321334,3028.234649122807,14583.0,14592.0,1086.32,29.377581699346408,80.7718954248366,0.5728275716626875,2893.049794762785,3017.961192914941,-1913.3191787528638
West Bengal,Purba Medinipur,2019,Autumn,Rice,1723.786448324839,1457.773181661496,1501.0917913465428,11604.0,12365.0,1369.17,29.23457516339869,81.99137254901962,0.5719174858461507,1952.3985259935469,1855.7679193292086,-131.9814710043695
West Bengal,Purulia,2019,Autumn,Rice,2315.028901734104,2520.1465201465203,2305.555555555555,546.0,252.0,1150.04,29.079019607843136,75.20503267973857,0.5778793208668965,1714.9479092259028,2210.399009533927,104.62989220017698
West Bengal,South 24 Parganas,2019,Autumn,Rice,3006.93374422188,2812.820512820513,2607.9085278704147,4290.0,4198.0,1505.8,29.154640522875816,83.25444444444445,0.5891669835796873,2302.891464702782,2578.9810908427917,427.95265337908813
West Bengal,Uttar Dinajpur,2019,Autumn,Rice,2674.8111950244333,2842.6666666666665,2544.791666666667,1875.0,960.0,1091.49,29.153660130718954,82.18614379084967,0.679162172987016,1671.7012512928557,2378.910079993566,295.90111503086746
West Bengal,Alipurduar,2019,Summer,Rice,3063.606557377049,3106.607713092606,3027.475845410628,4071.0,3312.0,1106.99,26.520573770491804,68.38950819672131,0.6096677539171915,2988.9277260916992,2895.8265634636064,167.77999391344247
West Bengal,Bankura,2019,Summer,Rice,2888.014931342488,2906.018958444388,3407.332347040107,43147.0,49343.0,419.6,29.09795081967213,62.11434426229508,0.4796156960930968,2883.189432365686,3064.1766806165733,-176.1617492740852
West Bengal,Birbhum,2019,Summer,Rice,3819.359262997179,3484.397263062301,3388.6283837354176,63867.0,88290.0,352.45,29.63311475409836,56.6255737704918,0.4581811296225163,3256.2920130608577,3394.587765756632,424.771497240547
West Bengal,Cooch Behar,2019,Summer,Rice,3774.292343387471,3804.753315229241,3810.020572760209,50449.0,54927.0,1106.99,26.520573770491804,68.38950819672131,0.5691467760744078,2874.6127329055266,3258.1864392467774,516.1059041406938
West Bengal,Dakshin Dinajpur,2019,Summer,Rice,3264.052878368454,3386.6452835690334,3296.6830466830465,27436.0,24420.0,718.7,27.913114754098363,69.63754098360656,0.5031478736805501,3047.144280353039,3200.281203540722,63.77167482773211
West Bengal,Darjeeling,2019,Summer,Rice,2789.8289828982897,3067.421027817067,2401.639344262295,2121.0,2318.0,547.13,20.24418032786885,65.8445081967213,0.6527374598126541,2365.994432361962,2555.7605012968543,234.06848160143545
West Bengal,Hooghly,2019,Summer,Rice,3684.0507054357945,3569.9672780267824,3565.6128862874702,72734.0,64751.0,426.58,29.47204918032787,64.25770491803279,0.5453874019316525,3028.9725093259167,3352.852099779162,331.1986056566325
West Bengal,Howrah,2019,Summer,Rice,3746.1307538358906,3452.7016444792484,3424.53596287703,38310.0,34480.0,471.4,29.39803278688525,67.82877049180328,0.5360101168326232,2878.9342931453243,3109.6573164612364,636.4734373746542
West Bengal,Jalpaiguri,2019,Summer,Rice,2990.415863398513,2804.0584769801444,2652.937884723,18332.0,17870.0,982.92,27.23729508196721,64.72868852459015,0.5790574068028235,2348.554183663917,2569.702541212015,420.71332218649786
West Bengal,Jhargram,2019,Summer,Rice,3631.116407239145,3354.272517321016,3339.221639525256,12990.0,14492.0,423.78,29.40254098360656,63.01344262295082,0.4949062603117447,3411.533059441524,3780.990400890214,-149.8739936510692
West Bengal,Maldah,2019,Summer,Rice,3463.8943747212843,4479.398909787359,3988.604890401203,61089.0,63185.0,483.75,28.924180327868854,61.69450819672132,0.5296148866041039,3695.132078220479,4039.217227691139,-575.3228529698549
West Bengal,Murshidabad,2019,Summer,Rice,3311.877271862452,3228.849519532411,3851.059622576624,121132.0,116315.0,407.08,29.514262295081966,59.70688524590164,0.4950212986212188,3460.494290679239,3465.103270142652,-153.2259982802002
West Bengal,Nadia,2019,Summer,Rice,3818.406857311757,3729.5660948536834,3621.1501139144375,93154.0,94808.0,628.34,28.636639344262296,68.27680327868853,0.5471438805005676,3536.788895696122,3626.365499797152,192.0413575146049
West Bengal,North 24 Parganas,2019,Summer,Rice,3769.215718736361,3578.04779960933,3439.86643986644,69624.0,63492.0,654.29,29.142704918032784,69.55967213114755,0.481474469357613,3213.6148580139825,3401.513925359844,367.7017933765169
West Bengal,Paschim Bardhaman,2019,Summer,Rice,3291.187739463601,3582.52427184466,3519.582245430809,515.0,383.0,407.68,29.375,58.05631147540984,0.4102123326739163,3466.2699379929218,3879.8273659010133,-588.6396264374125
West Bengal,Paschim Medinipur,2019,Summer,Rice,3361.3770882572776,3787.32865404893,3774.666736643224,187778.0,190540.0,435.16,29.030409836065573,68.6411475409836,0.5461309628176828,3138.046846389884,3513.3726708297627,-151.9955825724851
West Bengal,Purba Bardhaman,2019,Summer,Rice,3874.7911820514273,3584.4873344544885,3565.89225250595,152224.0,149145.0,426.58,29.47204918032787,64.25770491803279,0.5013578780199779,3257.7004592942617,3447.1122331253932,427.6789489260341
West Bengal,Purba Medinipur,2019,Summer,Rice,4043.043511679745,3798.802435271292,3651.5506547208815,149470.0,137845.0,526.0,29.021803278688523,72.12245901639345,0.5160968843500305,3216.70818499671,3408.8147953620773,634.2287163176675
West Bengal,Purulia,2019,Summer,Rice,3022.058823529412,3026.4550264550267,2285.185185185185,378.0,270.0,379.67,29.49590163934426,52.20680327868852,0.3952286467088873,2252.4785990395603,2580.1996468491047,441.8591766803074
West Bengal,South 24 Parganas,2019,Summer,Rice,3932.264003965725,3609.582516110956,3590.4907201936658,71380.0,79312.0,588.15,29.06860655737705,72.9739344262295,0.4969413628414441,3055.37716359222,3355.8109679120525,576.4530360536723
West Bengal,Uttar Dinajpur,2019,Summer,Rice,3237.374379849892,3306.114659406092,3284.0840190558683,39299.0,46180.0,543.8,28.5644262295082,62.23590163934426,0.5884867994524318,2962.647151829161,3193.125509194028,44.248870655864266
West Bengal,Alipurduar,2019,Winter,Rice,2412.1656159482027,2129.055941265661,2182.439940527428,62655.0,63895.0,1732.6,26.264863387978146,82.94584699453551,0.7165230839395281,2098.861408871737,2261.696907278869,150.46870866933386
West Bengal,Bankura,2019,Winter,Rice,2534.434132896258,2300.1402834737223,2731.587524907532,316502.0,314162.0,1110.98,26.93918032786885,79.40010928961749,0.6170343616391187,2683.465325509434,2699.1818186430446,-164.74768574678683
West Bengal,Birbhum,2019,Winter,Rice,3358.251187162273,3002.9062749831487,3215.610664789689,318965.0,329608.0,954.1,27.31737704918033,78.08180327868853,0.612201641336389,2940.787578196549,3110.9782284062585,247.2729587560143
West Bengal,Cooch Behar,2019,Winter,Rice,2927.0013724200926,2741.604736768996,2471.412180672957,230368.0,213535.0,1732.6,26.264863387978146,82.94584699453551,0.627379292363407,1921.90368271869,2407.5704364106614,519.4309360094312
West Bengal,Dakshin Dinajpur,2019,Winter,Rice,3116.3946997887965,3049.3969963592235,2907.1066331430807,158208.0,163467.0,948.9,27.30808743169399,81.92956284153006,0.6423358066136406,2459.2642758387947,2905.5431104012714,210.8515893875251
West Bengal,Darjeeling,2019,Winter,Rice,2667.402177110915,2358.275779947606,2373.906738568904,20995.0,22067.0,1236.58,20.496284153005465,82.88715846994536,0.7643429978942933,1925.5529994634148,2356.291850553258,311.1103265576571
West Bengal,Hooghly,2019,Winter,Rice,3233.403331640108,3163.105547188755,3132.889459329376,191232.0,186990.0,1057.03,27.281857923497267,81.48535519125683,0.6352825334946033,2772.914141607964,3071.2786061978854,162.12472544222237
West Bengal,Howrah,2019,Winter,Rice,2220.40632941606,2772.9334572542275,2412.1543701558185,72089.0,74574.0,1206.7,27.327868852459016,82.11606557377048,0.6129486309596647,1897.5720568857687,2372.4979862276996,-152.0916568116395
West Bengal,Jalpaiguri,2019,Winter,Rice,2645.1819371602705,2794.311095069081,2514.7591279823155,99738.0,104952.0,1781.55,26.601530054644808,82.0755737704918,0.6709487261987108,1895.5609998390864,2448.437208955067,196.7447282052035
West Bengal,Jhargram,2019,Winter,Rice,3097.3059081221004,2873.594634124721,2896.4732196349405,135374.0,125185.0,1147.38,27.030983606557378,79.9515300546448,0.6363008570650609,2839.468603572968,3362.248300968076,-264.9423928459755
West Bengal,Kalimpong,2019,Winter,Rice,1611.404435058078,1763.678451178451,1927.0315091210607,4752.0,4824.0,1640.4,20.92087431693989,84.65836065573771,0.8147575655156079,1864.658763985935,1661.2533059132247,-49.84887085514674
West Bengal,Maldah,2019,Winter,Rice,3161.4640327132406,2702.5980160604627,2506.258796145935,137605.0,147792.0,841.78,27.739562841530056,78.18857923497268,0.5926735385049552,2593.818823279983,2936.099603939256,225.3644287739844
West Bengal,Murshidabad,2019,Winter,Rice,2963.43696277074,2921.823998816426,2934.394762549487,216294.0,233396.0,885.34,27.6451912568306,78.73939890710382,0.5759462811455659,2604.366378590852,2928.2820577671732,35.15490500356691
West Bengal,Nadia,2019,Winter,Rice,3279.3286521664672,3193.514301714938,3267.9502690975846,94639.0,95876.0,1074.46,27.27262295081968,82.23688524590165,0.6025551196980832,2484.5078973890622,3009.438962997201,269.88968916926615
West Bengal,North 24 Parganas,2019,Winter,Rice,2541.430552524691,3296.3716894913064,2901.6391161574,142463.0,143736.0,1447.41,27.241420765027325,83.43983606557377,0.5496675972354896,2507.8270017543546,2933.8001749775844,-392.3696224528935
West Bengal,Paschim Bardhaman,2019,Winter,Rice,3090.6047702266965,2634.8269130041426,3193.391183271588,42002.0,40219.0,1076.99,26.96306010928961,78.66191256830601,0.5564568261547745,3078.399236758149,3494.7077880335964,-404.10301780689997
West Bengal,Paschim Medinipur,2019,Winter,Rice,2697.923368457476,3120.516232776068,3054.1586597750934,360690.0,368953.0,1195.12,27.26857923497268,81.03628415300547,0.6455845789129263,2484.431458196698,2927.7946107655134,-229.87124230803738
West Bengal,Purba Bardhaman,2019,Winter,Rice,3551.106442194876,3220.2820123014267,2862.0753426960628,358495.0,356876.0,1057.03,27.281857923497267,81.48535519125683,0.6136735991701688,2929.8448840175693,3095.967296698972,455.1391454959039
West Bengal,Purba Medinipur,2019,Winter,Rice,1991.1475462824544,2858.9473430707912,2426.1730383577265,249141.0,250823.0,1375.52,27.628196721311475,80.64262295081967,0.6220906997550267,2004.6622661192832,2475.318203116534,-484.1706568340794
West Bengal,Purulia,2019,Winter,Rice,2780.790600460034,2186.8644128063265,2751.759575427928,281236.0,272651.0,1121.55,26.438251366120216,77.94333333333333,0.6040766269067056,2208.5771321801685,2419.702504691627,361.08809576840713
West Bengal,South 24 Parganas,2019,Winter,Rice,2041.5969721018253,2477.8218074907327,2375.1524379973184,328566.0,296842.0,1502.47,27.83612021857924,80.8303825136612,0.612991383665218,2059.6713759314625,2390.657125631011,-349.0601535291855
West Bengal,Uttar Dinajpur,2019,Winter,Rice,3052.2926539306177,2837.502707085066,2032.573397293243,180083.0,181989.0,942.52,27.41049180327869,79.91994535519126,0.6378666766184103,2160.397547999314,2570.3079562512044,481.98469767941333
