District,Season,Year,Area_Hectares,Production_Tonnes,Yield_Kg_Ha
24 PARAGANAS NORTH,Autumn,1997,15017.0,33840.0,2253.446094426317
24 PARAGANAS NORTH,Autumn,1997,15017.0,3384000.0,225344.60944263168
24 PARAGANAS NORTH,Summer,1997,98044.0,269690.0,2750.7037656562356
24 PARAGANAS NORTH,Summer,1997,98044.0,26969000.0,275070.37656562356
24 PARAGANAS NORTH,Winter,1997,193202.0,381990.0,1977.153445616505
24 PARAGANAS NORTH,Winter,1997,193202.0,38199000.0,197715.3445616505
24 PARAGANAS NORTH,Autumn,1998,21417.0,45870.0,2141.7565485362093
24 PARAGANAS NORTH,Autumn,1998,21417.0,4587000.0,214175.65485362094
24 PARAGANAS NORTH,Summer,1998,114251.0,425881.0,3727.591005768002
24 PARAGANAS NORTH,Summer,1998,114251.0,42588100.0,372759.10057680024
24 PARAGANAS NORTH,Winter,1998,199701.0,391190.0,1958.8785233924716
24 PARAGANAS NORTH,Winter,1998,199701.0,39119000.0,195887.85233924715
24 PARAGANAS NORTH,Autumn,1999,25760.0,60990.0,2367.624223602484
24 PARAGANAS NORTH,Autumn,1999,25760.0,6099000.0,236762.42236024846
24 PARAGANAS NORTH,Summer,1999,112461.0,345460.0,3071.820453312704
24 PARAGANAS NORTH,Summer,1999,112461.0,34546000.0,307182.0453312704
24 PARAGANAS NORTH,Winter,1999,192944.0,423850.0,2196.7513890040636
24 PARAGANAS NORTH,Winter,1999,192944.0,42385000.0,219675.13890040634
24 PARAGANAS NORTH,Autumn,2000,28438.0,47660.0,1675.9265771151277
24 PARAGANAS NORTH,Autumn,2000,28438.0,4766000.0,167592.65771151276
24 PARAGANAS NORTH,Summer,2000,109077.0,341715.0,3132.7869303336174
24 PARAGANAS NORTH,Summer,2000,109077.0,34171500.0,313278.69303336175
24 PARAGANAS NORTH,Winter,2000,136439.0,251580.0,1843.9009374152552
24 PARAGANAS NORTH,Winter,2000,136439.0,25158000.0,184390.09374152552
24 PARAGANAS NORTH,Autumn,2001,32824.0,75912.0,2312.698025834755
24 PARAGANAS NORTH,Autumn,2001,32824.0,7591200.0,231269.8025834755
24 PARAGANAS NORTH,Summer,2001,100153.0,316329.0,3158.457559933302
24 PARAGANAS NORTH,Summer,2001,100153.0,31632900.0,315845.7559933302
24 PARAGANAS NORTH,Winter,2001,198499.0,463190.0,2333.4626370913707
24 PARAGANAS NORTH,Winter,2001,198499.0,46319000.0,233346.26370913707
24 PARAGANAS NORTH,Autumn,2002,17781.0,39008.0,2193.8023733198356
24 PARAGANAS NORTH,Autumn,2002,17781.0,3900800.0,219380.23733198358
24 PARAGANAS NORTH,Summer,2002,88692.0,276560.0,3118.206828124295
24 PARAGANAS NORTH,Summer,2002,88692.0,27656000.0,311820.68281242956
24 PARAGANAS NORTH,Winter,2002,180898.0,436010.0,2410.2532919103587
24 PARAGANAS NORTH,Winter,2002,180898.0,43601000.0,241025.32919103582
24 PARAGANAS NORTH,Autumn,2003,13747.0,33482.0,2435.5859460245874
24 PARAGANAS NORTH,Autumn,2003,13747.0,3348200.0,243558.59460245873
24 PARAGANAS NORTH,Summer,2003,83792.0,265326.0,3166.4836738590798
24 PARAGANAS NORTH,Summer,2003,83792.0,26532600.0,316648.367385908
24 PARAGANAS NORTH,Winter,2003,169933.0,402803.0,2370.363613894888
24 PARAGANAS NORTH,Winter,2003,169933.0,40280300.0,237036.3613894888
24 PARAGANAS NORTH,Autumn,2004,18746.0,42098.0,2245.7057505601197
24 PARAGANAS NORTH,Autumn,2004,18746.0,4209800.0,224570.57505601196
24 PARAGANAS NORTH,Summer,2004,89345.0,276187.0,3091.2418154345514
24 PARAGANAS NORTH,Summer,2004,89345.0,27618700.0,309124.18154345517
24 PARAGANAS NORTH,Winter,2004,157096.0,368303.0,2344.4454346386924
24 PARAGANAS NORTH,Winter,2004,157096.0,36830300.0,234444.54346386922
24 PARAGANAS NORTH,Autumn,2005,18148.0,43726.0,2409.411505400044
24 PARAGANAS NORTH,Autumn,2005,18148.0,4372600.0,240941.1505400044
24 PARAGANAS NORTH,Summer,2005,96675.0,283954.0,2937.201965347815
24 PARAGANAS NORTH,Summer,2005,96675.0,28395400.0,293720.1965347815
24 PARAGANAS NORTH,Winter,2005,162284.0,389682.0,2401.234872199354
24 PARAGANAS NORTH,Winter,2005,162284.0,38968200.0,240123.4872199354
24 PARAGANAS NORTH,Autumn,2006,17719.0,46279.0,2611.829109994921
24 PARAGANAS NORTH,Autumn,2006,17719.0,4627900.0,261182.9109994921
24 PARAGANAS NORTH,Summer,2006,89707.0,271884.0,3030.800271996611
24 PARAGANAS NORTH,Summer,2006,89707.0,27188400.0,303080.0271996611
24 PARAGANAS NORTH,Winter,2006,170626.0,407810.0,2390.081230293156
24 PARAGANAS NORTH,Winter,2006,170626.0,40781000.0,239008.12302931558
24 PARAGANAS NORTH,Autumn,2007,20861.0,44993.0,2156.7997699055654
24 PARAGANAS NORTH,Autumn,2007,20861.0,4499300.0,215679.97699055655
24 PARAGANAS NORTH,Summer,2007,95528.0,294718.0,3085.147810066159
24 PARAGANAS NORTH,Summer,2007,95528.0,29471800.0,308514.78100661584
24 PARAGANAS NORTH,Winter,2007,157175.0,404941.0,2576.370287895658
24 PARAGANAS NORTH,Winter,2007,157175.0,40494100.0,257637.02878956575
24 PARAGANAS NORTH,Autumn,2008,22083.0,59411.0,2690.350043019517
24 PARAGANAS NORTH,Autumn,2008,22083.0,5941100.0,269035.00430195173
24 PARAGANAS NORTH,Summer,2008,95232.0,271409.0,2849.9768985215055
24 PARAGANAS NORTH,Summer,2008,95232.0,27140900.0,284997.6898521505
24 PARAGANAS NORTH,Winter,2008,157226.0,406213.0,2583.6248457634233
24 PARAGANAS NORTH,Winter,2008,157226.0,40621300.0,258362.48457634237
24 PARAGANAS NORTH,Autumn,2009,18839.0,50488.0,2679.972397685652
24 PARAGANAS NORTH,Autumn,2009,18839.0,5048800.0,267997.2397685652
24 PARAGANAS NORTH,Summer,2009,88725.0,276708.0,3118.7151310228232
24 PARAGANAS NORTH,Summer,2009,88725.0,27670800.0,311871.51310228236
24 PARAGANAS NORTH,Winter,2009,127578.0,331194.0,2596.0118515731556
24 PARAGANAS NORTH,Winter,2009,127578.0,33119400.0,259601.1851573155
24 PARAGANAS NORTH,Autumn,2010,18514.0,42008.0,2268.985632494329
24 PARAGANAS NORTH,Autumn,2010,18514.0,4200800.0,226898.56324943286
24 PARAGANAS NORTH,Summer,2010,77633.0,261587.0,3369.533574639651
24 PARAGANAS NORTH,Summer,2010,77633.0,26158700.0,336953.3574639651
24 PARAGANAS NORTH,Winter,2010,127578.0,302957.0,2374.6805875621185
24 PARAGANAS NORTH,Winter,2010,127578.0,30295700.0,237468.0587562119
24 PARAGANAS NORTH,Autumn,2011,15789.0,42918.0,2718.2215466463995
24 PARAGANAS NORTH,Autumn,2011,15789.0,4291800.0,271822.1546646399
24 PARAGANAS NORTH,Summer,2011,71962.0,225593.0,3134.890636724938
24 PARAGANAS NORTH,Summer,2011,71962.0,22559300.0,313489.06367249385
24 PARAGANAS NORTH,Winter,2011,133756.0,329019.0,2459.8447920093304
24 PARAGANAS NORTH,Winter,2011,133756.0,32901900.0,245984.47920093304
24 PARAGANAS NORTH,Autumn,2012,13891.0,36080.0,2597.3652004895257
24 PARAGANAS NORTH,Autumn,2012,13891.0,3608000.0,259736.52004895257
24 PARAGANAS NORTH,Summer,2012,70500.0,249051.0,3532.6382978723404
24 PARAGANAS NORTH,Summer,2012,70500.0,24905100.0,353263.829787234
24 PARAGANAS NORTH,Winter,2012,133093.0,364032.0,2735.1701441848936
24 PARAGANAS NORTH,Winter,2012,133093.0,36403200.0,273517.01441848936
24 PARAGANAS NORTH,Autumn,2013,16286.0,46047.0,2827.397764951492
24 PARAGANAS NORTH,Autumn,2013,16286.0,4604700.0,282739.77649514924
24 PARAGANAS NORTH,Summer,2013,70880.0,231275.0,3262.9091422121896
24 PARAGANAS NORTH,Summer,2013,70880.0,23127500.0,326290.91422121896
24 PARAGANAS NORTH,Winter,2013,131943.0,391081.0,2964.0147639511
24 PARAGANAS NORTH,Winter,2013,131943.0,39108100.0,296401.47639511
24 PARAGANAS NORTH,Autumn,2014,15876.0,42913.0,2703.0108339632147
24 PARAGANAS NORTH,Autumn,2014,15876.0,4291300.0,270301.08339632145
24 PARAGANAS NORTH,Summer,2014,70898.0,239229.0,3374.270078140427
24 PARAGANAS NORTH,Summer,2014,70898.0,23922900.0,337427.00781404274
24 PARAGANAS NORTH,Winter,2014,139767.0,401623.0,2873.5180693582893
24 PARAGANAS NORTH,Winter,2014,139767.0,40162300.0,287351.8069358289
24 PARAGANAS NORTH,Autumn,2015,17924.0,4968700.0,277209.3282749386
24 PARAGANAS NORTH,Summer,2015,72439.0,24001700.0,331336.71088778146
24 PARAGANAS NORTH,Winter,2015,139946.0,38974900.0,278499.5641175882
24 PARAGANAS NORTH,Autumn,2016,20136.0,5417400.0,269040.52443384985
24 PARAGANAS NORTH,Summer,2016,61123.0,21117200.0,345486.9688987779
24 PARAGANAS NORTH,Winter,2016,143075.0,40052800.0,279942.68740171235
24 PARAGANAS NORTH,Autumn,2017,18561.0,5445400.0,293378.58951565105
24 PARAGANAS NORTH,Summer,2017,63492.0,21840400.0,343986.643986644
24 PARAGANAS NORTH,Winter,2017,143736.0,41707000.0,290163.9116157399
24 PARAGANAS NORTH,Autumn,2018,19550.0,5630000.0,287979.53964194376
24 PARAGANAS NORTH,Summer,2018,69624.0,24911800.0,357804.77996093297
24 PARAGANAS NORTH,Winter,2018,142463.0,46961100.0,329637.16894913063
24 PARAGANAS NORTH,Autumn,2019,18673.0,5632500.0,301638.7297167033
24 PARAGANAS NORTH,Summer,2019,66443.0,25043800.0,376921.57187363604
24 PARAGANAS NORTH,Winter,2019,142057.0,36102800.0,254143.0552524691
24 PARAGANAS SOUTH,Autumn,1997,2409.0,5270.0,2187.629721876297
24 PARAGANAS SOUTH,Autumn,1997,2409.0,527000.0,218762.97218762973
24 PARAGANAS SOUTH,Summer,1997,54664.0,135730.0,2482.9869749743893
24 PARAGANAS SOUTH,Summer,1997,54664.0,13573000.0,248298.6974974389
24 PARAGANAS SOUTH,Winter,1997,373220.0,494160.0,1324.0447993140776
24 PARAGANAS SOUTH,Winter,1997,373220.0,49416000.0,132404.47993140772
24 PARAGANAS SOUTH,Autumn,1998,4337.0,7600.0,1752.3633848282223
24 PARAGANAS SOUTH,Autumn,1998,4337.0,760000.0,175236.33848282223
24 PARAGANAS SOUTH,Summer,1998,80890.0,241720.0,2988.2556558289034
24 PARAGANAS SOUTH,Summer,1998,80890.0,24172000.0,298825.56558289035
24 PARAGANAS SOUTH,Winter,1998,363033.0,500380.0,1378.3319973666305
24 PARAGANAS SOUTH,Winter,1998,363033.0,50038000.0,137833.19973666305
24 PARAGANAS SOUTH,Autumn,1999,5314.0,10920.0,2054.9491908167106
24 PARAGANAS SOUTH,Autumn,1999,5314.0,1092000.0,205494.91908167108
24 PARAGANAS SOUTH,Summer,1999,76997.0,216290.0,2809.070483265582
24 PARAGANAS SOUTH,Summer,1999,76997.0,21629000.0,280907.0483265582
24 PARAGANAS SOUTH,Winter,1999,373726.0,705620.0,1888.0677287638537
24 PARAGANAS SOUTH,Winter,1999,373726.0,70562000.0,188806.77287638537
24 PARAGANAS SOUTH,Autumn,2000,6927.0,12540.0,1810.3074924209614
24 PARAGANAS SOUTH,Autumn,2000,6927.0,1254000.0,181030.74924209615
24 PARAGANAS SOUTH,Summer,2000,83471.0,226170.0,2709.5638006014065
24 PARAGANAS SOUTH,Summer,2000,83471.0,22617000.0,270956.3800601406
24 PARAGANAS SOUTH,Winter,2000,335463.0,628220.0,1872.6953494126028
24 PARAGANAS SOUTH,Winter,2000,335463.0,62822000.0,187269.53494126027
24 PARAGANAS SOUTH,Autumn,2001,11309.0,31783.0,2810.416482447608
24 PARAGANAS SOUTH,Autumn,2001,11309.0,3178300.0,281041.6482447608
24 PARAGANAS SOUTH,Summer,2001,82240.0,235784.0,2867.023346303502
24 PARAGANAS SOUTH,Summer,2001,82240.0,23578400.0,286702.33463035023
24 PARAGANAS SOUTH,Winter,2001,336114.0,736064.0,2189.9236568545193
24 PARAGANAS SOUTH,Winter,2001,336114.0,73606400.0,218992.36568545198
24 PARAGANAS SOUTH,Autumn,2002,14120.0,33419.0,2366.784702549575
24 PARAGANAS SOUTH,Autumn,2002,14120.0,3341900.0,236678.47025495753
24 PARAGANAS SOUTH,Summer,2002,76088.0,212342.0,2790.7422983913366
24 PARAGANAS SOUTH,Summer,2002,76088.0,21234200.0,279074.2298391336
24 PARAGANAS SOUTH,Winter,2002,343596.0,694975.0,2022.6516024633581
24 PARAGANAS SOUTH,Winter,2002,343596.0,69497500.0,202265.1602463358
24 PARAGANAS SOUTH,Autumn,2003,16217.0,34196.0,2108.6514151815995
24 PARAGANAS SOUTH,Autumn,2003,16217.0,3419600.0,210865.14151815997
24 PARAGANAS SOUTH,Summer,2003,77367.0,219865.0,2841.8447141546135
24 PARAGANAS SOUTH,Summer,2003,77367.0,21986500.0,284184.47141546133
24 PARAGANAS SOUTH,Winter,2003,353858.0,715537.0,2022.1020861475506
24 PARAGANAS SOUTH,Winter,2003,353858.0,71553700.0,202210.20861475507
24 PARAGANAS SOUTH,Autumn,2004,3151.0,7148.0,2268.486194858775
24 PARAGANAS SOUTH,Autumn,2004,3151.0,714800.0,226848.61948587748
24 PARAGANAS SOUTH,Summer,2004,55881.0,184157.0,3295.520838925574
24 PARAGANAS SOUTH,Summer,2004,55881.0,18415700.0,329552.08389255736
24 PARAGANAS SOUTH,Winter,2004,338291.0,720977.0,2131.233169076328
24 PARAGANAS SOUTH,Winter,2004,338291.0,72097700.0,213123.31690763278
24 PARAGANAS SOUTH,Autumn,2005,2163.0,6267.0,2897.364771151179
24 PARAGANAS SOUTH,Autumn,2005,2163.0,626700.0,289736.4771151179
24 PARAGANAS SOUTH,Summer,2005,54729.0,157009.0,2868.8446710153667
24 PARAGANAS SOUTH,Summer,2005,54729.0,15700900.0,286884.46710153663
24 PARAGANAS SOUTH,Winter,2005,339079.0,682030.0,2011.419167804553
24 PARAGANAS SOUTH,Winter,2005,339079.0,68203000.0,201141.9167804553
24 PARAGANAS SOUTH,Autumn,2006,8002.0,18174.0,2271.1822044488877
24 PARAGANAS SOUTH,Autumn,2006,8002.0,1817400.0,227118.22044488878
24 PARAGANAS SOUTH,Summer,2006,76956.0,229965.0,2988.2660221425226
24 PARAGANAS SOUTH,Summer,2006,76956.0,22996500.0,298826.60221425234
24 PARAGANAS SOUTH,Winter,2006,330060.0,662961.0,2008.607525904381
24 PARAGANAS SOUTH,Winter,2006,330060.0,66296100.0,200860.7525904381
24 PARAGANAS SOUTH,Autumn,2007,780.0,1793.0,2298.7179487179487
24 PARAGANAS SOUTH,Autumn,2007,780.0,179300.0,229871.79487179487
24 PARAGANAS SOUTH,Summer,2007,67424.0,225880.0,3350.142382534409
24 PARAGANAS SOUTH,Summer,2007,67424.0,22588000.0,335014.2382534409
24 PARAGANAS SOUTH,Winter,2007,324295.0,569092.0,1754.8590018347493
24 PARAGANAS SOUTH,Winter,2007,324295.0,56909200.0,175485.9001834749
24 PARAGANAS SOUTH,Autumn,2008,4374.0,9064.0,2072.2450845907633
24 PARAGANAS SOUTH,Autumn,2008,4374.0,906400.0,207224.50845907637
24 PARAGANAS SOUTH,Summer,2008,70032.0,189306.0,2703.135709389993
24 PARAGANAS SOUTH,Summer,2008,70032.0,18930600.0,270313.5709389993
24 PARAGANAS SOUTH,Winter,2008,341567.0,721518.0,2112.376195592665
24 PARAGANAS SOUTH,Winter,2008,341567.0,72151800.0,211237.61955926658
24 PARAGANAS SOUTH,Autumn,2009,3375.0,7686.0,2277.3333333333335
24 PARAGANAS SOUTH,Autumn,2009,3375.0,768600.0,227733.3333333333
24 PARAGANAS SOUTH,Summer,2009,66402.0,176732.0,2661.546338965694
24 PARAGANAS SOUTH,Summer,2009,66402.0,17673200.0,266154.63389656943
24 PARAGANAS SOUTH,Winter,2009,314183.0,620950.0,1976.3959221218208
24 PARAGANAS SOUTH,Winter,2009,314183.0,62095000.0,197639.59221218206
24 PARAGANAS SOUTH,Autumn,2010,5755.0,11330.0,1968.7228496959167
24 PARAGANAS SOUTH,Autumn,2010,5755.0,1133000.0,196872.28496959165
24 PARAGANAS SOUTH,Summer,2010,68304.0,216360.0,3167.6036542515812
24 PARAGANAS SOUTH,Summer,2010,68304.0,21636000.0,316760.3654251581
24 PARAGANAS SOUTH,Winter,2010,297915.0,628668.0,2110.226071194804
24 PARAGANAS SOUTH,Winter,2010,297915.0,62866800.0,211022.6071194804
24 PARAGANAS SOUTH,Autumn,2011,7396.0,17323.0,2342.2120064899946
24 PARAGANAS SOUTH,Autumn,2011,7396.0,1732300.0,234221.20064899945
24 PARAGANAS SOUTH,Summer,2011,67579.0,215172.0,3184.0068660382663
24 PARAGANAS SOUTH,Summer,2011,67579.0,21517200.0,318400.6866038266
24 PARAGANAS SOUTH,Winter,2011,313946.0,670597.0,2136.0265778191156
24 PARAGANAS SOUTH,Winter,2011,313946.0,67059700.0,213602.65778191155
24 PARAGANAS SOUTH,Autumn,2012,3887.0,8958.0,2304.6050939027527
24 PARAGANAS SOUTH,Autumn,2012,3887.0,895800.0,230460.50939027526
24 PARAGANAS SOUTH,Summer,2012,60283.0,181321.0,3007.829736409933
24 PARAGANAS SOUTH,Summer,2012,60283.0,18132100.0,300782.9736409933
24 PARAGANAS SOUTH,Winter,2012,314185.0,714056.0,2272.724668586979
24 PARAGANAS SOUTH,Winter,2012,314185.0,71405600.0,227272.4668586979
24 PARAGANAS SOUTH,Autumn,2013,4033.0,10921.0,2707.9097446069923
24 PARAGANAS SOUTH,Autumn,2013,4033.0,1092100.0,270790.9744606992
24 PARAGANAS SOUTH,Summer,2013,72967.0,231508.0,3172.776734688284
24 PARAGANAS SOUTH,Summer,2013,72967.0,23150800.0,317277.6734688284
24 PARAGANAS SOUTH,Winter,2013,316815.0,747982.0,2360.942505878825
24 PARAGANAS SOUTH,Winter,2013,316815.0,74798200.0,236094.25058788253
24 PARAGANAS SOUTH,Autumn,2014,5050.0,12760.0,2526.732673267327
24 PARAGANAS SOUTH,Autumn,2014,5050.0,1276000.0,252673.2673267327
24 PARAGANAS SOUTH,Summer,2014,63392.0,211431.0,3335.2946744068654
24 PARAGANAS SOUTH,Summer,2014,63392.0,21143100.0,333529.46744068654
24 PARAGANAS SOUTH,Winter,2014,325501.0,794541.0,2440.9786759487683
24 PARAGANAS SOUTH,Winter,2014,325501.0,79454100.0,244097.86759487682
24 PARAGANAS SOUTH,Autumn,2015,4034.0,660500.0,163733.26722855726
24 PARAGANAS SOUTH,Summer,2015,68388.0,22642600.0,331090.24975141836
24 PARAGANAS SOUTH,Winter,2015,319534.0,68977600.0,215869.3597551434
24 PARAGANAS SOUTH,Autumn,2016,4719.0,1217000.0,257893.6215299852
24 PARAGANAS SOUTH,Summer,2016,57608.0,20064100.0,348286.6962921817
24 PARAGANAS SOUTH,Winter,2016,295347.0,67560500.0,228749.57253671103
24 PARAGANAS SOUTH,Autumn,2017,4198.0,1094800.0,260790.85278704145
24 PARAGANAS SOUTH,Summer,2017,79312.0,28476900.0,359049.07201936655
24 PARAGANAS SOUTH,Winter,2017,296842.0,70504500.0,237515.24379973186
24 PARAGANAS SOUTH,Autumn,2018,4290.0,1206700.0,281282.05128205125
24 PARAGANAS SOUTH,Summer,2018,71380.0,25765200.0,360958.25161109556
24 PARAGANAS SOUTH,Winter,2018,328566.0,81412800.0,247782.18074907325
24 PARAGANAS SOUTH,Autumn,2019,5192.0,1561200.0,300693.374422188
24 PARAGANAS SOUTH,Summer,2019,84726.0,33316500.0,393226.4003965725
24 PARAGANAS SOUTH,Winter,2019,327620.0,66886800.0,204159.69721018252
Alipurduar,Autumn,2016,13078.0,2871900.0,219597.79782841416
Alipurduar,Summer,2016,3156.0,894000.0,283269.9619771863
Alipurduar,Winter,2016,63105.0,12526900.0,198508.8344822122
Alipurduar,Autumn,2017,12684.0,2837600.0,223714.9164301482
Alipurduar,Summer,2017,3312.0,1002700.0,302747.58454106277
Alipurduar,Winter,2017,63895.0,13944700.0,218243.99405274278
Alipurduar,Autumn,2018,11250.0,1941700.0,172595.55555555556
Alipurduar,Summer,2018,4071.0,1264700.0,310660.7713092606
Alipurduar,Winter,2018,62655.0,13339600.0,212905.5941265661
Alipurduar,Autumn,2019,12210.0,2403000.0,196805.8968058968
Alipurduar,Summer,2019,4575.0,1401600.0,306360.6557377049
Alipurduar,Winter,2019,64559.0,15572700.0,241216.56159482023
BARDHAMAN,Autumn,1997,34675.0,91590.0,2641.384282624369
BARDHAMAN,Summer,1997,201048.0,691690.0,3440.422187736262
BARDHAMAN,Winter,1997,417834.0,1146060.0,2742.859604531943
BARDHAMAN,Autumn,1998,34681.0,101480.0,2926.097863383409
BARDHAMAN,Summer,1998,249525.0,882289.0,3535.874160905721
BARDHAMAN,Winter,1998,416509.0,1161520.0,2788.7032453080246
BARDHAMAN,Autumn,1999,35163.0,84840.0,2412.7634160907774
BARDHAMAN,Summer,1999,228995.0,773640.0,3378.414375859735
BARDHAMAN,Winter,1999,414208.0,1000580.0,2415.6462453646477
BARDHAMAN,Autumn,2000,18791.0,34070.0,1813.102016922995
BARDHAMAN,Summer,2000,219769.0,839305.0,3819.0327116199283
BARDHAMAN,Winter,2000,344094.0,698020.0,2028.573587449941
BARDHAMAN,Autumn,2001,21097.0,55797.0,2644.7836185239607
BARDHAMAN,Summer,2001,218525.0,719603.0,3293.0008008237046
BARDHAMAN,Winter,2001,420467.0,1155222.0,2747.4736424023763
BARDHAMAN,Autumn,2002,26341.0,76201.0,2892.8666337648533
BARDHAMAN,Summer,2002,216157.0,650283.0,3008.3827958382103
BARDHAMAN,Winter,2002,404986.0,1204889.0,2975.137412157457
BARDHAMAN,Autumn,2003,18420.0,51773.0,2810.694896851249
BARDHAMAN,Summer,2003,215469.0,699200.0,3245.0143640152414
BARDHAMAN,Winter,2003,421645.0,1257087.0,2981.3871859028327
BARDHAMAN,Autumn,2004,17119.0,52128.0,3045.0376774344295
BARDHAMAN,Summer,2004,200398.0,609379.0,3040.84372099522
BARDHAMAN,Winter,2004,416657.0,1231421.0,2955.478967112037
BARDHAMAN,Autumn,2005,14641.0,44609.0,3046.8547230380436
BARDHAMAN,Summer,2005,207192.0,558393.0,2695.0509672188114
BARDHAMAN,Winter,2005,417180.0,1365492.0,3273.148281317417
BARDHAMAN,Autumn,2006,13530.0,43731.0,3232.150776053215
BARDHAMAN,Summer,2006,209769.0,721948.0,3441.6334158050045
BARDHAMAN,Winter,2006,419514.0,1201310.0,2863.575470663673
BARDHAMAN,Autumn,2007,17567.0,51880.0,2953.2646439346504
BARDHAMAN,Summer,2007,203741.0,679998.0,3337.560922936473
BARDHAMAN,Winter,2007,414468.0,1126762.0,2718.574172191822
BARDHAMAN,Autumn,2008,15358.0,44529.0,2899.4009636671444
BARDHAMAN,Summer,2008,233697.0,661427.0,2830.2759556177443
BARDHAMAN,Winter,2008,417486.0,1170211.0,2802.9945914354016
BARDHAMAN,Autumn,2009,12066.0,35141.0,2912.3984750538707
BARDHAMAN,Summer,2009,230750.0,744206.0,3225.1614301191767
BARDHAMAN,Winter,2009,429698.0,1271906.0,2959.999813822731
BARDHAMAN,Autumn,2010,9285.0,26478.0,2851.6962843295637
BARDHAMAN,Summer,2010,189443.0,585863.0,3092.555544411776
BARDHAMAN,Winter,2010,364128.0,1053602.0,2893.493496792337
BARDHAMAN,Autumn,2011,10169.0,30638.0,3012.88228931065
BARDHAMAN,Summer,2011,169333.0,476332.0,2812.989789349979
BARDHAMAN,Winter,2011,413299.0,1242347.0,3005.92791175396
BARDHAMAN,Autumn,2012,9293.0,28765.0,3095.3405789303774
BARDHAMAN,Summer,2012,163328.0,592495.0,3627.638861677116
BARDHAMAN,Winter,2012,420798.0,1301195.0,3092.208137871378
BARDHAMAN,Autumn,2013,9356.0,25163.0,2689.5040615647713
BARDHAMAN,Summer,2013,176219.0,668407.0,3793.0472877499024
BARDHAMAN,Winter,2013,418616.0,1323049.0,3160.531370038412
BARDHAMAN,Autumn,2014,13198.0,44362.0,3361.2668586149416
BARDHAMAN,Summer,2014,150267.0,490532.0,3264.402696533504
BARDHAMAN,Winter,2014,419814.0,1361138.0,3242.240611318346
Bankura,Autumn,1997,38211.0,88120.0,2306.142210358274
Bankura,Autumn,1997,38211.0,8812000.0,230614.22103582736
Bankura,Summer,1997,44617.0,135640.0,3040.0968240805073
Bankura,Summer,1997,44617.0,13564000.0,304009.68240805075
Bankura,Winter,1997,354447.0,973590.0,2746.7858382212294
Bankura,Winter,1997,354447.0,97359000.0,274678.5838221229
Bankura,Autumn,1998,34676.0,84680.0,2442.034836774714
Bankura,Autumn,1998,34676.0,8468000.0,244203.48367747143
Bankura,Summer,1998,56806.0,151825.0,2672.6930253846426
Bankura,Summer,1998,56806.0,15182500.0,267269.30253846425
Bankura,Winter,1998,294528.0,692470.0,2351.11772055628
Bankura,Winter,1998,294528.0,69247000.0,235111.77205562798
Bankura,Autumn,1999,33206.0,76320.0,2298.3798108775522
Bankura,Autumn,1999,33206.0,7632000.0,229837.98108775524
Bankura,Summer,1999,46486.0,126610.0,2723.615712257454
Bankura,Summer,1999,46486.0,12661000.0,272361.57122574537
Bankura,Winter,1999,332424.0,794130.0,2388.906938127211
Bankura,Winter,1999,332424.0,79413000.0,238890.69381272112
Bankura,Autumn,2000,22835.0,50450.0,2209.3277862929713
Bankura,Autumn,2000,22835.0,5045000.0,220932.77862929713
Bankura,Summer,2000,39297.0,130899.0,3331.0176349339645
Bankura,Summer,2000,39297.0,13089900.0,333101.76349339646
Bankura,Winter,2000,333437.0,812060.0,2435.4225835765073
Bankura,Winter,2000,333437.0,81206000.0,243542.25835765077
Bankura,Autumn,2001,27144.0,69067.0,2544.4665487768934
Bankura,Autumn,2001,27144.0,6906700.0,254446.65487768935
Bankura,Summer,2001,57043.0,140037.0,2454.937503286994
Bankura,Summer,2001,57043.0,14003700.0,245493.75032869942
Bankura,Winter,2001,352283.0,1013371.0,2876.582179668051
Bankura,Winter,2001,352283.0,101337100.0,287658.21796680515
Bankura,Autumn,2002,21786.0,59915.0,2750.160653630772
Bankura,Autumn,2002,21786.0,5991500.0,275016.0653630772
Bankura,Summer,2002,37953.0,113138.0,2981.0028192764735
Bankura,Summer,2002,37953.0,11313800.0,298100.28192764736
Bankura,Winter,2002,260685.0,756459.0,2901.8125323666495
Bankura,Winter,2002,260685.0,75645900.0,290181.2532366649
Bankura,Autumn,2003,20292.0,54153.0,2668.687167356594
Bankura,Autumn,2003,20292.0,5415300.0,266868.71673565934
Bankura,Summer,2003,35247.0,105837.0,3002.723636054132
Bankura,Summer,2003,35247.0,10583700.0,300272.3636054132
Bankura,Winter,2003,264939.0,706993.0,2668.512374546594
Bankura,Winter,2003,264939.0,70699300.0,266851.23745465936
Bankura,Autumn,2004,19366.0,53030.0,2738.304244552308
Bankura,Autumn,2004,19366.0,5303000.0,273830.4244552308
Bankura,Summer,2004,39644.0,102938.0,2596.5593784683683
Bankura,Summer,2004,39644.0,10293800.0,259655.9378468368
Bankura,Winter,2004,287815.0,802518.0,2788.3119364869794
Bankura,Winter,2004,287815.0,80251800.0,278831.1936486979
Bankura,Autumn,2005,15721.0,39188.0,2492.7167482984546
Bankura,Autumn,2005,15721.0,3918800.0,249271.67482984543
Bankura,Summer,2005,55091.0,127113.0,2307.3278756965747
Bankura,Summer,2005,55091.0,12711300.0,230732.7875696575
Bankura,Winter,2005,316127.0,847144.0,2679.758451508413
Bankura,Winter,2005,316127.0,84714400.0,267975.8451508413
Bankura,Autumn,2006,20337.0,53240.0,2617.888577469637
Bankura,Autumn,2006,20337.0,5324000.0,261788.85774696368
Bankura,Summer,2006,50430.0,139200.0,2760.261748958953
Bankura,Summer,2006,50430.0,13920000.0,276026.1748958953
Bankura,Winter,2006,336129.0,945567.0,2813.107467668663
Bankura,Winter,2006,336129.0,94556700.0,281310.7467668663
Bankura,Autumn,2007,20445.0,55077.0,2693.9104915627295
Bankura,Autumn,2007,20445.0,5507700.0,269391.0491562729
Bankura,Summer,2007,67600.0,192173.0,2842.7958579881656
Bankura,Summer,2007,67600.0,19217300.0,284279.5857988166
Bankura,Winter,2007,328783.0,926283.0,2817.3080724976658
Bankura,Winter,2007,328783.0,92628300.0,281730.80724976654
Bankura,Autumn,2008,20880.0,55169.0,2642.1934865900384
Bankura,Autumn,2008,20880.0,5516900.0,264219.34865900385
Bankura,Summer,2008,46705.0,128304.0,2747.114869928273
Bankura,Summer,2008,46705.0,12830400.0,274711.4869928273
Bankura,Winter,2008,303565.0,842313.0,2774.7368767809203
Bankura,Winter,2008,303565.0,84231300.0,277473.687678092
Bankura,Autumn,2009,13467.0,40636.0,3017.4500631172496
Bankura,Autumn,2009,13467.0,4063600.0,301745.00631172495
Bankura,Summer,2009,45623.0,119400.0,2617.1010236065144
Bankura,Summer,2009,45623.0,11940000.0,261710.10236065142
Bankura,Winter,2009,318205.0,844882.0,2655.149981929888
Bankura,Winter,2009,318205.0,84488200.0,265514.9981929888
Bankura,Autumn,2010,12991.0,29828.0,2296.0511123085216
Bankura,Autumn,2010,12991.0,2982800.0,229605.1112308521
Bankura,Summer,2010,37048.0,110442.0,2981.051608723818
Bankura,Summer,2010,37048.0,11044200.0,298105.16087238176
Bankura,Winter,2010,147983.0,367221.0,2481.508011055324
Bankura,Winter,2010,147983.0,36722100.0,248150.8011055324
Bankura,Autumn,2011,16517.0,45377.0,2747.290670218563
Bankura,Autumn,2011,16517.0,4537700.0,274729.06702185626
Bankura,Summer,2011,42505.0,104441.0,2457.1462180919893
Bankura,Summer,2011,42505.0,10444100.0,245714.62180919893
Bankura,Winter,2011,317968.0,969693.0,3049.6559402203993
Bankura,Winter,2011,317968.0,96969300.0,304965.59402203996
Bankura,Autumn,2012,19012.0,55954.0,2943.08857563644
Bankura,Autumn,2012,19012.0,5595400.0,294308.85756364407
Bankura,Summer,2012,34831.0,113038.0,3245.327438201602
Bankura,Summer,2012,34831.0,11303800.0,324532.7438201602
Bankura,Winter,2012,322444.0,864752.0,2681.8672389624244
Bankura,Winter,2012,322444.0,86475200.0,268186.72389624245
Bankura,Autumn,2013,19717.0,50308.0,2551.5037784652836
Bankura,Autumn,2013,19717.0,5030800.0,255150.3778465284
Bankura,Summer,2013,40009.0,120562.0,3013.371991301957
Bankura,Summer,2013,40009.0,12056200.0,301337.1991301957
Bankura,Winter,2013,317884.0,874486.0,2750.959469492016
Bankura,Winter,2013,317884.0,87448600.0,275095.94694920164
Bankura,Autumn,2014,21698.0,68762.0,3169.047838510462
Bankura,Autumn,2014,21698.0,6876200.0,316904.78385104623
Bankura,Summer,2014,40185.0,120678.0,3003.0608435983577
Bankura,Summer,2014,40185.0,12067800.0,300306.0843598358
Bankura,Winter,2014,294204.0,794716.0,2701.2413155497547
Bankura,Winter,2014,294204.0,79471600.0,270124.13155497547
Bankura,Autumn,2015,19164.0,5681900.0,296488.2070548946
Bankura,Summer,2015,40379.0,12458700.0,308544.0451719953
Bankura,Winter,2015,301070.0,80923700.0,268786.9930580928
Bankura,Autumn,2016,21971.0,5920800.0,269482.49965864094
Bankura,Summer,2016,44667.0,14535400.0,325416.9745001903
Bankura,Winter,2016,309989.0,85367700.0,275389.44930303976
Bankura,Autumn,2017,21109.0,5519600.0,261480.88493059835
Bankura,Summer,2017,49343.0,16812800.0,340733.2347040107
Bankura,Winter,2017,314162.0,85816100.0,273158.75249075313
Bankura,Autumn,2018,24554.0,6855100.0,279184.6542314898
Bankura,Summer,2018,43147.0,12538600.0,290601.8958444388
Bankura,Winter,2018,316502.0,72799900.0,230014.0283473722
Bankura,Autumn,2019,21699.0,5399100.0,248817.91787639982
Bankura,Summer,2019,52507.0,15164100.0,288801.49313424877
Bankura,Winter,2019,312379.0,79170400.0,253443.41328962575
Birbhum,Autumn,1997,8342.0,20290.0,2432.2704387437066
Birbhum,Autumn,1997,8342.0,2029000.0,243227.04387437066
Birbhum,Summer,1997,50150.0,158930.0,3169.092721834497
Birbhum,Summer,1997,50150.0,15893000.0,316909.27218344965
Birbhum,Winter,1997,309991.0,840840.0,2712.4658457826195
Birbhum,Winter,1997,309991.0,84084000.0,271246.58457826194
Birbhum,Autumn,1998,8863.0,25360.0,2861.3336342096354
Birbhum,Autumn,1998,8863.0,2536000.0,286133.3634209636
Birbhum,Summer,1998,77540.0,272109.0,3509.2726334794943
Birbhum,Summer,1998,77540.0,27210900.0,350927.2633479495
Birbhum,Winter,1998,312904.0,890320.0,2845.3455372893923
Birbhum,Winter,1998,312904.0,89032000.0,284534.5537289392
Birbhum,Autumn,1999,9372.0,20880.0,2227.9129321382843
Birbhum,Autumn,1999,9372.0,2088000.0,222791.29321382844
Birbhum,Summer,1999,77587.0,238310.0,3071.519713354041
Birbhum,Summer,1999,77587.0,23831000.0,307151.97133540415
Birbhum,Winter,1999,307150.0,783310.0,2550.252319713495
Birbhum,Winter,1999,307150.0,78331000.0,255025.2319713495
Birbhum,Autumn,2000,5009.0,10440.0,2084.248352964664
Birbhum,Autumn,2000,5009.0,1044000.0,208424.83529646636
Birbhum,Summer,2000,51428.0,176926.0,3440.2660029555886
Birbhum,Summer,2000,51428.0,17692600.0,344026.60029555886
Birbhum,Winter,2000,261748.0,609130.0,2327.162003148066
Birbhum,Winter,2000,261748.0,60913000.0,232716.2003148066
Birbhum,Autumn,2001,6476.0,15614.0,2411.0562075355156
Birbhum,Autumn,2001,6476.0,1561400.0,241105.62075355157
Birbhum,Summer,2001,79669.0,229871.0,2885.3255343985743
Birbhum,Summer,2001,79669.0,22987100.0,288532.5534398574
Birbhum,Winter,2001,307985.0,911950.0,2961.020828936474
Birbhum,Winter,2001,307985.0,91195000.0,296102.0828936474
Birbhum,Autumn,2002,6305.0,16769.0,2659.635210150674
Birbhum,Autumn,2002,6305.0,1676900.0,265963.5210150674
Birbhum,Summer,2002,79468.0,227690.0,2865.1784366034126
Birbhum,Summer,2002,79468.0,22769000.0,286517.8436603413
Birbhum,Winter,2002,315681.0,902095.0,2857.6157576794294
Birbhum,Winter,2002,315681.0,90209500.0,285761.57576794294
Birbhum,Autumn,2003,5091.0,12214.0,2399.135729719112
Birbhum,Autumn,2003,5091.0,1221400.0,239913.5729719112
Birbhum,Summer,2003,70571.0,220062.0,3118.306386476031
Birbhum,Summer,2003,70571.0,22006200.0,311830.6386476031
Birbhum,Winter,2003,300623.0,878083.0,2920.877644092435
Birbhum,Winter,2003,300623.0,87808300.0,292087.7644092434
Birbhum,Autumn,2004,5149.0,13174.0,2558.555059234803
Birbhum,Autumn,2004,5149.0,1317400.0,255855.5059234803
Birbhum,Summer,2004,74007.0,219514.0,2966.12482602997
Birbhum,Summer,2004,74007.0,21951400.0,296612.48260299704
Birbhum,Winter,2004,308737.0,855316.0,2770.3708982078597
Birbhum,Winter,2004,308737.0,85531600.0,277037.089820786
Birbhum,Autumn,2005,5233.0,12986.0,2481.55933498949
Birbhum,Autumn,2005,5233.0,1298600.0,248155.93349894896
Birbhum,Summer,2005,48836.0,154942.0,3172.7004668687036
Birbhum,Summer,2005,48836.0,15494200.0,317270.04668687034
Birbhum,Winter,2005,314476.0,948410.0,3015.8422264338137
Birbhum,Winter,2005,314476.0,94841000.0,301584.2226433814
Birbhum,Autumn,2006,6086.0,15768.0,2590.8642786723626
Birbhum,Autumn,2006,6086.0,1576800.0,259086.42786723629
Birbhum,Summer,2006,64521.0,223353.0,3461.710140884363
Birbhum,Summer,2006,64521.0,22335300.0,346171.0140884363
Birbhum,Winter,2006,312799.0,960320.0,3070.0865411973823
Birbhum,Winter,2006,312799.0,96032000.0,307008.65411973826
Birbhum,Autumn,2007,4788.0,12599.0,2631.3700918964078
Birbhum,Autumn,2007,4788.0,1259900.0,263137.00918964075
Birbhum,Summer,2007,74238.0,249379.0,3359.1826288423717
Birbhum,Summer,2007,74238.0,24937900.0,335918.2628842372
Birbhum,Winter,2007,314944.0,958708.0,3044.0586262954685
Birbhum,Winter,2007,314944.0,95870800.0,304405.86262954684
Birbhum,Autumn,2008,4578.0,12512.0,2733.07121013543
Birbhum,Autumn,2008,4578.0,1251200.0,273307.12101354304
Birbhum,Summer,2008,81387.0,268153.0,3294.789094081364
Birbhum,Summer,2008,81387.0,26815300.0,329478.90940813645
Birbhum,Winter,2008,307871.0,931728.0,3026.358442334614
Birbhum,Winter,2008,307871.0,93172800.0,302635.8442334614
Birbhum,Autumn,2009,1840.0,5464.0,2969.5652173913045
Birbhum,Autumn,2009,1840.0,546400.0,296956.52173913043
Birbhum,Summer,2009,54678.0,149905.0,2741.596254435056
Birbhum,Summer,2009,54678.0,14990500.0,274159.6254435056
Birbhum,Winter,2009,301071.0,805180.0,2674.3857761126114
Birbhum,Winter,2009,301071.0,80518000.0,267438.5776112611
Birbhum,Autumn,2010,2619.0,7105.0,2712.8675066819396
Birbhum,Autumn,2010,2619.0,710500.0,271286.75066819397
Birbhum,Summer,2010,59448.0,201392.0,3387.7001749428073
Birbhum,Summer,2010,59448.0,20139200.0,338770.0174942807
Birbhum,Winter,2010,186962.0,539456.0,2885.3777773023394
Birbhum,Winter,2010,186962.0,53945600.0,288537.7777302339
Birbhum,Autumn,2011,2554.0,5902.0,2310.8848864526235
Birbhum,Autumn,2011,2554.0,590200.0,231088.48864526235
Birbhum,Summer,2011,57912.0,180053.0,3109.079292719989
Birbhum,Summer,2011,57912.0,18005300.0,310907.92927199893
Birbhum,Winter,2011,326412.0,940842.0,2882.3756479541194
Birbhum,Winter,2011,326412.0,94084200.0,288237.5647954119
Birbhum,Autumn,2012,2477.0,6209.0,2506.6612838110614
Birbhum,Autumn,2012,2477.0,620900.0,250666.1283811062
Birbhum,Summer,2012,57118.0,201202.0,3522.5673167828004
Birbhum,Summer,2012,57118.0,20120200.0,352256.73167828005
Birbhum,Winter,2012,312496.0,876823.0,2805.869515129794
Birbhum,Winter,2012,312496.0,87682300.0,280586.95151297934
Birbhum,Autumn,2013,2763.0,6327.0,2289.902280130293
Birbhum,Autumn,2013,2763.0,632700.0,228990.22801302932
Birbhum,Summer,2013,59586.0,203027.0,3407.2936595844662
Birbhum,Summer,2013,59586.0,20302700.0,340729.36595844664
Birbhum,Winter,2013,322256.0,1064745.0,3304.034680502458
Birbhum,Winter,2013,322256.0,106474500.0,330403.4680502458
Birbhum,Autumn,2014,2585.0,6721.0,2600.0
Birbhum,Autumn,2014,2585.0,672100.0,260000.0
Birbhum,Summer,2014,66581.0,225789.0,3391.1926825971373
Birbhum,Summer,2014,66581.0,22578900.0,339119.2682597138
Birbhum,Winter,2014,315561.0,1029374.0,3262.0444224729927
Birbhum,Winter,2014,315561.0,102937400.0,326204.44224729924
Birbhum,Autumn,2015,2432.0,790800.0,325164.4736842105
Birbhum,Summer,2015,73066.0,25311400.0,346418.3067363753
Birbhum,Winter,2015,324014.0,107964500.0,333209.3674964662
Birbhum,Autumn,2016,6224.0,1820400.0,292480.71979434445
Birbhum,Summer,2016,66976.0,22961500.0,342831.76063067367
Birbhum,Winter,2016,328427.0,106120400.0,323117.1615001203
Birbhum,Autumn,2017,5915.0,1703300.0,287962.8064243449
Birbhum,Summer,2017,88290.0,29918200.0,338862.8383735418
Birbhum,Winter,2017,329608.0,105989100.0,321561.06647896895
Birbhum,Autumn,2018,5533.0,1730100.0,312687.5112958612
Birbhum,Summer,2018,63867.0,22253800.0,348439.7263062301
Birbhum,Winter,2018,318965.0,95782200.0,300290.62749831483
Birbhum,Autumn,2019,4537.0,1338500.0,295018.73484681506
Birbhum,Summer,2019,77286.0,29518300.0,381935.926299718
Birbhum,Winter,2019,305350.0,102544200.0,335825.1187162273
COOCHBEHAR,Autumn,1997,34950.0,53050.0,1517.8826895565094
COOCHBEHAR,Autumn,1997,34950.0,5305000.0,151788.2689556509
COOCHBEHAR,Summer,1997,16269.0,38900.0,2391.050464072777
COOCHBEHAR,Summer,1997,16269.0,3890000.0,239105.04640727767
COOCHBEHAR,Winter,1997,222464.0,277140.0,1245.774597238205
COOCHBEHAR,Winter,1997,222464.0,27714000.0,124577.45972382049
COOCHBEHAR,Autumn,1998,32968.0,43650.0,1324.0111623392381
COOCHBEHAR,Autumn,1998,32968.0,4365000.0,132401.1162339238
COOCHBEHAR,Summer,1998,27046.0,83091.0,3072.2103083635284
COOCHBEHAR,Summer,1998,27046.0,8309100.0,307221.0308363529
COOCHBEHAR,Winter,1998,222381.0,242130.0,1088.807047364658
COOCHBEHAR,Winter,1998,222381.0,24213000.0,108880.7047364658
COOCHBEHAR,Autumn,1999,33848.0,53380.0,1577.0503427085796
COOCHBEHAR,Autumn,1999,33848.0,5338000.0,157705.03427085796
COOCHBEHAR,Summer,1999,29461.0,80980.0,2748.7186449882897
COOCHBEHAR,Summer,1999,29461.0,8098000.0,274871.864498829
COOCHBEHAR,Winter,1999,228943.0,305410.0,1334.0001659801785
COOCHBEHAR,Winter,1999,228943.0,30541000.0,133400.01659801786
COOCHBEHAR,Autumn,2000,30475.0,48730.0,1599.0155865463496
COOCHBEHAR,Autumn,2000,30475.0,4873000.0,159901.55865463495
COOCHBEHAR,Summer,2000,28442.0,73683.0,2590.640601926728
COOCHBEHAR,Summer,2000,28442.0,7368300.0,259064.0601926728
COOCHBEHAR,Winter,2000,232980.0,394870.0,1694.8665121469655
COOCHBEHAR,Winter,2000,232980.0,39487000.0,169486.65121469653
COOCHBEHAR,Autumn,2001,28554.0,44807.0,1569.2022133501434
COOCHBEHAR,Autumn,2001,28554.0,4480700.0,156920.22133501436
COOCHBEHAR,Summer,2001,28214.0,69654.0,2468.7743673353657
COOCHBEHAR,Summer,2001,28214.0,6965400.0,246877.43673353654
COOCHBEHAR,Winter,2001,222425.0,352220.0,1583.545015173654
COOCHBEHAR,Winter,2001,222425.0,35222000.0,158354.5015173654
COOCHBEHAR,Autumn,2002,22774.0,35727.0,1568.7626240449636
COOCHBEHAR,Autumn,2002,22774.0,3572700.0,156876.26240449634
COOCHBEHAR,Summer,2002,27747.0,64491.0,2324.2512704076116
COOCHBEHAR,Summer,2002,27747.0,6449100.0,232425.12704076117
COOCHBEHAR,Winter,2002,222609.0,357423.0,1605.6089376440307
COOCHBEHAR,Winter,2002,222609.0,35742300.0,160560.89376440307
COOCHBEHAR,Autumn,2003,17369.0,30968.0,1782.946629051759
COOCHBEHAR,Autumn,2003,17369.0,3096800.0,178294.6629051759
COOCHBEHAR,Summer,2003,35750.0,90233.0,2524.0
COOCHBEHAR,Summer,2003,35750.0,9023300.0,252400.0
COOCHBEHAR,Winter,2003,223111.0,394216.0,1766.9052624030192
COOCHBEHAR,Winter,2003,223111.0,39421600.0,176690.52624030193
COOCHBEHAR,Autumn,2004,14031.0,18116.0,1291.1410448293066
COOCHBEHAR,Autumn,2004,14031.0,1811600.0,129114.10448293066
COOCHBEHAR,Summer,2004,38783.0,88965.0,2293.9174380527547
COOCHBEHAR,Summer,2004,38783.0,8896500.0,229391.7438052755
COOCHBEHAR,Winter,2004,216497.0,366064.0,1690.8502196335285
COOCHBEHAR,Winter,2004,216497.0,36606400.0,169085.02196335283
COOCHBEHAR,Autumn,2005,12032.0,17728.0,1473.404255319149
COOCHBEHAR,Autumn,2005,12032.0,1772800.0,147340.4255319149
COOCHBEHAR,Summer,2005,33222.0,78806.0,2372.102823430257
COOCHBEHAR,Summer,2005,33222.0,7880600.0,237210.2823430257
COOCHBEHAR,Winter,2005,235239.0,449044.0,1908.8841561135696
COOCHBEHAR,Winter,2005,235239.0,44904400.0,190888.41561135693
COOCHBEHAR,Autumn,2006,12407.0,10987.0,885.548480696381
COOCHBEHAR,Autumn,2006,12407.0,1098700.0,88554.84806963812
COOCHBEHAR,Summer,2006,30049.0,83386.0,2775.0008319744416
COOCHBEHAR,Summer,2006,30049.0,8338600.0,277500.08319744415
COOCHBEHAR,Winter,2006,196996.0,351419.0,1783.8890129748827
COOCHBEHAR,Winter,2006,196996.0,35141900.0,178388.90129748828
COOCHBEHAR,Autumn,2007,12303.0,16627.0,1351.4589937413639
COOCHBEHAR,Autumn,2007,12303.0,1662700.0,135145.89937413638
COOCHBEHAR,Summer,2007,50357.0,147655.0,2932.1643465655225
COOCHBEHAR,Summer,2007,50357.0,14765500.0,293216.4346565522
COOCHBEHAR,Winter,2007,230836.0,354548.0,1535.9302708416365
COOCHBEHAR,Winter,2007,230836.0,35454800.0,153593.02708416365
COOCHBEHAR,Autumn,2008,12953.0,21467.0,1657.2994673048715
COOCHBEHAR,Autumn,2008,12953.0,2146700.0,165729.94673048714
COOCHBEHAR,Summer,2008,67270.0,114835.0,1707.075962539022
COOCHBEHAR,Summer,2008,67270.0,11483500.0,170707.5962539022
COOCHBEHAR,Winter,2008,229612.0,364084.0,1585.6488336846505
COOCHBEHAR,Winter,2008,229612.0,36408400.0,158564.8833684651
COOCHBEHAR,Autumn,2009,4090.0,5885.0,1438.875305623472
COOCHBEHAR,Autumn,2009,4090.0,588500.0,143887.5305623472
COOCHBEHAR,Summer,2009,51428.0,144105.0,2802.0728008088977
COOCHBEHAR,Summer,2009,51428.0,14410500.0,280207.2800808898
COOCHBEHAR,Winter,2009,218509.0,411030.0,1881.0666837521567
COOCHBEHAR,Winter,2009,218509.0,41103000.0,188106.66837521567
COOCHBEHAR,Autumn,2010,1733.0,2756.0,1590.3058280438547
COOCHBEHAR,Autumn,2010,1733.0,275600.0,159030.58280438546
COOCHBEHAR,Summer,2010,51338.0,148435.0,2891.328061085356
COOCHBEHAR,Summer,2010,51338.0,14843500.0,289132.8061085356
COOCHBEHAR,Winter,2010,222220.0,505675.0,2275.560255602556
COOCHBEHAR,Winter,2010,222220.0,50567500.0,227556.0255602556
COOCHBEHAR,Autumn,2011,4218.0,6923.0,1641.2991939307728
COOCHBEHAR,Autumn,2011,4218.0,692300.0,164129.9193930773
COOCHBEHAR,Summer,2011,49330.0,141713.0,2872.7549158726943
COOCHBEHAR,Summer,2011,49330.0,14171300.0,287275.4915872694
COOCHBEHAR,Winter,2011,219727.0,452052.0,2057.334783617853
COOCHBEHAR,Winter,2011,219727.0,45205200.0,205733.4783617853
COOCHBEHAR,Autumn,2012,4214.0,6367.0,1510.9159943046986
COOCHBEHAR,Autumn,2012,4214.0,636700.0,151091.59943046988
COOCHBEHAR,Summer,2012,53869.0,176821.0,3282.425885017357
COOCHBEHAR,Summer,2012,53869.0,17682100.0,328242.58850173565
COOCHBEHAR,Winter,2012,219730.0,487072.0,2216.684112319665
COOCHBEHAR,Winter,2012,219730.0,48707200.0,221668.41123196651
COOCHBEHAR,Autumn,2013,4170.0,7106.0,1704.0767386091127
COOCHBEHAR,Autumn,2013,4170.0,710600.0,170407.67386091128
COOCHBEHAR,Summer,2013,56109.0,180652.0,3219.6617298472615
COOCHBEHAR,Summer,2013,56109.0,18065200.0,321966.17298472614
COOCHBEHAR,Winter,2013,212855.0,540216.0,2537.9530666416103
COOCHBEHAR,Winter,2013,212855.0,54021600.0,253795.30666416103
COOCHBEHAR,Autumn,2014,4050.0,7113.0,1756.2962962962963
COOCHBEHAR,Autumn,2014,4050.0,711300.0,175629.6296296296
COOCHBEHAR,Summer,2014,56294.0,197210.0,3503.2152627278215
COOCHBEHAR,Summer,2014,56294.0,19721000.0,350321.5262727822
COOCHBEHAR,Winter,2014,217046.0,515777.0,2376.348792421883
COOCHBEHAR,Winter,2014,217046.0,51577700.0,237634.8792421883
COOCHBEHAR,Autumn,2015,4084.0,727100.0,178036.2389813908
COOCHBEHAR,Summer,2015,55632.0,18963200.0,340868.56485475984
COOCHBEHAR,Winter,2015,210429.0,52532900.0,249646.67417513745
COOCHBEHAR,Autumn,2016,4529.0,820900.0,181254.13998675204
COOCHBEHAR,Summer,2016,55394.0,19092400.0,344665.4872368849
COOCHBEHAR,Winter,2016,210831.0,50657200.0,240273.9635063155
COOCHBEHAR,Autumn,2017,4591.0,819700.0,178544.97930734043
COOCHBEHAR,Summer,2017,54927.0,20927300.0,381002.0572760209
COOCHBEHAR,Winter,2017,213535.0,52773300.0,247141.21806729576
COOCHBEHAR,Autumn,2018,6779.0,1443100.0,212878.00560554655
COOCHBEHAR,Summer,2018,50449.0,19194600.0,380475.3315229241
COOCHBEHAR,Winter,2018,230368.0,63157800.0,274160.47367689956
COOCHBEHAR,Autumn,2019,5161.0,940200.0,182173.99728734742
COOCHBEHAR,Summer,2019,43100.0,16267200.0,377429.2343387471
COOCHBEHAR,Winter,2019,226607.0,66327900.0,292700.1372420093
DINAJPUR DAKSHIN,Autumn,1997,4783.0,489000.0,102237.08969266151
DINAJPUR DAKSHIN,Summer,1997,17674.0,4762000.0,269435.3287314699
DINAJPUR DAKSHIN,Winter,1997,174850.0,35707000.0,204215.0414641121
DINAJPUR DAKSHIN,Autumn,1998,5095.0,1128000.0,221393.5230618253
DINAJPUR DAKSHIN,Summer,1998,36514.0,12673100.0,347075.0944843074
DINAJPUR DAKSHIN,Winter,1998,169845.0,32547000.0,191627.66051399804
DINAJPUR DAKSHIN,Autumn,1999,9134.0,1571000.0,171994.74490913074
DINAJPUR DAKSHIN,Summer,1999,36292.0,9972000.0,274771.2994599361
DINAJPUR DAKSHIN,Winter,1999,171991.0,30793000.0,179038.43805780532
DINAJPUR DAKSHIN,Autumn,2000,7353.0,1313000.0,178566.57146742824
DINAJPUR DAKSHIN,Summer,2000,37395.0,11621100.0,310766.1452065784
DINAJPUR DAKSHIN,Winter,2000,165989.0,33801000.0,203633.9757453807
DINAJPUR DAKSHIN,Autumn,2001,8958.0,1495200.0,166912.25720026792
DINAJPUR DAKSHIN,Summer,2001,37634.0,10088200.0,268060.79608864326
DINAJPUR DAKSHIN,Winter,2001,164688.0,30954400.0,187957.83542213155
DINAJPUR DAKSHIN,Autumn,2002,8600.0,1212900.0,141034.88372093023
DINAJPUR DAKSHIN,Summer,2002,36812.0,9646300.0,262042.268825383
DINAJPUR DAKSHIN,Winter,2002,163102.0,35336100.0,216650.3169795588
DINAJPUR DAKSHIN,Autumn,2003,9267.0,1705500.0,184040.1424409194
DINAJPUR DAKSHIN,Summer,2003,37855.0,11058200.0,292119.931316867
DINAJPUR DAKSHIN,Winter,2003,165217.0,39195700.0,237237.69345769504
DINAJPUR DAKSHIN,Autumn,2004,9097.0,1686800.0,185423.76607672859
DINAJPUR DAKSHIN,Summer,2004,40173.0,11890500.0,295982.37622283626
DINAJPUR DAKSHIN,Winter,2004,167135.0,41475700.0,248156.8791695336
DINAJPUR DAKSHIN,Autumn,2005,10972.0,1969300.0,179484.1414509661
DINAJPUR DAKSHIN,Summer,2005,41368.0,11336100.0,274030.65171146777
DINAJPUR DAKSHIN,Winter,2005,159343.0,38628000.0,242420.4389273454
DINAJPUR DAKSHIN,Autumn,2006,10404.0,1818500.0,174788.54286812764
DINAJPUR DAKSHIN,Summer,2006,42300.0,13378700.0,316281.3238770685
DINAJPUR DAKSHIN,Winter,2006,132407.0,29443100.0,222368.15274116927
DINAJPUR DAKSHIN,Autumn,2007,7296.0,1464100.0,200671.60087719298
DINAJPUR DAKSHIN,Summer,2007,42674.0,12251200.0,287088.1567230632
DINAJPUR DAKSHIN,Winter,2007,147939.0,35485700.0,239867.10738885624
DINAJPUR DAKSHIN,Autumn,2008,7328.0,1528800.0,208624.45414847162
DINAJPUR DAKSHIN,Summer,2008,43306.0,13764400.0,317840.48399759847
DINAJPUR DAKSHIN,Winter,2008,154650.0,34865700.0,225449.0785645005
DINAJPUR DAKSHIN,Autumn,2009,5170.0,870500.0,168375.2417794971
DINAJPUR DAKSHIN,Summer,2009,35276.0,9445100.0,267748.61095362285
DINAJPUR DAKSHIN,Winter,2009,149940.0,36059900.0,240495.5315459517
DINAJPUR DAKSHIN,Autumn,2010,3571.0,772900.0,216437.9725567068
DINAJPUR DAKSHIN,Summer,2010,34597.0,10525400.0,304228.6903488742
DINAJPUR DAKSHIN,Winter,2010,151578.0,44771300.0,295368.0613281611
DINAJPUR DAKSHIN,Autumn,2011,2110.0,445700.0,211232.22748815166
DINAJPUR DAKSHIN,Summer,2011,30807.0,9083200.0,294842.0813451488
DINAJPUR DAKSHIN,Winter,2011,149572.0,37418100.0,250167.81215735566
DINAJPUR DAKSHIN,Autumn,2012,936.0,166700.0,178098.2905982906
DINAJPUR DAKSHIN,Summer,2012,21908.0,6872200.0,313684.4988132189
DINAJPUR DAKSHIN,Winter,2012,158532.0,44033400.0,277757.1720535917
DINAJPUR DAKSHIN,Autumn,2013,891.0,164600.0,184736.25140291807
DINAJPUR DAKSHIN,Summer,2013,21560.0,7015700.0,325403.52504638216
DINAJPUR DAKSHIN,Winter,2013,157471.0,44290400.0,281260.67656901904
DINAJPUR DAKSHIN,Autumn,2014,884.0,172600.0,195248.86877828056
DINAJPUR DAKSHIN,Summer,2014,16722.0,5615200.0,335797.1534505442
DINAJPUR DAKSHIN,Winter,2014,163582.0,46288400.0,282967.56366837426
DINAJPUR DAKSHIN,Autumn,2015,985.0,176200.0,178883.24873096446
DINAJPUR DAKSHIN,Summer,2015,17913.0,6050300.0,337760.2858259365
DINAJPUR DAKSHIN,Winter,2015,168319.0,49771300.0,295696.2672069107
DINAJPUR DAKSHIN,Autumn,2016,902.0,226600.0,251219.51219512196
DINAJPUR DAKSHIN,Summer,2016,18268.0,6218900.0,340425.8813225312
DINAJPUR DAKSHIN,Winter,2016,161835.0,47319800.0,292395.340933667
DINAJPUR DAKSHIN,Autumn,2017,954.0,242800.0,254507.33752620546
DINAJPUR DAKSHIN,Summer,2017,24420.0,8050500.0,329668.3046683046
DINAJPUR DAKSHIN,Winter,2017,163467.0,47521600.0,290710.6633143081
DINAJPUR DAKSHIN,Autumn,2018,618.0,175700.0,284304.20711974107
DINAJPUR DAKSHIN,Summer,2018,27436.0,9291600.0,338664.52835690335
DINAJPUR DAKSHIN,Winter,2018,158208.0,48243900.0,304939.6996359223
DINAJPUR DAKSHIN,Autumn,2019,706.0,188800.0,267422.0963172805
DINAJPUR DAKSHIN,Summer,2019,17701.0,5777700.0,326405.2878368454
DINAJPUR DAKSHIN,Winter,2019,159088.0,49578100.0,311639.4699788796
DINAJPUR UTTAR,Autumn,1997,14091.0,2553000.0,181179.4762614435
DINAJPUR UTTAR,Summer,1997,64451.0,17104000.0,265379.90101006965
DINAJPUR UTTAR,Winter,1997,183150.0,31323000.0,171023.75102375104
DINAJPUR UTTAR,Autumn,1998,8155.0,375000.0,45984.058859595345
DINAJPUR UTTAR,Summer,1998,86623.0,33846200.0,390729.94470290805
DINAJPUR UTTAR,Winter,1998,174837.0,23758000.0,135886.56863249769
DINAJPUR UTTAR,Autumn,1999,1004.0,91000.0,90637.45019920319
DINAJPUR UTTAR,Summer,1999,93249.0,27348000.0,293279.2844963485
DINAJPUR UTTAR,Winter,1999,190171.0,29310000.0,154124.44589343274
DINAJPUR UTTAR,Autumn,2000,844.0,61000.0,72274.88151658769
DINAJPUR UTTAR,Summer,2000,92386.0,29048700.0,314427.5106617886
DINAJPUR UTTAR,Winter,2000,189979.0,33751000.0,177656.47782123287
DINAJPUR UTTAR,Autumn,2001,257.0,28000.0,108949.41634241244
DINAJPUR UTTAR,Summer,2001,93666.0,26654500.0,284569.641065061
DINAJPUR UTTAR,Winter,2001,185658.0,28762200.0,154920.3373945642
DINAJPUR UTTAR,Autumn,2002,843.0,124900.0,148161.32858837486
DINAJPUR UTTAR,Summer,2002,95655.0,26526000.0,277309.0795044692
DINAJPUR UTTAR,Winter,2002,187523.0,32063600.0,170984.8925198509
DINAJPUR UTTAR,Autumn,2003,679.0,109300.0,160972.0176730486
DINAJPUR UTTAR,Summer,2003,98592.0,27417800.0,278093.5572865953
DINAJPUR UTTAR,Winter,2003,196347.0,42467500.0,216288.00032595353
DINAJPUR UTTAR,Autumn,2004,2343.0,317300.0,135424.66922748613
DINAJPUR UTTAR,Summer,2004,88494.0,26387300.0,298181.7976359979
DINAJPUR UTTAR,Winter,2004,178332.0,38328100.0,214925.53215351142
DINAJPUR UTTAR,Autumn,2005,1553.0,247200.0,159175.78879587897
DINAJPUR UTTAR,Summer,2005,89269.0,25212300.0,282430.6310141258
DINAJPUR UTTAR,Winter,2005,189290.0,43776200.0,231265.25437159912
DINAJPUR UTTAR,Autumn,2006,2529.0,334700.0,132344.80031633057
DINAJPUR UTTAR,Summer,2006,89231.0,26384500.0,295687.597359662
DINAJPUR UTTAR,Winter,2006,164541.0,32253700.0,196022.26800615047
DINAJPUR UTTAR,Autumn,2007,2059.0,299900.0,145653.2297231666
DINAJPUR UTTAR,Summer,2007,93716.0,27322400.0,291544.66686585
DINAJPUR UTTAR,Winter,2007,185328.0,40729000.0,219767.11560044895
DINAJPUR UTTAR,Autumn,2008,2097.0,325900.0,155412.49403910348
DINAJPUR UTTAR,Summer,2008,94213.0,25267100.0,268191.2262638914
DINAJPUR UTTAR,Winter,2008,188201.0,40406900.0,214700.7720469073
DINAJPUR UTTAR,Autumn,2009,273.0,44300.0,162271.06227106228
DINAJPUR UTTAR,Summer,2009,74396.0,18296400.0,245932.5770202699
DINAJPUR UTTAR,Winter,2009,181770.0,37555000.0,206607.2509214942
DINAJPUR UTTAR,Autumn,2010,328.0,61400.0,187195.1219512195
DINAJPUR UTTAR,Summer,2010,71596.0,18758300.0,262002.06715458966
DINAJPUR UTTAR,Winter,2010,177585.0,46725800.0,263117.9435200045
DINAJPUR UTTAR,Autumn,2011,277.0,51600.0,186281.58844765343
DINAJPUR UTTAR,Summer,2011,62032.0,18879000.0,304342.9197833376
DINAJPUR UTTAR,Winter,2011,173283.0,44657000.0,257711.37387972279
DINAJPUR UTTAR,Autumn,2012,239.0,42600.0,178242.6778242678
DINAJPUR UTTAR,Summer,2012,49554.0,13665000.0,275759.7772127376
DINAJPUR UTTAR,Winter,2012,177035.0,43669100.0,246669.30268026097
DINAJPUR UTTAR,Autumn,2013,658.0,127800.0,194224.92401215807
DINAJPUR UTTAR,Summer,2013,50081.0,12880400.0,257191.350012979
DINAJPUR UTTAR,Winter,2013,177121.0,42496600.0,239929.76552752074
DINAJPUR UTTAR,Autumn,2014,954.0,199100.0,208700.20964360586
DINAJPUR UTTAR,Summer,2014,37599.0,13160900.0,350033.2455650416
DINAJPUR UTTAR,Winter,2014,179862.0,46627300.0,259239.30568991785
DINAJPUR UTTAR,Autumn,2015,1079.0,253200.0,234661.72381835032
DINAJPUR UTTAR,Summer,2015,42653.0,14071800.0,329913.48791409744
DINAJPUR UTTAR,Winter,2015,183988.0,49180000.0,267300.0413070417
DINAJPUR UTTAR,Autumn,2016,640.0,160800.0,251250.0
DINAJPUR UTTAR,Summer,2016,40459.0,11887000.0,293803.6036481376
DINAJPUR UTTAR,Winter,2016,180641.0,48362400.0,267726.59584479715
DINAJPUR UTTAR,Autumn,2017,960.0,244300.0,254479.16666666666
DINAJPUR UTTAR,Summer,2017,46180.0,15165900.0,328408.4019055869
DINAJPUR UTTAR,Winter,2017,181989.0,36990600.0,203257.33972932427
DINAJPUR UTTAR,Autumn,2018,1875.0,533000.0,284266.6666666666
DINAJPUR UTTAR,Summer,2018,39299.0,12992700.0,330611.46594060917
DINAJPUR UTTAR,Winter,2018,180083.0,51098600.0,283750.2707085066
DINAJPUR UTTAR,Autumn,2019,2251.0,602100.0,267481.11950244335
DINAJPUR UTTAR,Summer,2019,47166.0,15269400.0,323737.4379849892
DINAJPUR UTTAR,Winter,2019,181689.0,55456800.0,305229.2653930618
Darjeeling,Autumn,1997,6540.0,4230.0,646.7889908256881
Darjeeling,Autumn,1997,6540.0,423000.0,64678.8990825688
Darjeeling,Summer,1997,125.0,350.0,2800.0
Darjeeling,Summer,1997,125.0,35000.0,280000.0
Darjeeling,Winter,1997,28884.0,34960.0,1210.358676083645
Darjeeling,Winter,1997,28884.0,3496000.0,121035.8676083645
Darjeeling,Autumn,1998,6190.0,5460.0,882.0678513731825
Darjeeling,Autumn,1998,6190.0,546000.0,88206.78513731825
Darjeeling,Summer,1998,394.0,1379.0,3500.0
Darjeeling,Summer,1998,394.0,137900.0,350000.0
Darjeeling,Winter,1998,29856.0,32490.0,1088.2234726688102
Darjeeling,Winter,1998,29856.0,3249000.0,108822.34726688103
Darjeeling,Autumn,1999,5213.0,7540.0,1446.3840399002495
Darjeeling,Autumn,1999,5213.0,754000.0,144638.40399002493
Darjeeling,Summer,1999,392.0,1060.0,2704.081632653061
Darjeeling,Summer,1999,392.0,106000.0,270408.16326530615
Darjeeling,Winter,1999,30056.0,42850.0,1425.6720787862655
Darjeeling,Winter,1999,30056.0,4285000.0,142567.20787862656
Darjeeling,Autumn,2000,5369.0,8210.0,1529.1488172844106
Darjeeling,Autumn,2000,5369.0,821000.0,152914.88172844105
Darjeeling,Summer,2000,469.0,1213.0,2586.3539445629
Darjeeling,Summer,2000,469.0,121300.0,258635.39445629
Darjeeling,Winter,2000,28303.0,43470.0,1535.8795887361764
Darjeeling,Winter,2000,28303.0,4347000.0,153587.95887361764
Darjeeling,Autumn,2001,6125.0,8821.0,1440.1632653061224
Darjeeling,Autumn,2001,6125.0,882100.0,144016.32653061225
Darjeeling,Summer,2001,1025.0,2096.0,2044.878048780488
Darjeeling,Summer,2001,1025.0,209600.0,204487.8048780488
Darjeeling,Winter,2001,28857.0,48309.0,1674.0825449630938
Darjeeling,Winter,2001,28857.0,4830900.0,167408.25449630938
Darjeeling,Autumn,2002,5914.0,9317.0,1575.4142712208318
Darjeeling,Autumn,2002,5914.0,931700.0,157541.4271220832
Darjeeling,Summer,2002,1604.0,2569.0,1601.6209476309227
Darjeeling,Summer,2002,1604.0,256900.0,160162.09476309226
Darjeeling,Winter,2002,29136.0,48718.0,1672.0895112575508
Darjeeling,Winter,2002,29136.0,4871800.0,167208.9511257551
Darjeeling,Autumn,2003,5532.0,9152.0,1654.3745480838757
Darjeeling,Autumn,2003,5532.0,915200.0,165437.45480838759
Darjeeling,Summer,2003,1215.0,2503.0,2060.0823045267493
Darjeeling,Summer,2003,1215.0,250300.0,206008.2304526749
Darjeeling,Winter,2003,28591.0,53179.0,1859.9909062292331
Darjeeling,Winter,2003,28591.0,5317900.0,185999.09062292328
Darjeeling,Autumn,2004,4891.0,1581.0,323.24677979963195
Darjeeling,Autumn,2004,4891.0,158100.0,32324.6779799632
Darjeeling,Summer,2004,1177.0,2248.0,1909.9405267629566
Darjeeling,Summer,2004,1177.0,224800.0,190994.05267629566
Darjeeling,Winter,2004,28878.0,44083.0,1526.5253826442276
Darjeeling,Winter,2004,28878.0,4408300.0,152652.53826442274
Darjeeling,Autumn,2005,4376.0,6964.0,1591.4076782449727
Darjeeling,Autumn,2005,4376.0,696400.0,159140.76782449725
Darjeeling,Summer,2005,1288.0,2408.0,1869.5652173913045
Darjeeling,Summer,2005,1288.0,240800.0,186956.52173913043
Darjeeling,Winter,2005,28859.0,49262.0,1706.989154163346
Darjeeling,Winter,2005,28859.0,4926200.0,170698.91541633458
Darjeeling,Autumn,2006,4356.0,8888.0,2040.4040404040402
Darjeeling,Autumn,2006,4356.0,888800.0,204040.40404040404
Darjeeling,Summer,2006,1536.0,3181.0,2070.9635416666665
Darjeeling,Summer,2006,1536.0,318100.0,207096.35416666666
Darjeeling,Winter,2006,25536.0,46585.0,1824.2872807017543
Darjeeling,Winter,2006,25536.0,4658500.0,182428.72807017545
Darjeeling,Autumn,2007,3818.0,6193.0,1622.0534311157676
Darjeeling,Autumn,2007,3818.0,619300.0,162205.34311157675
Darjeeling,Summer,2007,1498.0,3659.0,2442.5901201602137
Darjeeling,Summer,2007,1498.0,365900.0,244259.01201602136
Darjeeling,Winter,2007,26905.0,49572.0,1842.482809886638
Darjeeling,Winter,2007,26905.0,4957200.0,184248.2809886638
Darjeeling,Autumn,2008,3615.0,5904.0,1633.1950207468878
Darjeeling,Autumn,2008,3615.0,590400.0,163319.5020746888
Darjeeling,Summer,2008,1526.0,320400.0,209960.68152031454
Darjeeling,Winter,2008,27318.0,5955600.0,218010.10322864045
Darjeeling,Autumn,2009,3549.0,762100.0,214736.54550577627
Darjeeling,Summer,2009,1499.0,340600.0,227218.14543028685
Darjeeling,Winter,2009,27250.0,6440100.0,236333.94495412844
Darjeeling,Autumn,2010,3451.0,818100.0,237061.72124022024
Darjeeling,Summer,2010,1533.0,398100.0,259686.88845401176
Darjeeling,Winter,2010,27278.0,6564000.0,240633.47752767795
Darjeeling,Autumn,2011,3468.0,646100.0,186303.3448673587
Darjeeling,Summer,2011,1579.0,429900.0,272260.92463584547
Darjeeling,Winter,2011,27242.0,6057600.0,222362.5284487189
Darjeeling,Autumn,2012,3478.0,497700.0,143099.48246118458
Darjeeling,Summer,2012,1630.0,367700.0,225582.82208588958
Darjeeling,Winter,2012,27311.0,5890300.0,215675.00274614626
Darjeeling,Autumn,2013,3512.0,682300.0,194276.76537585421
Darjeeling,Summer,2013,1638.0,335400.0,204761.90476190476
Darjeeling,Winter,2013,27005.0,6212500.0,230049.9907424551
Darjeeling,Autumn,2014,3910.0,815800.0,208644.50127877237
Darjeeling,Summer,2014,1516.0,343700.0,226715.03957783643
Darjeeling,Winter,2014,27135.0,5694500.0,209858.11682329094
Darjeeling,Autumn,2015,3914.0,918500.0,234670.41389882474
Darjeeling,Summer,2015,1586.0,368000.0,232030.26481715005
Darjeeling,Winter,2015,27094.0,6408100.0,236513.6192514948
Darjeeling,Autumn,2016,3905.0,886200.0,226939.82074263765
Darjeeling,Summer,2016,2421.0,583600.0,241057.41429161504
Darjeeling,Winter,2016,20978.0,4550200.0,216903.42263323482
Darjeeling,Autumn,2017,3885.0,763100.0,196422.13642213642
Darjeeling,Summer,2017,2318.0,556700.0,240163.9344262295
Darjeeling,Winter,2017,22067.0,5238500.0,237390.67385689038
Darjeeling,Autumn,2018,3328.0,709600.0,213221.15384615384
Darjeeling,Summer,2018,2121.0,650600.0,306742.1027817068
Darjeeling,Winter,2018,20995.0,4951200.0,235827.57799476065
Darjeeling,Autumn,2019,2953.0,608400.0,206027.76837114798
Darjeeling,Summer,2019,2222.0,619900.0,278982.89828982897
Darjeeling,Winter,2019,20394.0,5439900.0,266740.21771109145
Hooghly,Autumn,1997,9712.0,2166000.0,223023.06425041187
Hooghly,Summer,1997,91805.0,24572000.0,267654.26719677576
Hooghly,Winter,1997,190596.0,50573000.0,265341.35029066715
Hooghly,Autumn,1998,7456.0,1625000.0,217945.2789699571
Hooghly,Summer,1998,94864.0,29238300.0,308212.80991735536
Hooghly,Winter,1998,188614.0,43652000.0,231435.6304410065
Hooghly,Autumn,1999,8627.0,1783000.0,206676.71264634287
Hooghly,Summer,1999,112009.0,29662000.0,264818.00569597085
Hooghly,Winter,1999,191201.0,45243000.0,236625.33145747145
Hooghly,Autumn,2000,9243.0,1835000.0,198528.61625013524
Hooghly,Summer,2000,88894.0,26106300.0,293678.9884581636
Hooghly,Winter,2000,101162.0,22429000.0,221713.68695755323
Hooghly,Autumn,2001,6524.0,1620900.0,248451.87001839365
Hooghly,Summer,2001,108202.0,29457100.0,272241.73305484187
Hooghly,Winter,2001,196336.0,53690300.0,273461.3112215793
Hooghly,Autumn,2002,7702.0,1860800.0,241599.5845235004
Hooghly,Summer,2002,98238.0,24620800.0,250623.99478816753
Hooghly,Winter,2002,198791.0,51409700.0,258611.8083816672
Hooghly,Autumn,2003,5418.0,1343000.0,247877.44555186416
Hooghly,Summer,2003,94846.0,26996800.0,284638.2556987116
Hooghly,Winter,2003,197954.0,50980900.0,257539.12525132103
Hooghly,Autumn,2004,6041.0,1554400.0,257308.39265022348
Hooghly,Summer,2004,103421.0,31723800.0,306744.27824136295
Hooghly,Winter,2004,194577.0,52478300.0,269704.5385631395
Hooghly,Autumn,2005,9368.0,2527500.0,269801.45175064047
Hooghly,Summer,2005,107679.0,28946300.0,268820.2899358278
Hooghly,Winter,2005,193277.0,53521100.0,276913.9628615924
Hooghly,Autumn,2006,7103.0,1809000.0,254681.1206532451
Hooghly,Summer,2006,96257.0,29881400.0,310433.52691232844
Hooghly,Winter,2006,195831.0,52991600.0,270598.6284091895
Hooghly,Autumn,2007,5856.0,1435700.0,245167.34972677598
Hooghly,Summer,2007,106295.0,32588500.0,306585.4461639776
Hooghly,Winter,2007,189637.0,50490600.0,266248.6751003232
Hooghly,Autumn,2008,6346.0,1552300.0,244610.77844311376
Hooghly,Summer,2008,106430.0,30457500.0,286174.01108709956
Hooghly,Winter,2008,192915.0,55615900.0,288292.2530648213
Hooghly,Autumn,2009,6265.0,1928800.0,307869.11412609735
Hooghly,Summer,2009,106439.0,31361300.0,294641.062016742
Hooghly,Winter,2009,187162.0,52843300.0,282339.89805622934
Hooghly,Autumn,2010,4474.0,1155500.0,258270.0044702727
Hooghly,Summer,2010,93120.0,29988400.0,322040.37800687284
Hooghly,Winter,2010,194776.0,59272300.0,304310.0792705467
Hooghly,Autumn,2011,7494.0,1438700.0,191980.25086736056
Hooghly,Summer,2011,78128.0,24881600.0,318472.25066557445
Hooghly,Winter,2011,191578.0,54363300.0,283765.8812598524
Hooghly,Autumn,2012,6089.0,1514400.0,248710.7899490885
Hooghly,Summer,2012,82707.0,25578200.0,309262.8193502364
Hooghly,Winter,2012,184654.0,52211700.0,282754.2322397565
Hooghly,Autumn,2013,5816.0,1434300.0,246612.79229711142
Hooghly,Summer,2013,84241.0,24823800.0,294675.9891264349
Hooghly,Winter,2013,195988.0,54515100.0,278155.29522215645
Hooghly,Autumn,2014,6157.0,1809600.0,293909.37144713337
Hooghly,Summer,2014,79654.0,26110500.0,327798.9805910563
Hooghly,Winter,2014,190221.0,58084500.0,305352.7213083729
Hooghly,Autumn,2015,8906.0,2291300.0,257275.9937121042
Hooghly,Summer,2015,80551.0,26500500.0,328990.3291082668
Hooghly,Winter,2015,188164.0,58335900.0,310026.8914351311
Hooghly,Autumn,2016,9714.0,2725900.0,280615.606341363
Hooghly,Summer,2016,70921.0,23664500.0,333674.08806982415
Hooghly,Winter,2016,186331.0,57319200.0,307620.31009332853
Hooghly,Autumn,2017,8630.0,2297800.0,266257.24217844725
Hooghly,Summer,2017,64751.0,23087700.0,356561.28862874705
Hooghly,Winter,2017,186990.0,58581900.0,313288.94593293755
Hooghly,Autumn,2018,6250.0,2054900.0,328784.0
Hooghly,Summer,2018,72734.0,25965800.0,356996.72780267824
Hooghly,Winter,2018,191232.0,60488700.0,316310.5547188755
Hooghly,Autumn,2019,6931.0,1697900.0,244971.86553166932
Hooghly,Summer,2019,69815.0,25720200.0,368405.07054357947
Hooghly,Winter,2019,190957.0,61744100.0,323340.3331640108
Howrah,Autumn,1997,373.0,95000.0,254691.6890080429
Howrah,Summer,1997,49396.0,13511000.0,273524.1719977326
Howrah,Winter,1997,75073.0,10656000.0,141941.84327254805
Howrah,Autumn,1998,1203.0,279000.0,231920.19950124688
Howrah,Summer,1998,49273.0,13484600.0,273671.178941814
Howrah,Winter,1998,73666.0,9763000.0,132530.61113675236
Howrah,Autumn,1999,1394.0,281000.0,201578.19225251078
Howrah,Summer,1999,58326.0,17027000.0,291928.1281075335
Howrah,Winter,1999,74379.0,12269000.0,164952.47314430148
Howrah,Autumn,2000,804.0,80000.0,99502.48756218905
Howrah,Summer,2000,48370.0,13279900.0,274548.2737233822
Howrah,Winter,2000,64094.0,9060000.0,141354.88501263768
Howrah,Autumn,2001,1255.0,301000.0,239840.63745019922
Howrah,Summer,2001,47393.0,12524200.0,264262.65482244216
Howrah,Winter,2001,74006.0,15925500.0,215192.0114585304
Howrah,Autumn,2002,2629.0,586800.0,223202.73868391025
Howrah,Summer,2002,53350.0,14065400.0,263643.8612933458
Howrah,Winter,2002,75258.0,13462300.0,178881.9793244572
Howrah,Autumn,2003,4586.0,1123000.0,244875.70867858702
Howrah,Summer,2003,55316.0,15183500.0,274486.58615951985
Howrah,Winter,2003,81513.0,16939700.0,207815.9312011581
Howrah,Autumn,2004,3652.0,825900.0,226150.05476451258
Howrah,Summer,2004,49058.0,13207900.0,269230.2988299564
Howrah,Winter,2004,80267.0,16510200.0,205691.0062665853
Howrah,Autumn,2005,1374.0,361200.0,262882.096069869
Howrah,Summer,2005,50910.0,13357700.0,262378.70752307994
Howrah,Winter,2005,73268.0,14882000.0,203117.32270568324
Howrah,Autumn,2006,874.0,131600.0,150572.0823798627
Howrah,Summer,2006,39320.0,11070800.0,281556.45981688704
Howrah,Winter,2006,76644.0,13152400.0,171603.77850842857
Howrah,Autumn,2007,1124.0,125100.0,111298.93238434164
Howrah,Summer,2007,48926.0,16609000.0,339471.8554551772
Howrah,Winter,2007,67809.0,9179900.0,135378.78452712766
Howrah,Autumn,2008,1349.0,315900.0,234173.46182357302
Howrah,Summer,2008,49793.0,7969600.0,160054.62615227042
Howrah,Winter,2008,64173.0,12408800.0,193364.81074595236
Howrah,Autumn,2009,944.0,119200.0,126271.18644067796
Howrah,Summer,2009,41343.0,8999500.0,217678.92992767823
Howrah,Winter,2009,71693.0,10003400.0,139531.0560305748
Howrah,Autumn,2010,753.0,207100.0,275033.2005312085
Howrah,Summer,2010,41318.0,13620800.0,329657.7762718428
Howrah,Winter,2010,73401.0,16648300.0,226812.98619909812
Howrah,Autumn,2011,1083.0,104900.0,96860.57248384118
Howrah,Summer,2011,40966.0,13079900.0,319286.725577308
Howrah,Winter,2011,65000.0,9348500.0,143823.0769230769
Howrah,Autumn,2012,1662.0,537800.0,323586.0409145608
Howrah,Summer,2012,42165.0,12958400.0,307325.98126408155
Howrah,Winter,2012,67380.0,15186900.0,225391.8076580588
Howrah,Autumn,2013,1572.0,466000.0,296437.6590330789
Howrah,Summer,2013,42709.0,12817800.0,300119.4127701421
Howrah,Winter,2013,64360.0,14229100.0,221086.07830950903
Howrah,Autumn,2014,2836.0,828700.0,292207.3342736248
Howrah,Summer,2014,43456.0,13547400.0,311749.81590574374
Howrah,Winter,2014,71064.0,17663000.0,248550.60227400652
Howrah,Autumn,2015,1515.0,364100.0,240330.03300330034
Howrah,Summer,2015,41173.0,12643600.0,307084.73999951425
Howrah,Winter,2015,70127.0,9214100.0,131391.61806436893
Howrah,Autumn,2016,1730.0,154000.0,89017.34104046243
Howrah,Summer,2016,39396.0,12775000.0,324271.49964463396
Howrah,Winter,2016,74669.0,17004900.0,227737.07964483253
Howrah,Autumn,2017,1321.0,270400.0,204693.41408024225
Howrah,Summer,2017,34480.0,11807800.0,342453.596287703
Howrah,Winter,2017,74574.0,17988400.0,241215.43701558185
Howrah,Autumn,2018,1110.0,304500.0,274324.3243243243
Howrah,Summer,2018,38310.0,13227300.0,345270.1644479248
Howrah,Winter,2018,72089.0,19989800.0,277293.3457254227
Howrah,Autumn,2019,1195.0,327800.0,274309.6234309623
Howrah,Summer,2019,29980.0,11230900.0,374613.075383589
Howrah,Winter,2019,71223.0,15814400.0,222040.63294160593
Jalpaiguri,Autumn,1997,61579.0,6402000.0,103964.0137059712
Jalpaiguri,Summer,1997,4485.0,1289000.0,287402.45261984394
Jalpaiguri,Winter,1997,178783.0,23356000.0,130638.8191270982
Jalpaiguri,Autumn,1998,63232.0,7534000.0,119148.53238866397
Jalpaiguri,Summer,1998,6565.0,1915400.0,291759.32977913175
Jalpaiguri,Winter,1998,176434.0,19166000.0,108629.85592346147
Jalpaiguri,Autumn,1999,62635.0,10155000.0,162129.79963279318
Jalpaiguri,Summer,1999,6614.0,1600000.0,241911.09767160568
Jalpaiguri,Winter,1999,188551.0,26162000.0,138752.91035316704
Jalpaiguri,Autumn,2000,63272.0,10074000.0,159217.34732583133
Jalpaiguri,Summer,2000,6719.0,1418700.0,211147.49218633724
Jalpaiguri,Winter,2000,190854.0,26921000.0,141055.4664822325
Jalpaiguri,Autumn,2001,58753.0,8705500.0,148171.1572175038
Jalpaiguri,Summer,2001,21231.0,4889000.0,230276.48250200177
Jalpaiguri,Winter,2001,176149.0,27404700.0,155576.81281188084
Jalpaiguri,Autumn,2002,65853.0,9552000.0,145050.3393922828
Jalpaiguri,Summer,2002,20946.0,3838800.0,183271.26897737038
Jalpaiguri,Winter,2002,188385.0,29854300.0,158474.9316559174
Jalpaiguri,Autumn,2003,44546.0,6841400.0,153580.56840120323
Jalpaiguri,Summer,2003,15096.0,2888200.0,191322.20455749868
Jalpaiguri,Winter,2003,180586.0,30028400.0,166283.10057258036
Jalpaiguri,Autumn,2004,47254.0,5643300.0,119424.81059804461
Jalpaiguri,Summer,2004,19828.0,3411400.0,172049.62679039742
Jalpaiguri,Winter,2004,182997.0,27557200.0,150588.26100974332
Jalpaiguri,Autumn,2005,46121.0,6745700.0,146260.9223564103
Jalpaiguri,Summer,2005,19328.0,4327900.0,223918.66721854304
Jalpaiguri,Winter,2005,183079.0,28388100.0,155059.29134417383
Jalpaiguri,Autumn,2006,41163.0,5397300.0,131120.18074484367
Jalpaiguri,Summer,2006,18314.0,4298300.0,234700.2293327509
Jalpaiguri,Winter,2006,170203.0,32200100.0,189186.4420721139
Jalpaiguri,Autumn,2007,40957.0,5663000.0,138266.96291232266
Jalpaiguri,Summer,2007,17969.0,4114200.0,228960.98836885748
Jalpaiguri,Winter,2007,177129.0,27466100.0,155062.69442045063
Jalpaiguri,Autumn,2008,37341.0,5481600.0,146798.4253233711
Jalpaiguri,Summer,2008,18730.0,3474600.0,185509.87720234916
Jalpaiguri,Winter,2008,179331.0,30164100.0,168203.48963648226
Jalpaiguri,Autumn,2009,34634.0,5128900.0,148088.5834728879
Jalpaiguri,Summer,2009,18154.0,4484000.0,246997.9067974
Jalpaiguri,Winter,2009,174718.0,33912500.0,194098.49013839447
Jalpaiguri,Autumn,2010,30782.0,5739800.0,186466.11656162693
Jalpaiguri,Summer,2010,17314.0,3719300.0,214814.60090100497
Jalpaiguri,Winter,2010,176016.0,39914800.0,226768.0210889919
Jalpaiguri,Autumn,2011,29852.0,5524300.0,185056.27763633928
Jalpaiguri,Summer,2011,16929.0,3449700.0,203774.58798511428
Jalpaiguri,Winter,2011,177843.0,37991400.0,213623.2519694337
Jalpaiguri,Autumn,2012,29132.0,5499900.0,188792.3932445421
Jalpaiguri,Summer,2012,19013.0,5417400.0,284931.3627518014
Jalpaiguri,Winter,2012,179979.0,38370700.0,213195.42835553037
Jalpaiguri,Autumn,2013,29424.0,5767300.0,196006.66122892877
Jalpaiguri,Summer,2013,20126.0,4476700.0,222433.66789227864
Jalpaiguri,Winter,2013,180097.0,42070800.0,233600.7818009184
Jalpaiguri,Autumn,2014,31345.0,6872600.0,219256.6597543468
Jalpaiguri,Summer,2014,22779.0,5918700.0,259831.42367970498
Jalpaiguri,Winter,2014,176420.0,43393900.0,245969.27785965308
Jalpaiguri,Autumn,2015,29019.0,7227800.0,249071.29811502807
Jalpaiguri,Summer,2015,23467.0,5881000.0,250607.23569267485
Jalpaiguri,Winter,2015,167777.0,42533000.0,253509.12222771894
Jalpaiguri,Autumn,2016,11091.0,2743300.0,247344.69389595167
Jalpaiguri,Summer,2016,17112.0,4372100.0,255499.06498363722
Jalpaiguri,Winter,2016,103433.0,24932600.0,241050.72849090715
Jalpaiguri,Autumn,2017,11515.0,2507500.0,217759.4442032132
Jalpaiguri,Summer,2017,17870.0,4740800.0,265293.78847229993
Jalpaiguri,Winter,2017,104952.0,26392900.0,251475.91279823158
Jalpaiguri,Autumn,2018,8900.0,2396100.0,269224.71910112357
Jalpaiguri,Summer,2018,18332.0,5140400.0,280405.8476980144
Jalpaiguri,Winter,2018,99738.0,27869900.0,279431.1095069081
Jalpaiguri,Autumn,2019,9352.0,2225000.0,237917.02309666382
Jalpaiguri,Summer,2019,18155.0,5429100.0,299041.58633985126
Jalpaiguri,Winter,2019,104679.0,27689500.0,264518.1937160271
Jhargram,Autumn,2016,8974.0,2646100.0,294862.93737463787
Jhargram,Summer,2016,6751.0,2390600.0,354110.50214783
Jhargram,Winter,2016,121838.0,33485200.0,274833.7956959241
Jhargram,Autumn,2017,44604.0,10687700.0,239613.03918931037
Jhargram,Summer,2017,14492.0,4839200.0,333922.16395252553
Jhargram,Winter,2017,125185.0,36259500.0,289647.32196349406
Jhargram,Autumn,2018,12435.0,3504500.0,281825.49256131885
Jhargram,Summer,2018,12990.0,4357200.0,335427.25173210166
Jhargram,Winter,2018,135374.0,38901000.0,287359.4634124721
Jhargram,Autumn,2019,9475.0,2332000.0,246121.37203166226
Jhargram,Summer,2019,13427.0,4875500.0,363111.6407239145
Jhargram,Winter,2019,135593.0,41997300.0,309730.5908122101
Kalimpong,Winter,2016,4776.0,909000.0,190326.63316582915
Kalimpong,Winter,2017,4824.0,929600.0,192703.15091210615
Kalimpong,Winter,2018,4752.0,838100.0,176367.8451178451
Kalimpong,Winter,2019,4735.0,763000.0,161140.4435058078
MEDINIPUR EAST,Autumn,1997,15791.0,3956000.0,250522.44949654865
MEDINIPUR EAST,Summer,1997,129878.0,36472000.0,280817.3824666225
MEDINIPUR EAST,Winter,1997,323282.0,56114000.0,173576.01103680377
MEDINIPUR EAST,Autumn,1998,16119.0,3577000.0,221912.02928221354
MEDINIPUR EAST,Summer,1998,160444.0,47283600.0,294704.6944728379
MEDINIPUR EAST,Winter,1998,318910.0,42952000.0,134683.76657991283
MEDINIPUR EAST,Autumn,1999,16784.0,3416000.0,203527.16873212584
MEDINIPUR EAST,Summer,1999,161568.0,44034000.0,272541.59239453357
MEDINIPUR EAST,Winter,1999,318662.0,58165000.0,182528.8236438609
MEDINIPUR EAST,Autumn,2000,16275.0,3529000.0,216835.63748079876
MEDINIPUR EAST,Summer,2000,168746.0,51081800.0,302714.1384092067
MEDINIPUR EAST,Winter,2000,343278.0,69409000.0,202194.72264462037
MEDINIPUR EAST,Autumn,2002,13185.0,2904500.0,220288.20629503223
MEDINIPUR EAST,Summer,2002,123498.0,39951100.0,323495.9270595475
MEDINIPUR EAST,Winter,2002,266030.0,54462300.0,204722.39972935384
MEDINIPUR EAST,Autumn,2003,13214.0,3442700.0,260534.28182230965
MEDINIPUR EAST,Summer,2003,137557.0,46024300.0,334583.48175665364
MEDINIPUR EAST,Winter,2003,271489.0,51372500.0,189224.97780757232
MEDINIPUR EAST,Autumn,2004,13519.0,2915300.0,215644.64827280125
MEDINIPUR EAST,Summer,2004,138201.0,41709800.0,301805.3414953582
MEDINIPUR EAST,Winter,2004,264521.0,61912700.0,234055.89726335526
MEDINIPUR EAST,Autumn,2005,14873.0,3111800.0,209224.76971693672
MEDINIPUR EAST,Summer,2005,140491.0,43322300.0,308363.5250656626
MEDINIPUR EAST,Winter,2005,259507.0,32235300.0,124217.45848859569
MEDINIPUR EAST,Autumn,2006,15277.0,3356000.0,219676.63808339334
MEDINIPUR EAST,Summer,2006,147552.0,47135500.0,319450.09217089566
MEDINIPUR EAST,Winter,2006,267420.0,54036200.0,202064.91661057514
MEDINIPUR EAST,Autumn,2007,15473.0,2019000.0,130485.36159762168
MEDINIPUR EAST,Summer,2007,157072.0,52572700.0,334704.466741367
MEDINIPUR EAST,Winter,2007,223794.0,27591000.0,123287.48760020376
MEDINIPUR EAST,Autumn,2008,14820.0,422400.0,28502.024291497975
MEDINIPUR EAST,Summer,2008,160437.0,39563100.0,246595.86005721873
MEDINIPUR EAST,Winter,2008,231482.0,48011200.0,207407.91940626054
MEDINIPUR EAST,Autumn,2009,13882.0,2479700.0,178626.9989914998
MEDINIPUR EAST,Summer,2009,162366.0,47643700.0,293433.97016616777
MEDINIPUR EAST,Winter,2009,264134.0,53688800.0,203263.4950441821
MEDINIPUR EAST,Autumn,2010,14685.0,3010700.0,205018.7265917603
MEDINIPUR EAST,Summer,2010,168447.0,59005000.0,350288.2212209182
MEDINIPUR EAST,Winter,2010,266350.0,60868900.0,228529.75408297355
MEDINIPUR EAST,Autumn,2011,13038.0,2424400.0,185948.76514802882
MEDINIPUR EAST,Summer,2011,126808.0,43839400.0,345714.7814018043
MEDINIPUR EAST,Winter,2011,259876.0,54758600.0,210710.4926965168
MEDINIPUR EAST,Autumn,2012,11357.0,2254000.0,198467.90525666988
MEDINIPUR EAST,Summer,2012,135070.0,44704000.0,330969.1271192715
MEDINIPUR EAST,Winter,2012,256014.0,59072000.0,230737.38154944652
MEDINIPUR EAST,Autumn,2013,11455.0,2329700.0,203378.43736359666
MEDINIPUR EAST,Summer,2013,139959.0,47692800.0,340762.6519194907
MEDINIPUR EAST,Winter,2013,237323.0,37613200.0,158489.48479498408
MEDINIPUR EAST,Autumn,2014,15111.0,3406400.0,225425.18694990402
MEDINIPUR EAST,Summer,2014,159819.0,56333200.0,352481.24440773623
MEDINIPUR EAST,Winter,2014,254064.0,54626000.0,215008.81667611309
MEDINIPUR EAST,Autumn,2015,11946.0,2446500.0,204796.58463083877
MEDINIPUR EAST,Summer,2015,155209.0,50888800.0,327872.7393385693
MEDINIPUR EAST,Winter,2015,249177.0,57148900.0,229350.62224844188
MEDINIPUR EAST,Autumn,2016,13823.0,3114800.0,225334.58728206612
MEDINIPUR EAST,Summer,2016,144786.0,50494500.0,348752.6418300112
MEDINIPUR EAST,Winter,2016,249259.0,56637700.0,227224.29280387066
MEDINIPUR EAST,Autumn,2017,12365.0,1856100.0,150109.17913465426
MEDINIPUR EAST,Summer,2017,137845.0,50334800.0,365155.06547208823
MEDINIPUR EAST,Winter,2017,250823.0,60854000.0,242617.30383577265
MEDINIPUR EAST,Autumn,2018,11604.0,1691600.0,145777.3181661496
MEDINIPUR EAST,Summer,2018,149470.0,56780700.0,379880.24352712923
MEDINIPUR EAST,Winter,2018,249141.0,71228100.0,285894.73430707917
MEDINIPUR EAST,Autumn,2019,11969.0,2063200.0,172378.64483248393
MEDINIPUR EAST,Summer,2019,143111.0,57860400.0,404304.3511679745
MEDINIPUR EAST,Winter,2019,247502.0,49281300.0,199114.75462824543
MEDINIPUR WEST,Autumn,1997,55288.0,10578000.0,191325.42323831574
MEDINIPUR WEST,Summer,1997,112016.0,27859000.0,248705.54206541923
MEDINIPUR WEST,Winter,1997,434653.0,95227000.0,219087.40995690814
MEDINIPUR WEST,Autumn,1998,48017.0,6484800.0,135052.16902347087
MEDINIPUR WEST,Summer,1998,118934.0,33730400.0,283606.03359846637
MEDINIPUR WEST,Winter,1998,383438.0,71561000.0,186629.911485038
MEDINIPUR WEST,Autumn,1999,53589.0,10793000.0,201403.27305976974
MEDINIPUR WEST,Summer,1999,125011.0,36401000.0,291182.3759509163
MEDINIPUR WEST,Winter,1999,431040.0,89084000.0,206672.2345953972
MEDINIPUR WEST,Autumn,2000,60201.0,12101000.0,201009.95000083055
MEDINIPUR WEST,Summer,2000,99230.0,29947300.0,301796.83563438477
MEDINIPUR WEST,Winter,2000,420822.0,92377000.0,219515.61467793986
MEDINIPUR WEST,Autumn,2001,25855.0,5867900.0,226954.16747244247
MEDINIPUR WEST,Summer,2001,150870.0,45673500.0,302734.1419765361
MEDINIPUR WEST,Winter,2001,333854.0,75421900.0,225912.82416864857
MEDINIPUR WEST,Autumn,2002,51449.0,11871700.0,230746.95329355286
MEDINIPUR WEST,Summer,2002,109989.0,31613900.0,287427.8336924602
MEDINIPUR WEST,Winter,2002,480710.0,111691100.0,232346.11304112666
MEDINIPUR WEST,Autumn,2003,52853.0,10459300.0,197894.15927194292
MEDINIPUR WEST,Summer,2003,117115.0,33575200.0,286685.73624215514
MEDINIPUR WEST,Winter,2003,481448.0,106785600.0,221800.90061647363
MEDINIPUR WEST,Autumn,2004,52839.0,10641400.0,201392.9105395636
MEDINIPUR WEST,Summer,2004,121743.0,37044800.0,304286.89945212455
MEDINIPUR WEST,Winter,2004,480679.0,125996100.0,262121.0828848358
MEDINIPUR WEST,Autumn,2005,40622.0,8917300.0,219518.97986312836
MEDINIPUR WEST,Summer,2005,121906.0,36187900.0,296850.8522960314
MEDINIPUR WEST,Winter,2005,491499.0,117857800.0,239792.55298586568
MEDINIPUR WEST,Autumn,2006,41452.0,8126700.0,196050.853999807
MEDINIPUR WEST,Summer,2006,137915.0,43643500.0,316452.1625638981
MEDINIPUR WEST,Winter,2006,513019.0,128108000.0,249713.94821634286
MEDINIPUR WEST,Autumn,2007,41368.0,8405900.0,203198.1241539354
MEDINIPUR WEST,Summer,2007,167509.0,55855300.0,333446.5610803002
MEDINIPUR WEST,Winter,2007,441316.0,115624600.0,261999.56493759571
MEDINIPUR WEST,Autumn,2008,42118.0,7987800.0,189652.88000379887
MEDINIPUR WEST,Summer,2008,173516.0,46339300.0,267060.67451992905
MEDINIPUR WEST,Winter,2008,503293.0,131347400.0,260976.01198506635
MEDINIPUR WEST,Autumn,2009,29271.0,6157000.0,210344.70978101192
MEDINIPUR WEST,Summer,2009,156372.0,49992500.0,319702.376384519
MEDINIPUR WEST,Winter,2009,488628.0,119501700.0,244565.80466121464
MEDINIPUR WEST,Autumn,2010,39370.0,8674200.0,220325.1206502413
MEDINIPUR WEST,Summer,2010,173888.0,62963400.0,362091.69120353326
MEDINIPUR WEST,Winter,2010,403460.0,100218400.0,248397.362811679
MEDINIPUR WEST,Autumn,2011,35781.0,7567300.0,211489.33791677147
MEDINIPUR WEST,Summer,2011,137185.0,45269100.0,329985.78561796114
MEDINIPUR WEST,Winter,2011,482718.0,124562400.0,258043.8268305719
MEDINIPUR WEST,Autumn,2012,37034.0,8577500.0,231611.49214235568
MEDINIPUR WEST,Summer,2012,167853.0,47846400.0,285049.41824096086
MEDINIPUR WEST,Winter,2012,486172.0,131591100.0,270667.7883547387
MEDINIPUR WEST,Autumn,2013,37862.0,8730700.0,230592.67867518883
MEDINIPUR WEST,Summer,2013,176270.0,60188200.0,341454.5867135644
MEDINIPUR WEST,Winter,2013,502667.0,105337500.0,209557.22177903063
MEDINIPUR WEST,Autumn,2014,33141.0,8030000.0,242298.0598050753
MEDINIPUR WEST,Summer,2014,195960.0,58044200.0,296204.3274137579
MEDINIPUR WEST,Winter,2014,496134.0,134832900.0,271767.10324226925
MEDINIPUR WEST,Autumn,2015,48850.0,13143600.0,269060.38894575235
MEDINIPUR WEST,Summer,2015,197171.0,65363900.0,331508.6904260768
MEDINIPUR WEST,Winter,2015,473763.0,132509700.0,279696.1772025253
MEDINIPUR WEST,Autumn,2016,40832.0,10369500.0,253955.23119122256
MEDINIPUR WEST,Summer,2016,171267.0,61873800.0,361270.9979155354
MEDINIPUR WEST,Winter,2016,368368.0,102781400.0,279018.2643443513
MEDINIPUR WEST,Autumn,2017,10427.0,2526200.0,242274.86333557114
MEDINIPUR WEST,Summer,2017,190540.0,71922500.0,377466.6736643225
MEDINIPUR WEST,Winter,2017,368953.0,112684100.0,305415.86597750935
MEDINIPUR WEST,Autumn,2018,32286.0,8453500.0,261831.7537012947
MEDINIPUR WEST,Summer,2018,187778.0,71117700.0,378732.865404893
MEDINIPUR WEST,Winter,2018,360690.0,112553900.0,312051.62327760685
MEDINIPUR WEST,Autumn,2019,31725.0,7591400.0,239287.6280535855
MEDINIPUR WEST,Summer,2019,198012.0,66559300.0,336137.7088257277
MEDINIPUR WEST,Winter,2019,369926.0,99803200.0,269792.3368457475
Maldah,Autumn,1997,17986.0,2293000.0,127488.04625820082
Maldah,Summer,1997,66028.0,20739000.0,314094.0207184831
Maldah,Winter,1997,147759.0,32922000.0,222808.76291799484
Maldah,Autumn,1998,17619.0,1710000.0,97054.31636301719
Maldah,Summer,1998,71455.0,25357100.0,354868.0988034427
Maldah,Winter,1998,138394.0,21779000.0,157369.5391418703
Maldah,Autumn,1999,12401.0,2092000.0,168696.07289734698
Maldah,Summer,1999,71507.0,22513000.0,314836.30973191437
Maldah,Winter,1999,146750.0,27329000.0,186228.2793867121
Maldah,Autumn,2000,13370.0,2170000.0,162303.66492146597
Maldah,Summer,2000,70977.0,23508100.0,331207.2925032053
Maldah,Winter,2000,137315.0,26629000.0,193926.3736663875
Maldah,Autumn,2001,10684.0,2059100.0,192727.44290527893
Maldah,Summer,2001,70625.0,23946800.0,339069.73451327434
Maldah,Winter,2001,132039.0,27610300.0,209107.1577336999
Maldah,Autumn,2002,9872.0,1935800.0,196089.95137763373
Maldah,Summer,2002,65075.0,23401900.0,359614.29120245867
Maldah,Winter,2002,139605.0,29259900.0,209590.6307080692
Maldah,Autumn,2003,8913.0,2080300.0,233400.6507348816
Maldah,Summer,2003,62747.0,22238800.0,354420.1316397597
Maldah,Winter,2003,136961.0,32940100.0,240507.15167091362
Maldah,Autumn,2004,8097.0,1866300.0,230492.77510188957
Maldah,Summer,2004,64655.0,23725200.0,366950.73853530275
Maldah,Winter,2004,144538.0,40564100.0,280646.61196363583
Maldah,Autumn,2005,6844.0,1327700.0,193994.7399181765
Maldah,Summer,2005,67525.0,23115400.0,342323.58385783044
Maldah,Winter,2005,144239.0,39168700.0,271554.1566427942
Maldah,Autumn,2006,6655.0,996500.0,149737.03981968443
Maldah,Summer,2006,67633.0,25872300.0,382539.5886623394
Maldah,Winter,2006,79972.0,20194100.0,252514.6301205422
Maldah,Autumn,2007,6181.0,1131200.0,183012.45753114382
Maldah,Summer,2007,68050.0,25692500.0,377553.2696546657
Maldah,Winter,2007,73094.0,21222100.0,290339.83637507865
Maldah,Autumn,2008,5939.0,1026900.0,172907.89695234888
Maldah,Summer,2008,72795.0,26825100.0,368501.9575520297
Maldah,Winter,2008,143019.0,37824900.0,264474.65022129926
Maldah,Autumn,2009,5805.0,1179000.0,203100.77519379844
Maldah,Summer,2009,68009.0,22415300.0,329593.1420841359
Maldah,Winter,2009,143030.0,37853200.0,264652.1708732434
Maldah,Autumn,2010,3440.0,550400.0,160000.0
Maldah,Summer,2010,64581.0,24552200.0,380176.8321952277
Maldah,Winter,2010,132742.0,37945100.0,285856.0214551536
Maldah,Autumn,2011,3689.0,854700.0,231688.8045540797
Maldah,Summer,2011,56673.0,21735800.0,383530.0760503238
Maldah,Winter,2011,144564.0,38606800.0,267056.8052903904
Maldah,Autumn,2012,3098.0,551900.0,178147.19173660426
Maldah,Summer,2012,58858.0,22644000.0,384722.5525841857
Maldah,Winter,2012,145630.0,41260600.0,283324.8643823388
Maldah,Autumn,2013,3116.0,605400.0,194287.5481386393
Maldah,Summer,2013,60025.0,23621700.0,393531.02873802587
Maldah,Winter,2013,135629.0,46209500.0,340705.15892618836
Maldah,Autumn,2014,2937.0,685400.0,233367.38168198842
Maldah,Summer,2014,59802.0,24337400.0,406966.32219658204
Maldah,Winter,2014,141455.0,45734100.0,323312.00735216145
Maldah,Autumn,2015,3568.0,869700.0,243750.0
Maldah,Summer,2015,60494.0,23836900.0,394037.4251991933
Maldah,Winter,2015,142288.0,45828900.0,322085.48858652875
Maldah,Autumn,2016,2116.0,531600.0,251228.73345935726
Maldah,Summer,2016,49952.0,20178300.0,403953.79564381804
Maldah,Winter,2016,145106.0,46354900.0,319455.4325803206
Maldah,Autumn,2017,2956.0,752200.0,254465.49391069013
Maldah,Summer,2017,63185.0,25202000.0,398860.4890401203
Maldah,Winter,2017,147792.0,37040500.0,250625.8796145935
Maldah,Autumn,2018,6680.0,2131800.0,319131.7365269461
Maldah,Summer,2018,61089.0,27364200.0,447939.89097873593
Maldah,Winter,2018,137605.0,37189100.0,270259.80160604627
Maldah,Autumn,2019,3258.0,871500.0,267495.39594843466
Maldah,Summer,2019,62788.0,21749100.0,346389.4374721284
Maldah,Winter,2019,138904.0,43914000.0,316146.40327132406
Murshidabad,Autumn,1997,43480.0,6500000.0,149494.02023919043
Murshidabad,Summer,1997,81817.0,29151000.0,356295.1464854492
Murshidabad,Winter,1997,219994.0,54027000.0,245583.97047192196
Murshidabad,Autumn,1998,53196.0,9181000.0,172588.1645236484
Murshidabad,Summer,1998,91131.0,36792600.0,403733.0875333311
Murshidabad,Winter,1998,218651.0,53431000.0,244366.5933382422
Murshidabad,Autumn,1999,51465.0,8343000.0,162110.17196152723
Murshidabad,Summer,1999,100155.0,33732000.0,336797.9631571065
Murshidabad,Winter,1999,236455.0,45058000.0,190556.34264447782
Murshidabad,Autumn,2000,48681.0,5876000.0,120704.1761672932
Murshidabad,Summer,2000,108478.0,38248700.0,352594.07437452755
Murshidabad,Winter,2000,66958.0,10693000.0,159697.1235699991
Murshidabad,Autumn,2001,48521.0,9768200.0,201319.016508316
Murshidabad,Summer,2001,112413.0,38371500.0,341343.97267219983
Murshidabad,Winter,2001,234126.0,60395200.0,257960.2436294986
Murshidabad,Autumn,2002,53336.0,10441800.0,195773.96130193488
Murshidabad,Summer,2002,115142.0,36052100.0,313109.8990811346
Murshidabad,Winter,2002,238246.0,60786400.0,255141.32451331816
Murshidabad,Autumn,2003,40170.0,8415700.0,209502.11600697038
Murshidabad,Summer,2003,130991.0,43112800.0,329127.95535571146
Murshidabad,Winter,2003,232299.0,59830600.0,257558.57752293383
Murshidabad,Autumn,2004,38130.0,8585300.0,225158.66771570942
Murshidabad,Summer,2004,140359.0,51337000.0,365754.9569318676
Murshidabad,Winter,2004,232211.0,59519300.0,256315.59228460322
Murshidabad,Autumn,2005,36281.0,7873300.0,217008.90273145723
Murshidabad,Summer,2005,137686.0,47372800.0,344064.0297488488
Murshidabad,Winter,2005,230296.0,63707800.0,276634.4183138222
Murshidabad,Autumn,2006,32583.0,6218000.0,190835.71187429028
Murshidabad,Summer,2006,137322.0,47566900.0,346389.50787200883
Murshidabad,Winter,2006,225168.0,49284900.0,218880.569175016
Murshidabad,Autumn,2007,32662.0,6508400.0,199265.20115118485
Murshidabad,Summer,2007,141921.0,50093900.0,352970.3144707267
Murshidabad,Winter,2007,223835.0,57638500.0,257504.41173185606
Murshidabad,Autumn,2008,32285.0,7365100.0,228127.61344277527
Murshidabad,Summer,2008,135706.0,41701900.0,307295.9191192725
Murshidabad,Winter,2008,231525.0,63307700.0,273437.8576827556
Murshidabad,Autumn,2009,16629.0,3519400.0,211642.31162427086
Murshidabad,Summer,2009,131338.0,41131100.0,313169.8366047907
Murshidabad,Winter,2009,225164.0,59390500.0,263765.5220195058
Murshidabad,Autumn,2010,11867.0,2335800.0,196831.5496755709
Murshidabad,Summer,2010,121612.0,39908400.0,328161.69456961483
Murshidabad,Winter,2010,170696.0,43928700.0,257350.49444626702
Murshidabad,Autumn,2011,11849.0,2645600.0,223276.2258418432
Murshidabad,Summer,2011,113523.0,37486400.0,330209.73723386455
Murshidabad,Winter,2011,225648.0,55599000.0,246397.04318230166
Murshidabad,Autumn,2012,11682.0,2695300.0,230722.47902756376
Murshidabad,Summer,2012,114063.0,39206600.0,343727.58913933526
Murshidabad,Winter,2012,226641.0,55468100.0,244739.9190790722
Murshidabad,Autumn,2013,11617.0,3003900.0,258577.9461134544
Murshidabad,Summer,2013,119769.0,41188800.0,343902.01137189084
Murshidabad,Winter,2013,219346.0,67477200.0,307629.04269966175
Murshidabad,Autumn,2014,18234.0,4699700.0,257743.77536470332
Murshidabad,Summer,2014,126504.0,45714700.0,361369.6009612344
Murshidabad,Winter,2014,222718.0,68634100.0,308165.9318061405
Murshidabad,Autumn,2015,16144.0,4364500.0,270348.11694747274
Murshidabad,Summer,2015,140077.0,51155900.0,365198.4265796669
Murshidabad,Winter,2015,226774.0,70205000.0,309581.34530413535
Murshidabad,Autumn,2016,17465.0,4427600.0,253512.7397652448
Murshidabad,Summer,2016,126680.0,46856500.0,369880.8020208399
Murshidabad,Winter,2016,231140.0,72281600.0,312717.8333477546
Murshidabad,Autumn,2017,17831.0,4537400.0,254466.9395995738
Murshidabad,Summer,2017,116315.0,44793600.0,385105.9622576624
Murshidabad,Winter,2017,233396.0,68487600.0,293439.47625494865
Murshidabad,Autumn,2018,16841.0,4541500.0,269669.25954515766
Murshidabad,Summer,2018,121132.0,39111700.0,322884.95195324114
Murshidabad,Winter,2018,216294.0,63197300.0,292182.3998816426
Murshidabad,Autumn,2019,12860.0,3511000.0,273017.1073094868
Murshidabad,Summer,2019,99863.0,33073400.0,331187.7271862452
Murshidabad,Winter,2019,214643.0,63608100.0,296343.696277074
Nadia,Autumn,1997,55567.0,9891000.0,178001.3317256645
Nadia,Summer,1997,121367.0,37687000.0,310520.9818154852
Nadia,Winter,1997,127051.0,27148000.0,213677.97183808076
Nadia,Autumn,1998,60217.0,10640000.0,176694.28898815947
Nadia,Summer,1998,125158.0,51642900.0,412621.64623915375
Nadia,Winter,1998,119747.0,22089000.0,184463.91141322957
Nadia,Autumn,1999,59940.0,12445000.0,207624.2909576243
Nadia,Summer,1999,133652.0,45451000.0,340069.73333732376
Nadia,Winter,1999,126188.0,23785000.0,188488.60430468823
Nadia,Autumn,2000,53425.0,9884000.0,185007.01918577446
Nadia,Summer,2000,147670.0,50635700.0,342897.67725333513
Nadia,Winter,2000,28092.0,4480000.0,159476.0074042432
Nadia,Autumn,2001,55580.0,12426400.0,223576.82619647356
Nadia,Summer,2001,156157.0,53453900.0,342308.70213951345
Nadia,Winter,2001,129902.0,29992400.0,230884.82086495974
Nadia,Autumn,2002,55185.0,11869300.0,215081.99691945277
Nadia,Summer,2002,158907.0,55277600.0,347861.3276948152
Nadia,Winter,2002,127639.0,32758600.0,256650.39682228785
Nadia,Autumn,2003,61458.0,13535800.0,220244.71997136256
Nadia,Summer,2003,118822.0,39736800.0,334422.9183147902
Nadia,Winter,2003,129396.0,30736400.0,237537.48183869672
Nadia,Autumn,2004,56617.0,12380500.0,218671.0705265203
Nadia,Summer,2004,109866.0,36651000.0,333597.2912456993
Nadia,Winter,2004,119648.0,27335900.0,228469.34340732815
Nadia,Autumn,2005,46201.0,10183700.0,220421.63589532694
Nadia,Summer,2005,107541.0,34980800.0,325278.7309026325
Nadia,Winter,2005,111671.0,28079100.0,251444.86930357927
Nadia,Autumn,2006,41389.0,9335200.0,225547.85087825268
Nadia,Summer,2006,101085.0,35210100.0,348321.709452441
Nadia,Winter,2006,107837.0,23224400.0,215365.78354368167
Nadia,Autumn,2007,45870.0,10234500.0,223119.68606932636
Nadia,Summer,2007,104250.0,35720900.0,342646.5227817746
Nadia,Winter,2007,90625.0,22346900.0,246586.4827586207
Nadia,Autumn,2008,56861.0,13267600.0,233333.91955822092
Nadia,Summer,2008,104873.0,36587800.0,348877.21339143533
Nadia,Winter,2008,115484.0,30096900.0,260615.32333483428
Nadia,Autumn,2009,43801.0,9944300.0,227033.6293691925
Nadia,Summer,2009,96531.0,32292500.0,334529.8401549761
Nadia,Winter,2009,98490.0,24249700.0,246214.84414661388
Nadia,Autumn,2010,48392.0,10064000.0,207968.25921639943
Nadia,Summer,2010,98567.0,34809500.0,353155.72148893645
Nadia,Winter,2010,88778.0,20173300.0,227233.0982901169
Nadia,Autumn,2011,47487.0,10492300.0,220950.9971149999
Nadia,Summer,2011,97703.0,35015500.0,358387.15290216263
Nadia,Winter,2011,106951.0,28940800.0,270598.68537928583
Nadia,Autumn,2012,47478.0,10513100.0,221430.97855849023
Nadia,Summer,2012,95233.0,35765300.0,375555.7422322094
Nadia,Winter,2012,90144.0,20551100.0,227980.7862974796
Nadia,Autumn,2013,47696.0,11453100.0,240127.0546796377
Nadia,Summer,2013,94331.0,35102400.0,372119.451717887
Nadia,Winter,2013,97006.0,26886200.0,277160.17565923755
Nadia,Autumn,2014,49599.0,13290000.0,267948.9505836811
Nadia,Summer,2014,98286.0,37482400.0,381360.519300816
Nadia,Winter,2014,94963.0,27313700.0,287624.65381253755
Nadia,Autumn,2015,49081.0,12114500.0,246826.67427314032
Nadia,Summer,2015,91857.0,33260000.0,362084.54445496807
Nadia,Winter,2015,96189.0,28932400.0,300786.992275624
Nadia,Autumn,2016,51842.0,13802100.0,266233.94159175956
Nadia,Summer,2016,82179.0,31166100.0,379246.5228343007
Nadia,Winter,2016,92143.0,28427100.0,308510.68447955896
Nadia,Autumn,2017,51976.0,14767100.0,284113.821763891
Nadia,Summer,2017,94808.0,34331400.0,362115.0113914438
Nadia,Winter,2017,95876.0,31331800.0,326795.02690975845
Nadia,Autumn,2018,41868.0,11024100.0,263306.1049011178
Nadia,Summer,2018,93154.0,34742400.0,372956.6094853683
Nadia,Winter,2018,94639.0,30223100.0,319351.4301714938
Nadia,Autumn,2019,41858.0,10661700.0,254711.16632423908
Nadia,Summer,2019,81198.0,31004700.0,381840.68573117565
Nadia,Winter,2019,93424.0,30636800.0,327932.8652166467
Paschim Bardhaman,Autumn,2016,1615.0,472400.0,292507.7399380805
Paschim Bardhaman,Summer,2016,364.0,120000.0,329670.3296703297
Paschim Bardhaman,Winter,2016,40518.0,13804400.0,340697.9613998716
Paschim Bardhaman,Autumn,2017,15.0,4300.0,286666.6666666667
Paschim Bardhaman,Summer,2017,383.0,134800.0,351958.2245430809
Paschim Bardhaman,Winter,2017,40219.0,12843500.0,319339.1183271588
Paschim Bardhaman,Autumn,2018,100.0,31300.0,313000.0
Paschim Bardhaman,Summer,2018,515.0,184500.0,358252.427184466
Paschim Bardhaman,Winter,2018,42002.0,11066800.0,263482.69130041427
Paschim Bardhaman,Autumn,2019,65.0,19200.0,295384.6153846154
Paschim Bardhaman,Summer,2019,522.0,171800.0,329118.77394636016
Paschim Bardhaman,Winter,2019,40627.0,12556200.0,309060.4770226697
Purba Bardhaman,Autumn,1997,34675.0,9159000.0,264138.4282624369
Purba Bardhaman,Summer,1997,201048.0,69169000.0,344042.2187736262
Purba Bardhaman,Winter,1997,417834.0,114606000.0,274285.96045319433
Purba Bardhaman,Autumn,1998,34681.0,10148000.0,292609.7863383409
Purba Bardhaman,Summer,1998,249525.0,88228900.0,353587.4160905721
Purba Bardhaman,Winter,1998,416509.0,116152000.0,278870.32453080243
Purba Bardhaman,Autumn,1999,35163.0,8484000.0,241276.34160907773
Purba Bardhaman,Summer,1999,228995.0,77364000.0,337841.4375859735
Purba Bardhaman,Winter,1999,414208.0,100058000.0,241564.62453646478
Purba Bardhaman,Autumn,2000,18791.0,3407000.0,181310.2016922995
Purba Bardhaman,Summer,2000,219769.0,83930500.0,381903.27116199286
Purba Bardhaman,Winter,2000,344094.0,69802000.0,202857.3587449941
Purba Bardhaman,Autumn,2001,21097.0,5579700.0,264478.36185239605
Purba Bardhaman,Summer,2001,218525.0,71960300.0,329300.08008237043
Purba Bardhaman,Winter,2001,420467.0,115522200.0,274747.3642402376
Purba Bardhaman,Autumn,2002,26341.0,7620100.0,289286.6633764853
Purba Bardhaman,Summer,2002,216157.0,65028300.0,300838.279583821
Purba Bardhaman,Winter,2002,404986.0,120488900.0,297513.7412157457
Purba Bardhaman,Autumn,2003,18420.0,5177300.0,281069.48968512483
Purba Bardhaman,Summer,2003,215469.0,69920000.0,324501.4364015241
Purba Bardhaman,Winter,2003,421645.0,125708700.0,298138.7185902833
Purba Bardhaman,Autumn,2004,17119.0,5212800.0,304503.76774344296
Purba Bardhaman,Summer,2004,200398.0,60937900.0,304084.3720995219
Purba Bardhaman,Winter,2004,416657.0,123142100.0,295547.8967112037
Purba Bardhaman,Autumn,2005,14641.0,4460900.0,304685.47230380436
Purba Bardhaman,Summer,2005,207192.0,55839300.0,269505.0967218812
Purba Bardhaman,Winter,2005,417180.0,136549200.0,327314.8281317417
Purba Bardhaman,Autumn,2006,13530.0,4373100.0,323215.0776053215
Purba Bardhaman,Summer,2006,209769.0,72194800.0,344163.3415805005
Purba Bardhaman,Winter,2006,419514.0,120131000.0,286357.54706636723
Purba Bardhaman,Autumn,2007,17567.0,5188000.0,295326.464393465
Purba Bardhaman,Summer,2007,203741.0,67999800.0,333756.09229364735
Purba Bardhaman,Winter,2007,414468.0,112676200.0,271857.4172191822
Purba Bardhaman,Autumn,2008,15358.0,4452900.0,289940.09636671445
Purba Bardhaman,Summer,2008,233697.0,66142700.0,283027.59556177445
Purba Bardhaman,Winter,2008,417486.0,117021100.0,280299.4591435402
Purba Bardhaman,Autumn,2009,12066.0,3514100.0,291239.84750538704
Purba Bardhaman,Summer,2009,230750.0,74420600.0,322516.14301191765
Purba Bardhaman,Winter,2009,429698.0,127190600.0,295999.98138227314
Purba Bardhaman,Autumn,2010,9285.0,2647800.0,285169.62843295635
Purba Bardhaman,Summer,2010,189443.0,58586300.0,309255.5544411775
Purba Bardhaman,Winter,2010,364128.0,105360200.0,289349.3496792337
Purba Bardhaman,Autumn,2011,10169.0,3063800.0,301288.228931065
Purba Bardhaman,Summer,2011,169333.0,47633200.0,281298.97893499787
Purba Bardhaman,Winter,2011,413299.0,124234700.0,300592.791175396
Purba Bardhaman,Autumn,2012,9293.0,2876500.0,309534.05789303774
Purba Bardhaman,Summer,2012,163328.0,59249500.0,362763.8861677116
Purba Bardhaman,Winter,2012,420798.0,130119500.0,309220.8137871378
Purba Bardhaman,Autumn,2013,9356.0,2516300.0,268950.4061564771
Purba Bardhaman,Summer,2013,176219.0,66840700.0,379304.72877499025
Purba Bardhaman,Winter,2013,418616.0,132304900.0,316053.1370038412
Purba Bardhaman,Autumn,2014,13198.0,4436200.0,336126.68586149416
Purba Bardhaman,Summer,2014,150267.0,49053200.0,326440.26965335035
Purba Bardhaman,Winter,2014,419814.0,136113800.0,324224.0611318346
Purba Bardhaman,Autumn,2015,13142.0,4248100.0,323246.08126616955
Purba Bardhaman,Summer,2015,148014.0,48978000.0,330901.13097409706
Purba Bardhaman,Winter,2015,417317.0,141717300.0,339591.485609261
Purba Bardhaman,Autumn,2016,12388.0,3829400.0,309121.7307071359
Purba Bardhaman,Summer,2016,125719.0,29276400.0,232871.72185588494
Purba Bardhaman,Winter,2016,355335.0,118339400.0,333036.148986168
Purba Bardhaman,Autumn,2017,14592.0,4418800.0,302823.46491228073
Purba Bardhaman,Summer,2017,149145.0,53183500.0,356589.2252505951
Purba Bardhaman,Winter,2017,356876.0,102140600.0,286207.5342696062
Purba Bardhaman,Autumn,2018,14583.0,4453200.0,305369.26558321336
Purba Bardhaman,Summer,2018,152224.0,54564500.0,358448.7334454488
Purba Bardhaman,Winter,2018,358495.0,115445500.0,322028.2012301427
Purba Bardhaman,Autumn,2019,12710.0,1404000.0,110464.20141620771
Purba Bardhaman,Summer,2019,158631.0,61466200.0,387479.11820514273
Purba Bardhaman,Winter,2019,366490.0,130144500.0,355110.6442194876
Purulia,Autumn,1997,4327.0,635000.0,146752.9466142824
Purulia,Summer,1997,2995.0,713000.0,238063.4390651085
Purulia,Winter,1997,315095.0,59583000.0,189095.35219536966
Purulia,Autumn,1998,1561.0,125000.0,80076.8737988469
Purulia,Summer,1998,3060.0,404800.0,132287.58169934643
Purulia,Winter,1998,227172.0,33630000.0,148037.61026887115
Purulia,Autumn,1999,2306.0,340000.0,147441.4570685169
Purulia,Summer,1999,3576.0,865000.0,241890.3803131991
Purulia,Winter,1999,294107.0,53558000.0,182103.7921572761
Purulia,Autumn,2000,2632.0,262000.0,99544.07294832826
Purulia,Summer,2000,1023.0,245400.0,239882.69794721407
Purulia,Winter,2000,258531.0,46991000.0,181761.5682452008
Purulia,Autumn,2001,3132.0,725500.0,231641.1238825032
Purulia,Summer,2001,1213.0,218400.0,180049.46413849958
Purulia,Winter,2001,290378.0,73573000.0,253369.74564188748
Purulia,Autumn,2002,1290.0,269100.0,208604.65116279072
Purulia,Summer,2002,757.0,158300.0,209114.92734478205
Purulia,Winter,2002,228204.0,48257900.0,211468.2477081909
Purulia,Autumn,2003,1981.0,270700.0,136648.15749621403
Purulia,Summer,2003,1800.0,410400.0,228000.0
Purulia,Winter,2003,290796.0,63290800.0,217646.7351682967
Purulia,Autumn,2004,780.0,160400.0,205641.02564102563
Purulia,Summer,2004,1354.0,283600.0,209453.47119645495
Purulia,Winter,2004,287528.0,66927600.0,232768.98249909573
Purulia,Autumn,2005,1606.0,149700.0,93212.95143212951
Purulia,Summer,2005,1221.0,281800.0,230794.43079443078
Purulia,Winter,2005,264150.0,52458700.0,198594.3592655688
Purulia,Autumn,2006,1993.0,299200.0,150125.4390366282
Purulia,Summer,2006,1336.0,331900.0,248428.14371257485
Purulia,Winter,2006,277234.0,72508500.0,261542.5957855097
Purulia,Autumn,2007,2210.0,379500.0,171719.45701357466
Purulia,Summer,2007,2825.0,443700.0,157061.9469026549
Purulia,Winter,2007,308632.0,75994000.0,246228.51810570518
Purulia,Autumn,2008,2119.0,416900.0,196743.74705049553
Purulia,Summer,2008,1014.0,186900.0,184319.52662721896
Purulia,Winter,2008,297872.0,73814300.0,247805.4332062094
Purulia,Autumn,2009,162.0,13400.0,82716.04938271605
Purulia,Summer,2009,374.0,79500.0,212566.8449197861
Purulia,Winter,2009,265107.0,59784500.0,225510.8314755929
Purulia,Autumn,2010,122.0,3500.0,28688.524590163932
Purulia,Summer,2010,105.0,28100.0,267619.0476190476
Purulia,Winter,2010,152676.0,26143500.0,171235.16466242238
Purulia,Autumn,2011,200.0,24500.0,122500.0
Purulia,Summer,2011,122.0,30100.0,246721.31147540984
Purulia,Winter,2011,270270.0,73179900.0,270765.9007659008
Purulia,Autumn,2012,123.0,30800.0,250406.50406504064
Purulia,Summer,2012,280.0,87200.0,311428.5714285714
Purulia,Winter,2012,288735.0,72955300.0,252672.17344623964
Purulia,Autumn,2013,92.0,12800.0,139130.43478260867
Purulia,Summer,2013,516.0,127400.0,246899.22480620156
Purulia,Winter,2013,302274.0,73013600.0,241547.7348366052
Purulia,Autumn,2014,264.0,72100.0,273106.0606060606
Purulia,Summer,2014,306.0,80100.0,261764.70588235292
Purulia,Winter,2014,279151.0,59789900.0,214184.79604228536
Purulia,Autumn,2015,183.0,49600.0,271038.25136612024
Purulia,Summer,2015,516.0,62900.0,121899.22480620154
Purulia,Winter,2015,271430.0,49931400.0,183956.821279888
Purulia,Autumn,2016,284.0,72300.0,254577.46478873238
Purulia,Summer,2016,182.0,46600.0,256043.95604395602
Purulia,Winter,2016,276351.0,64862600.0,234710.92921682933
Purulia,Autumn,2017,252.0,58100.0,230555.55555555553
Purulia,Summer,2017,270.0,61700.0,228518.5185185185
Purulia,Winter,2017,272651.0,75027000.0,275175.9575427928
Purulia,Autumn,2018,546.0,137600.0,252014.65201465203
Purulia,Summer,2018,378.0,114400.0,302645.5026455026
Purulia,Winter,2018,281236.0,61502500.0,218686.44128063263
Purulia,Autumn,2019,346.0,80100.0,231502.89017341041
Purulia,Summer,2019,544.0,164400.0,302205.88235294115
Purulia,Winter,2019,285631.0,79428000.0,278079.06004600343
